step,epoch,train_loss,val_loss,val_acc,test_acc,train_acc
49,0,3.796513795852661,,,,
99,0,3.772322177886963,,,,
149,0,3.6251893043518066,,,,
199,0,3.1028895378112793,,,,
249,0,3.1087751388549805,,,,
299,0,3.0414412021636963,,,,
311,0,,2.005244016647339,0.27799999713897705,,
311,0,,,,0.3596999943256378,0.26024138927459717
349,1,3.3109898567199707,,,,
399,1,3.3643341064453125,,,,
449,1,3.208695888519287,,,,
499,1,3.0142860412597656,,,,
549,1,2.9554505348205566,,,,
599,1,3.0049123764038086,,,,
623,1,,1.8493685722351074,0.36410000920295715,,
623,1,,,,0.4724999964237213,0.3477313816547394
649,2,3.07503080368042,,,,
699,2,2.7956442832946777,,,,
749,2,2.8446688652038574,,,,
799,2,2.9522030353546143,,,,
849,2,2.8531742095947266,,,,
899,2,2.685407876968384,,,,
935,2,,1.7274953126907349,0.41600000858306885,,
935,2,,,,0.5379999876022339,0.39340445399284363
949,3,3.1234588623046875,,,,
999,3,2.7588183879852295,,,,
1049,3,3.09633731842041,,,,
1099,3,2.7327418327331543,,,,
1149,3,2.809267997741699,,,,
1199,3,3.061455726623535,,,,
1247,3,,1.7021799087524414,0.4341000020503998,,
1247,3,,,,0.5756000280380249,0.42953726649284363
1249,4,2.657677412033081,,,,
1299,4,2.792206287384033,,,,
1349,4,2.6946394443511963,,,,
1399,4,2.543198347091675,,,,
1449,4,2.7113735675811768,,,,
1499,4,2.6853389739990234,,,,
1549,4,2.8602163791656494,,,,
1559,4,,1.6500529050827026,0.45170000195503235,,
1559,4,,,,0.6219000220298767,0.4533253312110901
1599,5,2.5138542652130127,,,,
1649,5,2.4117164611816406,,,,
1699,5,2.7099084854125977,,,,
1749,5,2.5444297790527344,,,,
1799,5,2.2504825592041016,,,,
1849,5,2.4197142124176025,,,,
1871,5,,1.6748970746994019,0.44859999418258667,,
1871,5,,,,0.6179999709129333,0.4787660241127014
1899,6,2.516207695007324,,,,
1949,6,2.8816609382629395,,,,
1999,6,2.5818440914154053,,,,
2049,6,3.0726637840270996,,,,
2099,6,2.426260232925415,,,,
2149,6,2.60501766204834,,,,
2183,6,,1.676593542098999,0.461899995803833,,
2183,6,,,,0.6200000047683716,0.49419069290161133
2199,7,2.5330748558044434,,,,
2249,7,2.344633102416992,,,,
2299,7,2.3948938846588135,,,,
2349,7,2.5290491580963135,,,,
2399,7,2.60420560836792,,,,
2449,7,2.044257640838623,,,,
2495,7,,1.6134233474731445,0.4941999912261963,,
2495,7,,,,0.6762999892234802,0.5082131624221802
2499,8,1.9879131317138672,,,,
2549,8,2.6137890815734863,,,,
2599,8,2.4382662773132324,,,,
2649,8,2.5220303535461426,,,,
2699,8,2.1064839363098145,,,,
2749,8,2.1370389461517334,,,,
2799,8,2.137197494506836,,,,
2807,8,,1.6824045181274414,0.4812999963760376,,
2807,8,,,,0.6366999745368958,0.5131460428237915
2849,9,2.090402603149414,,,,
2899,9,2.15488862991333,,,,
2949,9,2.066939115524292,,,,
2999,9,2.2229690551757812,,,,
3049,9,2.3446547985076904,,,,
3099,9,2.4568824768066406,,,,
3119,9,,1.636725902557373,0.5167999863624573,,
3119,9,,,,0.7067999839782715,0.5225110054016113
3149,10,1.8037159442901611,,,,
3199,10,1.9353268146514893,,,,
3249,10,2.0330772399902344,,,,
3299,10,2.0286943912506104,,,,
3349,10,2.267094850540161,,,,
3399,10,2.126856803894043,,,,
3431,10,,1.706865668296814,0.5116000175476074,,
3431,10,,,,0.7160999774932861,0.5286458134651184
3449,11,1.8652853965759277,,,,
3499,11,1.6690573692321777,,,,
3549,11,2.0577263832092285,,,,
3599,11,1.8554191589355469,,,,
3649,11,1.9772295951843262,,,,
3699,11,1.7179542779922485,,,,
3743,11,,1.8084220886230469,0.5134999752044678,,
3743,11,,,,0.7139000296592712,0.5340544581413269
3749,12,1.78239107131958,,,,
3799,12,1.841443657875061,,,,
3849,12,1.9407095909118652,,,,
3899,12,1.8065305948257446,,,,
3949,12,1.6762549877166748,,,,
3999,12,1.3532464504241943,,,,
4049,12,1.7690517902374268,,,,
4055,12,,1.9291046857833862,0.5242999792098999,,
4055,12,,,,0.7240999937057495,0.5406149625778198
4099,13,1.748863697052002,,,,
4149,13,1.5024701356887817,,,,
4199,13,1.577276587486267,,,,
4249,13,1.6586682796478271,,,,
4299,13,1.6059818267822266,,,,
4349,13,1.7527509927749634,,,,
4367,13,,1.9113625288009644,0.5188999772071838,,
4367,13,,,,0.7006999850273132,0.5451722741127014
4399,14,1.488160490989685,,,,
4449,14,1.4959479570388794,,,,
4499,14,1.5672338008880615,,,,
4549,14,1.5664489269256592,,,,
4599,14,1.662243127822876,,,,
4649,14,1.6561610698699951,,,,
4679,14,,2.0791726112365723,0.5149999856948853,,
4679,14,,,,0.7001000046730042,0.5524339079856873
4699,15,1.5498929023742676,,,,
4749,15,1.3865351676940918,,,,
4799,15,1.600486159324646,,,,
4849,15,1.4446735382080078,,,,
4899,15,1.4708473682403564,,,,
4949,15,1.4900116920471191,,,,
4991,15,,2.077143430709839,0.5307999849319458,,
4991,15,,,,0.7450000047683716,0.5497546195983887
4999,16,1.5404889583587646,,,,
5049,16,1.4185121059417725,,,,
5099,16,1.3847804069519043,,,,
5149,16,1.3391594886779785,,,,
5199,16,1.4429998397827148,,,,
5249,16,1.5774239301681519,,,,
5299,16,1.6554765701293945,,,,
5303,16,,2.1919212341308594,0.5304999947547913,,
5303,16,,,,0.7411999702453613,0.5569661259651184
5349,17,1.39896821975708,,,,
5399,17,1.321718692779541,,,,
5449,17,1.176436424255371,,,,
5499,17,1.4342944622039795,,,,
5549,17,1.5017112493515015,,,,
5599,17,1.260899305343628,,,,
5615,17,,2.259826183319092,0.5360999703407288,,
5615,17,,,,0.7505000233650208,0.5612980723381042
5649,18,1.2478690147399902,,,,
5699,18,1.4080088138580322,,,,
5749,18,1.5241889953613281,,,,
5799,18,1.2765839099884033,,,,
5849,18,1.4065747261047363,,,,
5899,18,1.4883830547332764,,,,
5927,18,,2.2884154319763184,0.532800018787384,,
5927,18,,,,0.7603999972343445,0.5629507303237915
5949,19,1.1964043378829956,,,,
5999,19,1.1430532932281494,,,,
6049,19,1.358328938484192,,,,
6099,19,1.0991915464401245,,,,
6149,19,1.1267287731170654,,,,
6199,19,1.138493537902832,,,,
6239,19,,2.3768250942230225,0.5273000001907349,,
6239,19,,,,0.7537000179290771,0.5680338740348816
6249,20,1.3969032764434814,,,,
6299,20,1.293481469154358,,,,
6349,20,1.0695301294326782,,,,
6399,20,1.1961218118667603,,,,
6449,20,1.3461251258850098,,,,
6499,20,1.2758312225341797,,,,
6549,20,1.181656002998352,,,,
6551,20,,2.4999241828918457,0.5458999872207642,,
6551,20,,,,0.7714999914169312,0.5700871348381042
6599,21,1.1354131698608398,,,,
6649,21,1.072150707244873,,,,
6699,21,1.3101978302001953,,,,
6749,21,1.0680489540100098,,,,
6799,21,1.1128737926483154,,,,
6849,21,1.3096745014190674,,,,
6863,21,,2.59507417678833,0.5167999863624573,,
6863,21,,,,0.730400025844574,0.5728665590286255
6899,22,1.0047495365142822,,,,
6949,22,0.9996419548988342,,,,
6999,22,1.266880750656128,,,,
7049,22,1.148558497428894,,,,
7099,22,1.373145580291748,,,,
7149,22,1.2546485662460327,,,,
7175,22,,2.523362159729004,0.538100004196167,,
7175,22,,,,0.743399977684021,0.5746194124221802
7199,23,1.0317972898483276,,,,
7249,23,1.1434736251831055,,,,
7299,23,1.083890438079834,,,,
7349,23,0.8487190008163452,,,,
7399,23,1.0212671756744385,,,,
7449,23,0.9673641324043274,,,,
7487,23,,2.7336299419403076,0.5375999808311462,,
7487,23,,,,0.7562999725341797,0.5756460428237915
7499,24,1.1023309230804443,,,,
7549,24,0.9941729307174683,,,,
7599,24,1.0927467346191406,,,,
7649,24,1.1078664064407349,,,,
7699,24,0.9671907424926758,,,,
7749,24,1.0466699600219727,,,,
7799,24,0.9895409941673279,,,,
7799,24,,2.6244616508483887,0.5329999923706055,,
7799,24,,,,0.7524999976158142,0.5822315812110901
7849,25,1.2117592096328735,,,,
7899,25,1.0593011379241943,,,,
7949,25,1.0595694780349731,,,,
7999,25,0.993341326713562,,,,
8049,25,1.025709867477417,,,,
8099,25,1.0282483100891113,,,,
8111,25,,2.8408100605010986,0.5375999808311462,,
8111,25,,,,0.757099986076355,0.5842848420143127
8149,26,0.8591004610061646,,,,
8199,26,1.0759941339492798,,,,
8249,26,0.9304947257041931,,,,
8299,26,0.9320754408836365,,,,
8349,26,0.9179664850234985,,,,
8399,26,1.0196455717086792,,,,
8423,26,,2.896796941757202,0.5418999791145325,,
8423,26,,,,0.7615000009536743,0.5832081437110901
8449,27,0.9704179763793945,,,,
8499,27,0.9257656335830688,,,,
8549,27,1.0037596225738525,,,,
8599,27,1.1100226640701294,,,,
8649,27,1.1976664066314697,,,,
8699,27,1.0742707252502441,,,,
8735,27,,2.8484184741973877,0.5393999814987183,,
8735,27,,,,0.7450000047683716,0.5852614045143127
8749,28,1.001641035079956,,,,
8799,28,1.1535065174102783,,,,
8849,28,0.9068242311477661,,,,
8899,28,0.9474732875823975,,,,
8949,28,0.9280319213867188,,,,
8999,28,0.8717845678329468,,,,
9047,28,,2.9294514656066895,0.545199990272522,,
9047,28,,,,0.755299985408783,0.5876902937889099
9049,29,0.9361124038696289,,,,
9099,29,0.8840867877006531,,,,
9149,29,1.0048670768737793,,,,
9199,29,0.9536947011947632,,,,
9249,29,1.1130874156951904,,,,
9299,29,0.9454139471054077,,,,
9349,29,0.854974627494812,,,,
9359,29,,2.9785611629486084,0.5525000095367432,,
9359,29,,,,0.7922999858856201,0.5884414911270142
9399,30,0.8825806379318237,,,,
9449,30,0.9243420362472534,,,,
9499,30,0.881525993347168,,,,
9549,30,0.7935053706169128,,,,
9599,30,0.9112780094146729,,,,
9649,30,0.8793885111808777,,,,
9671,30,,2.8876936435699463,0.5557000041007996,,
9671,30,,,,0.7813000082969666,0.589768648147583
9699,31,0.863844633102417,,,,
9749,31,0.8402736186981201,,,,
9799,31,0.8563218116760254,,,,
9849,31,0.8809224367141724,,,,
9899,31,0.9921603202819824,,,,
9949,31,0.9292343854904175,,,,
9983,31,,3.1088831424713135,0.5444999933242798,,
9983,31,,,,0.7669000029563904,0.5945262312889099
9999,32,0.9563311338424683,,,,
10049,32,0.694746732711792,,,,
10099,32,0.906306266784668,,,,
10149,32,0.8396254181861877,,,,
10199,32,0.9130367636680603,,,,
10249,32,1.1072558164596558,,,,
10295,32,,3.0976624488830566,0.5498999953269958,,
10295,32,,,,0.7946000099182129,0.5938000679016113
10299,33,0.8384926319122314,,,,
10349,33,0.882114052772522,,,,
10399,33,0.842377781867981,,,,
10449,33,0.9642329812049866,,,,
10499,33,0.8962438106536865,,,,
10549,33,0.8086830377578735,,,,
10599,33,0.9148457646369934,,,,
10607,33,,3.383723497390747,0.5447999835014343,,
10607,33,,,,0.7612000107765198,0.5948517918586731
10649,34,0.8592336177825928,,,,
10699,34,0.8756673336029053,,,,
10749,34,0.8996011018753052,,,,
10799,34,0.8910702466964722,,,,
10849,34,0.8748652935028076,,,,
10899,34,1.0661425590515137,,,,
10919,34,,3.260751962661743,0.5526999831199646,,
10919,34,,,,0.7857999801635742,0.5952523946762085
10949,35,0.9904441833496094,,,,
10999,35,0.8024808764457703,,,,
11049,35,0.9111799001693726,,,,
11099,35,0.7938109636306763,,,,
11149,35,0.8688580989837646,,,,
11199,35,0.8026595115661621,,,,
11231,35,,3.2073006629943848,0.5514000058174133,,
11231,35,,,,0.7925000190734863,0.5958283543586731
11249,36,0.7331925630569458,,,,
11299,36,0.95050048828125,,,,
11349,36,0.826478123664856,,,,
11399,36,0.7029110193252563,,,,
11449,36,0.9963857531547546,,,,
11499,36,0.8787450790405273,,,,
11543,36,,3.2594645023345947,0.5493999719619751,,
11543,36,,,,0.7811999917030334,0.5957281589508057
11549,37,0.7475132942199707,,,,
11599,37,0.7049238085746765,,,,
11649,37,0.7841624021530151,,,,
11699,37,0.6390104293823242,,,,
11749,37,0.8505111336708069,,,,
11799,37,0.7243385314941406,,,,
11849,37,0.7773309350013733,,,,
11855,37,,3.403900384902954,0.5455999970436096,,
11855,37,,,,0.781000018119812,0.5990084409713745
11899,38,0.970241904258728,,,,
11949,38,0.9355148673057556,,,,
11999,38,0.9255529046058655,,,,
12049,38,0.8471627235412598,,,,
12099,38,0.6759989857673645,,,,
12149,38,0.927456796169281,,,,
12167,38,,3.2554280757904053,0.5562999844551086,,
12167,38,,,,0.7901999950408936,0.6007111668586731
12199,39,0.7346165180206299,,,,
12249,39,0.9106303453445435,,,,
12299,39,0.8862652778625488,,,,
12349,39,0.8167644143104553,,,,
12399,39,0.8482966423034668,,,,
12449,39,0.8953827619552612,,,,
12479,39,,3.3735718727111816,0.5630000233650208,,
12479,39,,,,0.8025000095367432,0.5981320142745972
12499,40,0.7818309664726257,,,,
12549,40,0.700249195098877,,,,
12599,40,0.8889067769050598,,,,
12649,40,0.7152760028839111,,,,
12699,40,0.783709704875946,,,,
12749,40,0.7121082544326782,,,,
12791,40,,3.4107937812805176,0.5758000016212463,,
12791,40,,,,0.8281000256538391,0.6168870329856873
12799,41,0.7329407930374146,,,,
12849,41,0.6921228170394897,,,,
12899,41,0.6319502592086792,,,,
12949,41,0.6521964073181152,,,,
12999,41,0.7189716100692749,,,,
13049,41,0.7147252559661865,,,,
13099,41,0.6832441091537476,,,,
13103,41,,3.536384344100952,0.5763000249862671,,
13103,41,,,,0.8263000249862671,0.6246744990348816
13149,42,0.8352019786834717,,,,
13199,42,0.6488534808158875,,,,
13249,42,0.7014564871788025,,,,
13299,42,0.5973925590515137,,,,
13349,42,0.719971776008606,,,,
13399,42,0.7037028074264526,,,,
13415,42,,3.5666663646698,0.579200029373169,,
13415,42,,,,0.829800009727478,0.6293569803237915
13449,43,0.6904168725013733,,,,
13499,43,0.6191130876541138,,,,
13549,43,0.6503124237060547,,,,
13599,43,0.7196528911590576,,,,
13649,43,0.6343501210212708,,,,
13699,43,0.6562774181365967,,,,
13727,43,,3.5942230224609375,0.5795000195503235,,
13727,43,,,,0.8277999758720398,0.6318109035491943
13749,44,0.6309607028961182,,,,
13799,44,0.685625433921814,,,,
13849,44,0.7788996696472168,,,,
13899,44,0.6480701565742493,,,,
13949,44,0.6678694486618042,,,,
13999,44,0.745439350605011,,,,
14039,44,,3.6597940921783447,0.579800009727478,,
14039,44,,,,0.8309999704360962,0.6346153616905212
14049,45,0.6162381172180176,,,,
14099,45,0.5035942792892456,,,,
14149,45,0.6867717504501343,,,,
14199,45,0.746701180934906,,,,
14249,45,0.6542485952377319,,,,
14299,45,0.6375042200088501,,,,
14349,45,0.47589385509490967,,,,
14351,45,,3.7043874263763428,0.5788999795913696,,
14351,45,,,,0.8291000127792358,0.6357171535491943
14399,46,0.6934056878089905,,,,
14449,46,0.6396393775939941,,,,
14499,46,0.7629023194313049,,,,
14549,46,0.5574643611907959,,,,
14599,46,0.6445004940032959,,,,
14649,46,0.717940092086792,,,,
14663,46,,3.706420421600342,0.5774999856948853,,
14663,46,,,,0.8302000164985657,0.6370943784713745
14699,47,0.7265181541442871,,,,
14749,47,0.6478976011276245,,,,
14799,47,0.65348881483078,,,,
14849,47,0.7253616452217102,,,,
14899,47,0.7073412537574768,,,,
14949,47,0.6100748777389526,,,,
14975,47,,3.800889730453491,0.578000009059906,,
14975,47,,,,0.8258000016212463,0.6408253312110901
14999,48,0.5829471945762634,,,,
15049,48,0.6550864577293396,,,,
15099,48,0.7440503835678101,,,,
15149,48,0.68523108959198,,,,
15199,48,0.5782407522201538,,,,
15249,48,0.5364941358566284,,,,
15287,48,,3.7806804180145264,0.5806999802589417,,
15287,48,,,,0.8299999833106995,0.6423026919364929
15299,49,0.6551499962806702,,,,
15349,49,0.8157491683959961,,,,
15399,49,0.5695938467979431,,,,
15449,49,0.7184972167015076,,,,
15499,49,0.7331550717353821,,,,
15549,49,0.6392520666122437,,,,
15599,49,0.5693787336349487,,,,
15599,49,,3.8084170818328857,0.5755000114440918,,
15599,49,,,,0.8240000009536743,0.6435546875
15649,50,0.7725986838340759,,,,
15699,50,0.635651171207428,,,,
15749,50,0.6634968519210815,,,,
15799,50,0.755517840385437,,,,
15849,50,0.6363293528556824,,,,
15899,50,0.5953826904296875,,,,
15911,50,,3.839599609375,0.5771999955177307,,
15911,50,,,,0.8252000212669373,0.6444811820983887
15949,51,0.6312229633331299,,,,
15999,51,0.7165248394012451,,,,
16049,51,0.6106154918670654,,,,
16099,51,0.6279516816139221,,,,
16149,51,0.6480247974395752,,,,
16199,51,0.5812321901321411,,,,
16223,51,,3.895270347595215,0.5789999961853027,,
16223,51,,,,0.829200029373169,0.6459585428237915
16249,52,0.576321005821228,,,,
16299,52,0.6799728274345398,,,,
16349,52,0.6087506413459778,,,,
16399,52,0.8136298060417175,,,,
16449,52,0.6264585256576538,,,,
16499,52,0.758202314376831,,,,
16535,52,,3.912360906600952,0.5763000249862671,,
16535,52,,,,0.8248000144958496,0.6470102071762085
16549,53,0.729080080986023,,,,
16599,53,0.5834611654281616,,,,
16649,53,0.7146692276000977,,,,
16699,53,0.5861188173294067,,,,
16749,53,0.6898099184036255,,,,
16799,53,0.5409321784973145,,,,
16847,53,,3.905961275100708,0.5767999887466431,,
16847,53,,,,0.8270999789237976,0.6481119990348816
16849,54,0.6443358063697815,,,,
16899,54,0.6282094717025757,,,,
16949,54,0.7357760071754456,,,,
16999,54,0.7318583726882935,,,,
17049,54,0.6778802275657654,,,,
17099,54,0.6598923206329346,,,,
17149,54,0.7393369674682617,,,,
17159,54,,3.9138448238372803,0.5770000219345093,,
17159,54,,,,0.8220000267028809,0.649489164352417
17199,55,0.61275315284729,,,,
17249,55,0.6918033957481384,,,,
17299,55,0.6469428539276123,,,,
17349,55,0.6065685749053955,,,,
17399,55,0.680662989616394,,,,
17449,55,0.6853998303413391,,,,
17471,55,,3.921210527420044,0.5776000022888184,,
17471,55,,,,0.8230999708175659,0.6521934866905212
17499,56,0.7330307364463806,,,,
17549,56,0.7620071172714233,,,,
17599,56,0.6836916208267212,,,,
17649,56,0.7382714748382568,,,,
17699,56,0.46535757184028625,,,,
17749,56,0.7931360006332397,,,,
17783,56,,3.95348858833313,0.5764999985694885,,
17783,56,,,,0.8220000267028809,0.6517428159713745
17799,57,0.7472488880157471,,,,
17849,57,0.660459041595459,,,,
17899,57,0.5206490159034729,,,,
17949,57,0.5573724508285522,,,,
17999,57,0.6289057731628418,,,,
18049,57,0.6361285448074341,,,,
18095,57,,3.9805140495300293,0.5784000158309937,,
18095,57,,,,0.8188999891281128,0.6546223759651184
18099,58,0.6447473764419556,,,,
18149,58,0.5667245388031006,,,,
18199,58,0.596916675567627,,,,
18249,58,0.6198369264602661,,,,
18299,58,0.5031994581222534,,,,
18349,58,0.7198928594589233,,,,
18399,58,0.5851691365242004,,,,
18407,58,,3.9631128311157227,0.5782999992370605,,
18407,58,,,,0.8220999836921692,0.6553235054016113
18449,59,0.5877680778503418,,,,
18499,59,0.5699009895324707,,,,
18549,59,0.6597238183021545,,,,
18599,59,0.5548853874206543,,,,
18649,59,0.7031738758087158,,,,
18699,59,0.5888917446136475,,,,
18719,59,,3.9749059677124023,0.5776000022888184,,
18719,59,,,,0.8213000297546387,0.6562750339508057
18749,60,0.7003587484359741,,,,
18799,60,0.5867066979408264,,,,
18849,60,0.6734033823013306,,,,
18899,60,0.5779294371604919,,,,
18949,60,0.524209201335907,,,,
18999,60,0.7065548300743103,,,,
19031,60,,3.986257791519165,0.5764999985694885,,
19031,60,,,,0.8252999782562256,0.6568760275840759
19049,61,0.5890146493911743,,,,
19099,61,0.4378930330276489,,,,
19149,61,0.6916519999504089,,,,
19199,61,0.6785628795623779,,,,
19249,61,0.5606133937835693,,,,
19299,61,0.6686301231384277,,,,
19343,61,,4.028762340545654,0.578000009059906,,
19343,61,,,,0.822700023651123,0.6595302224159241
19349,62,0.5692780017852783,,,,
19399,62,0.6186226010322571,,,,
19449,62,0.7903087735176086,,,,
19499,62,0.6457024812698364,,,,
19549,62,0.7193943858146667,,,,
19599,62,0.665114164352417,,,,
19649,62,0.6150804758071899,,,,
19655,62,,4.016068935394287,0.5752999782562256,,
19655,62,,,,0.8165000081062317,0.659254789352417
19699,63,0.5899392366409302,,,,
19749,63,0.5439077615737915,,,,
19799,63,0.6571768522262573,,,,
19849,63,0.6188936233520508,,,,
19899,63,0.5938882827758789,,,,
19949,63,0.7559585571289062,,,,
19967,63,,4.0030341148376465,0.5770000219345093,,
19967,63,,,,0.8212000131607056,0.6598307490348816
19999,64,0.6351429224014282,,,,
20049,64,0.6426882743835449,,,,
20099,64,0.5401288270950317,,,,
20149,64,0.5342363119125366,,,,
20199,64,0.6264699697494507,,,,
20249,64,0.5688257217407227,,,,
20279,64,,4.016613483428955,0.5777999758720398,,
20279,64,,,,0.8179000020027161,0.6617838740348816
20299,65,0.6834030151367188,,,,
20349,65,0.6206603646278381,,,,
20399,65,0.5941029787063599,,,,
20449,65,0.5194023847579956,,,,
20499,65,0.689254879951477,,,,
20549,65,0.677501916885376,,,,
20591,65,,4.0020833015441895,0.5781000256538391,,
20591,65,,,,0.8215000033378601,0.663010835647583
20599,66,0.643970251083374,,,,
20649,66,0.6295694708824158,,,,
20699,66,0.5586175918579102,,,,
20749,66,0.5963069200515747,,,,
20799,66,0.630794882774353,,,,
20849,66,0.6418874263763428,,,,
20899,66,0.6695989370346069,,,,
20903,66,,4.028012752532959,0.5770999789237976,,
20903,66,,,,0.821399986743927,0.6634114384651184
20949,67,0.5565096139907837,,,,
20999,67,0.6621476411819458,,,,
21049,67,0.6663588285446167,,,,
21099,67,0.36466556787490845,,,,
21149,67,0.6737912893295288,,,,
21199,67,0.6227136254310608,,,,
21215,67,,3.990183115005493,0.5767999887466431,,
21215,67,,,,0.8191999793052673,0.6646384000778198
21249,68,0.5580817461013794,,,,
21299,68,0.6834539175033569,,,,
21349,68,0.5808099508285522,,,,
21399,68,0.4839605391025543,,,,
21449,68,0.5644296407699585,,,,
21499,68,0.5101507306098938,,,,
21527,68,,4.03060245513916,0.5770999789237976,,
21527,68,,,,0.8184999823570251,0.6643880009651184
21549,69,0.5531674027442932,,,,
21599,69,0.49919623136520386,,,,
21649,69,0.5110576152801514,,,,
21699,69,0.5585581064224243,,,,
21749,69,0.5467398166656494,,,,
21799,69,0.7127946615219116,,,,
21839,69,,4.03194522857666,0.5745999813079834,,
21839,69,,,,0.8111000061035156,0.6673928499221802
21849,70,0.37664011120796204,,,,
21899,70,0.4632672071456909,,,,
21949,70,0.5684851408004761,,,,
21999,70,0.4608096480369568,,,,
22049,70,0.4900466203689575,,,,
22099,70,0.48740261793136597,,,,
22149,70,0.5269612073898315,,,,
22151,70,,3.99833083152771,0.5763000249862671,,
22151,70,,,,0.8188999891281128,0.6666917204856873
22199,71,0.555286169052124,,,,
22249,71,0.5200258493423462,,,,
22299,71,0.5394386649131775,,,,
22349,71,0.5141010284423828,,,,
22399,71,0.5432985424995422,,,,
22449,71,0.45637592673301697,,,,
22463,71,,4.021875381469727,0.5767999887466431,,
22463,71,,,,0.8149999976158142,0.6665664911270142
22499,72,0.5497994422912598,,,,
22549,72,0.49108272790908813,,,,
22599,72,0.5415557622909546,,,,
22649,72,0.5131796598434448,,,,
22699,72,0.41099101305007935,,,,
22749,72,0.4801732897758484,,,,
22775,72,,3.9864578247070312,0.5773000121116638,,
22775,72,,,,0.8166999816894531,0.668043851852417
22799,73,0.4566364288330078,,,,
22849,73,0.4814029037952423,,,,
22899,73,0.4821811020374298,,,,
22949,73,0.38560181856155396,,,,
22999,73,0.5039548873901367,,,,
23049,73,0.41562849283218384,,,,
23087,73,,4.0163254737854,0.5713000297546387,,
23087,73,,,,0.8181999921798706,0.6684194803237915
23099,74,0.4890584349632263,,,,
23149,74,0.4343067407608032,,,,
23199,74,0.4276053309440613,,,,
23249,74,0.40540751814842224,,,,
23299,74,0.34850430488586426,,,,
23349,74,0.45747706294059753,,,,
23399,74,0.37208160758018494,,,,
23399,74,,4.020720958709717,0.5713000297546387,,
23399,74,,,,0.807699978351593,0.6720502972602844
23449,75,0.28645747900009155,,,,
23499,75,0.3598792552947998,,,,
23549,75,0.3919835686683655,,,,
23599,75,0.4831332564353943,,,,
23649,75,0.4013160169124603,,,,
23699,75,0.35725563764572144,,,,
23711,75,,4.033562660217285,0.5723000168800354,,
23711,75,,,,0.815500020980835,0.6720753312110901
23749,76,0.4025305211544037,,,,
23799,76,0.4415561258792877,,,,
23849,76,0.2805168628692627,,,,
23899,76,0.3786557912826538,,,,
23949,76,0.4029753804206848,,,,
23999,76,0.3575435280799866,,,,
24023,76,,4.034529209136963,0.574400007724762,,
24023,76,,,,0.814300000667572,0.6720002293586731
24049,77,0.4390674829483032,,,,
24099,77,0.2791439890861511,,,,
24149,77,0.3215317726135254,,,,
24199,77,0.42036688327789307,,,,
24249,77,0.3523319363594055,,,,
24299,77,0.3449835181236267,,,,
24335,77,,4.018296718597412,0.5756000280380249,,
24335,77,,,,0.8216999769210815,0.6734775900840759
24349,78,0.34157392382621765,,,,
24399,78,0.38197898864746094,,,,
24449,78,0.3077845871448517,,,,
24499,78,0.3111615777015686,,,,
24549,78,0.24838948249816895,,,,
24599,78,0.48866766691207886,,,,
24647,78,,4.034151554107666,0.572700023651123,,
24647,78,,,,0.8198000192642212,0.6725260615348816
24649,79,0.26057031750679016,,,,
24699,79,0.29954490065574646,,,,
24749,79,0.3109998404979706,,,,
24799,79,0.337009996175766,,,,
24849,79,0.2732146978378296,,,,
24899,79,0.31939077377319336,,,,
24949,79,0.40390005707740784,,,,
24959,79,,4.053592681884766,0.5758000016212463,,
24959,79,,,,0.8184000253677368,0.6740034222602844
24999,80,0.26946425437927246,,,,
25049,80,0.32336461544036865,,,,
25099,80,0.3163039982318878,,,,
25149,80,0.39992374181747437,,,,
25199,80,0.31081268191337585,,,,
25249,80,0.36811935901641846,,,,
25271,80,,4.026598930358887,0.5745000243186951,,
25271,80,,,,0.8190000057220459,0.6758313179016113
25299,81,0.2446327656507492,,,,
25349,81,0.39969855546951294,,,,
25399,81,0.29768145084381104,,,,
25449,81,0.3176293969154358,,,,
25499,81,0.24128764867782593,,,,
25549,81,0.3297317922115326,,,,
25583,81,,4.022259712219238,0.5748999714851379,,
25583,81,,,,0.8181999921798706,0.6781100034713745
25599,82,0.271605521440506,,,,
25649,82,0.2944493889808655,,,,
25699,82,0.27062368392944336,,,,
25749,82,0.3156639337539673,,,,
25799,82,0.2803936004638672,,,,
25849,82,0.3346632122993469,,,,
25895,82,,4.037793159484863,0.5759000182151794,,
25895,82,,,,0.8187000155448914,0.6789112687110901
25899,83,0.24484936892986298,,,,
25949,83,0.2704155445098877,,,,
25999,83,0.26451575756073,,,,
26049,83,0.31100475788116455,,,,
26099,83,0.27010637521743774,,,,
26149,83,0.3297712206840515,,,,
26199,83,0.3129781484603882,,,,
26207,83,,4.0502610206604,0.5759000182151794,,
26207,83,,,,0.8194000124931335,0.6791366338729858
26249,84,0.38789263367652893,,,,
26299,84,0.3200904130935669,,,,
26349,84,0.23665297031402588,,,,
26399,84,0.2743415832519531,,,,
26449,84,0.1911427080631256,,,,
26499,84,0.299879789352417,,,,
26519,84,,4.043591022491455,0.5759999752044678,,
26519,84,,,,0.8184999823570251,0.6796374320983887
26549,85,0.2864497900009155,,,,
26599,85,0.27318093180656433,,,,
26649,85,0.33210352063179016,,,,
26699,85,0.1678573042154312,,,,
26749,85,0.2186889350414276,,,,
26799,85,0.1317739635705948,,,,
26831,85,,4.046187877655029,0.5751000046730042,,
26831,85,,,,0.8177000284194946,0.6792618036270142
26849,86,0.2790905833244324,,,,
26899,86,0.23472800850868225,,,,
26949,86,0.2759239673614502,,,,
26999,86,0.274397075176239,,,,
27049,86,0.22251862287521362,,,,
27099,86,0.25751107931137085,,,,
27143,86,,4.0367655754089355,0.5745999813079834,,
27143,86,,,,0.8197000026702881,0.6809895634651184
27149,87,0.25453656911849976,,,,
27199,87,0.21903353929519653,,,,
27249,87,0.2506482005119324,,,,
27299,87,0.3027169108390808,,,,
27349,87,0.22147546708583832,,,,
27399,87,0.2718292474746704,,,,
27449,87,0.2970896363258362,,,,
27455,87,,4.041793346405029,0.5753999948501587,,
27455,87,,,,0.8191999793052673,0.6799378991127014
27499,88,0.3168911933898926,,,,
27549,88,0.29101449251174927,,,,
27599,88,0.26176244020462036,,,,
27649,88,0.22732987999916077,,,,
27699,88,0.22045615315437317,,,,
27749,88,0.2686833143234253,,,,
27767,88,,4.05207633972168,0.5745999813079834,,
27767,88,,,,0.8183000087738037,0.6809144616127014
27799,89,0.2893509566783905,,,,
27849,89,0.2723372280597687,,,,
27899,89,0.3316222131252289,,,,
27949,89,0.2342364490032196,,,,
27999,89,0.23152321577072144,,,,
28049,89,0.1946355104446411,,,,
28079,89,,4.069605350494385,0.5752999782562256,,
28079,89,,,,0.8185999989509583,0.6820913553237915
28099,90,0.1921640783548355,,,,
28149,90,0.23435170948505402,,,,
28199,90,0.2117900550365448,,,,
28249,90,0.19575397670269012,,,,
28299,90,0.27624911069869995,,,,
28349,90,0.1814938485622406,,,,
28391,90,,4.057457447052002,0.5755000114440918,,
28391,90,,,,0.8176000118255615,0.6806640625
28399,91,0.3519463539123535,,,,
28449,91,0.2548571228981018,,,,
28499,91,0.31599652767181396,,,,
28549,91,0.20555183291435242,,,,
28599,91,0.16865622997283936,,,,
28649,91,0.1690712571144104,,,,
28699,91,0.22528746724128723,,,,
28703,91,,4.061300277709961,0.5759999752044678,,
28703,91,,,,0.8183000087738037,0.6809394955635071
28749,92,0.20872563123703003,,,,
28799,92,0.22568364441394806,,,,
28849,92,0.2821102440357208,,,,
28899,92,0.22310493886470795,,,,
28949,92,0.2860890030860901,,,,
28999,92,0.25455209612846375,,,,
29015,92,,4.069881916046143,0.5756999850273132,,
29015,92,,,,0.8198999762535095,0.6798878312110901
29049,93,0.2702895402908325,,,,
29099,93,0.16982480883598328,,,,
29149,93,0.20986880362033844,,,,
29199,93,0.3280028700828552,,,,
29249,93,0.20243783295154572,,,,
29299,93,0.1793622374534607,,,,
29327,93,,4.05587100982666,0.5756000280380249,,
29327,93,,,,0.8187999725341797,0.6798878312110901
29349,94,0.20114730298519135,,,,
29399,94,0.2349427342414856,,,,
29449,94,0.23096789419651031,,,,
29499,94,0.3098672032356262,,,,
29549,94,0.13212668895721436,,,,
29599,94,0.19935858249664307,,,,
29639,94,,4.0705246925354,0.5763000249862671,,
29639,94,,,,0.8184999823570251,0.6821664571762085
29649,95,0.2046961486339569,,,,
29699,95,0.286963552236557,,,,
29749,95,0.2502177953720093,,,,
29799,95,0.26975372433662415,,,,
29849,95,0.17700618505477905,,,,
29899,95,0.24554717540740967,,,,
29949,95,0.27442508935928345,,,,
29951,95,,4.050755023956299,0.5777000188827515,,
29951,95,,,,0.8216999769210815,0.6821163892745972
29999,96,0.11488800495862961,,,,
30049,96,0.3040934205055237,,,,
30099,96,0.27078691124916077,,,,
30149,96,0.19598768651485443,,,,
30199,96,0.27385684847831726,,,,
30249,96,0.15762537717819214,,,,
30263,96,,4.076253890991211,0.576200008392334,,
30263,96,,,,0.8183000087738037,0.6807892918586731
30299,97,0.16339775919914246,,,,
30349,97,0.156352236866951,,,,
30399,97,0.2905210852622986,,,,
30449,97,0.2502579391002655,,,,
30499,97,0.24229556322097778,,,,
30549,97,0.22117474675178528,,,,
30575,97,,4.065830707550049,0.5758000016212463,,
30575,97,,,,0.8187999725341797,0.6828675866127014
30599,98,0.11766208708286285,,,,
30649,98,0.2321797013282776,,,,
30699,98,0.136932373046875,,,,
30749,98,0.27428925037384033,,,,
30799,98,0.2308937907218933,,,,
30849,98,0.1866697072982788,,,,
30887,98,,4.078599452972412,0.5753999948501587,,
30887,98,,,,0.8183000087738037,0.6822916865348816
30899,99,0.24419189989566803,,,,
30949,99,0.12030615657567978,,,,
30999,99,0.21688325703144073,,,,
31049,99,0.20879550278186798,,,,
31099,99,0.25658348202705383,,,,
31149,99,0.16485103964805603,,,,
31199,99,0.15217605233192444,,,,
31199,99,,4.088343620300293,0.5763000249862671,,
31199,99,,,,0.8195000290870667,0.6821163892745972
31249,100,0.182284414768219,,,,
31299,100,0.2673701345920563,,,,
31349,100,0.1510772854089737,,,,
31399,100,0.34063953161239624,,,,
31449,100,0.19667917490005493,,,,
31499,100,0.1697346270084381,,,,
31511,100,,4.090592384338379,0.5751000046730042,,
31511,100,,,,0.8184000253677368,0.6817407608032227
31549,101,0.2177623212337494,,,,
31599,101,0.216608464717865,,,,
31649,101,0.267408162355423,,,,
31699,101,0.18515600264072418,,,,
31749,101,0.17486810684204102,,,,
31799,101,0.30991142988204956,,,,
31823,101,,4.089282989501953,0.5758000016212463,,
31823,101,,,,0.8208000063896179,0.6812149286270142
31849,102,0.16447772085666656,,,,
31899,102,0.20143213868141174,,,,
31949,102,0.19758346676826477,,,,
31999,102,0.24557270109653473,,,,
32049,102,0.29216259717941284,,,,
32099,102,0.17939476668834686,,,,
32135,102,,4.079057216644287,0.5745999813079834,,
32135,102,,,,0.8177000284194946,0.6821914911270142
32149,103,0.22219935059547424,,,,
32199,103,0.22225090861320496,,,,
32249,103,0.25143569707870483,,,,
32299,103,0.13934725522994995,,,,
32349,103,0.2408210039138794,,,,
32399,103,0.20076026022434235,,,,
32447,103,,4.088498115539551,0.5741000175476074,,
32447,103,,,,0.8190000057220459,0.6828926205635071
32449,104,0.27043837308883667,,,,
32499,104,0.1926019936800003,,,,
32549,104,0.15229927003383636,,,,
32599,104,0.2101215124130249,,,,
32649,104,0.22065477073192596,,,,
32699,104,0.1796806901693344,,,,
32749,104,0.21294929087162018,,,,
32759,104,,4.082724094390869,0.5759999752044678,,
32759,104,,,,0.819599986076355,0.682692289352417
32799,105,0.24251888692378998,,,,
32849,105,0.1324966996908188,,,,
32899,105,0.1380581110715866,,,,
32949,105,0.18512634932994843,,,,
32999,105,0.1428230255842209,,,,
33049,105,0.20759235322475433,,,,
33071,105,,4.1072235107421875,0.574999988079071,,
33071,105,,,,0.819599986076355,0.6832932829856873
33099,106,0.15201856195926666,,,,
33149,106,0.17130742967128754,,,,
33199,106,0.19490742683410645,,,,
33249,106,0.17146524786949158,,,,
33299,106,0.26712244749069214,,,,
33349,106,0.17135247588157654,,,,
33383,106,,4.118979454040527,0.5752999782562256,,
33383,106,,,,0.8194000124931335,0.6831430196762085
33399,107,0.1377306878566742,,,,
33449,107,0.12952099740505219,,,,
33499,107,0.15970036387443542,,,,
33549,107,0.24581336975097656,,,,
33599,107,0.1805877536535263,,,,
33649,107,0.25644123554229736,,,,
33695,107,,4.112433433532715,0.574999988079071,,
33695,107,,,,0.819599986076355,0.6827674508094788
33699,108,0.15951378643512726,,,,
33749,108,0.18292957544326782,,,,
33799,108,0.18332280218601227,,,,
33849,108,0.1634719967842102,,,,
33899,108,0.21166712045669556,,,,
33949,108,0.21386303007602692,,,,
33999,108,0.19850556552410126,,,,
34007,108,,4.108484745025635,0.5746999979019165,,
34007,108,,,,0.8162999749183655,0.6834434866905212
34049,109,0.18296541273593903,,,,
34099,109,0.15997204184532166,,,,
34149,109,0.16411235928535461,,,,
34199,109,0.18781457841396332,,,,
34249,109,0.1772938370704651,,,,
34299,109,0.09918992221355438,,,,
34319,109,,4.097836971282959,0.5741000175476074,,
34319,109,,,,0.8165000081062317,0.6828425526618958
34349,110,0.20737938582897186,,,,
34399,110,0.16429343819618225,,,,
34449,110,0.21873055398464203,,,,
34499,110,0.2171473652124405,,,,
34549,110,0.32436585426330566,,,,
34599,110,0.14398029446601868,,,,
34631,110,,4.112760066986084,0.5752000212669373,,
34631,110,,,,0.8169000148773193,0.6832181215286255
34649,111,0.18575045466423035,,,,
34699,111,0.19611552357673645,,,,
34749,111,0.3072088360786438,,,,
34799,111,0.1845589578151703,,,,
34849,111,0.19199597835540771,,,,
34899,111,0.16240651905536652,,,,
34943,111,,4.1175665855407715,0.5755000114440918,,
34943,111,,,,0.8180000185966492,0.6843950152397156
34949,112,0.1473550796508789,,,,
34999,112,0.1840687394142151,,,,
35049,112,0.19615183770656586,,,,
35099,112,0.12055736780166626,,,,
35149,112,0.1685761660337448,,,,
35199,112,0.21440830826759338,,,,
35249,112,0.18154972791671753,,,,
35255,112,,4.106173992156982,0.5741999745368958,,
35255,112,,,,0.8180000185966492,0.6837690472602844
35299,113,0.12858784198760986,,,,
35349,113,0.20414382219314575,,,,
35399,113,0.23118409514427185,,,,
35449,113,0.16294649243354797,,,,
35499,113,0.23051106929779053,,,,
35549,113,0.18470677733421326,,,,
35567,113,,4.117376804351807,0.5753999948501587,,
35567,113,,,,0.8216999769210815,0.6850460767745972
35599,114,0.17165833711624146,,,,
35649,114,0.15992173552513123,,,,
35699,114,0.12563642859458923,,,,
35749,114,0.1658683866262436,,,,
35799,114,0.16543439030647278,,,,
35849,114,0.21483224630355835,,,,
35879,114,,4.118149757385254,0.5752000212669373,,
35879,114,,,,0.8195000290870667,0.6823167204856873
35899,115,0.14859074354171753,,,,
35949,115,0.1959441900253296,,,,
35999,115,0.08891382068395615,,,,
36049,115,0.22147420048713684,,,,
36099,115,0.23131857812404633,,,,
36149,115,0.21014082431793213,,,,
36191,115,,4.106200695037842,0.5759000182151794,,
36191,115,,,,0.8208000063896179,0.6834184527397156
36199,116,0.1641768366098404,,,,
36249,116,0.17442204058170319,,,,
36299,116,0.16373221576213837,,,,
36349,116,0.17631834745407104,,,,
36399,116,0.17826254665851593,,,,
36449,116,0.1710803210735321,,,,
36499,116,0.19046208262443542,,,,
36503,116,,4.112831115722656,0.57669997215271,,
36503,116,,,,0.8184000253677368,0.6841195821762085
36549,117,0.18296626210212708,,,,
36599,117,0.17767684161663055,,,,
36649,117,0.19199101626873016,,,,
36699,117,0.13695620000362396,,,,
36749,117,0.20460885763168335,,,,
36799,117,0.15759597718715668,,,,
36815,117,,4.112259387969971,0.5745999813079834,,
36815,117,,,,0.8172000050544739,0.6838191151618958
36849,118,0.15549950301647186,,,,
36899,118,0.23385316133499146,,,,
36949,118,0.24184991419315338,,,,
36999,118,0.15630489587783813,,,,
37049,118,0.13349398970603943,,,,
37099,118,0.14484155178070068,,,,
37127,118,,4.110410690307617,0.5745000243186951,,
37127,118,,,,0.8184000253677368,0.6843449473381042
37149,119,0.22381249070167542,,,,
37199,119,0.15262269973754883,,,,
37249,119,0.23912759125232697,,,,
37299,119,0.22178851068019867,,,,
37349,119,0.21217456459999084,,,,
37399,119,0.11104496568441391,,,,
37439,119,,4.107000827789307,0.5756999850273132,,
37439,119,,,,0.817300021648407,0.6845202445983887
