epoch,step,train_loss,val_acc,val_loss,test_acc,train_acc
0,49,2.27488374710083,,,,
0,99,2.1253702640533447,,,,
0,149,2.214019536972046,,,,
0,199,1.9161797761917114,,,,
0,249,1.9920644760131836,,,,
0,299,1.955206036567688,,,,
0,311,,0.30239999294281006,1.8725824356079102,,
0,311,,,,0.33709999918937683,0.21719752252101898
1,349,1.8718042373657227,,,,
1,399,1.9633517265319824,,,,
1,449,2.0847654342651367,,,,
1,499,1.7337080240249634,,,,
1,549,1.803560495376587,,,,
1,599,1.925710678100586,,,,
1,623,,0.35350000858306885,1.768565058708191,,
1,623,,,,0.4027999937534332,0.3255709111690521
2,649,1.7835613489151,,,,
2,699,1.5891791582107544,,,,
2,749,1.8069581985473633,,,,
2,799,1.7412937879562378,,,,
2,849,1.6219604015350342,,,,
2,899,1.7315019369125366,,,,
2,935,,0.42419999837875366,1.643462896347046,,
2,935,,,,0.46709999442100525,0.3916015625
3,949,1.686279535293579,,,,
3,999,1.5991904735565186,,,,
3,1049,1.6767582893371582,,,,
3,1099,1.6822401285171509,,,,
3,1149,1.5785046815872192,,,,
3,1199,1.70180082321167,,,,
3,1247,,0.4302999973297119,1.697031021118164,,
3,1247,,,,0.47679999470710754,0.4443359375
4,1249,1.5060235261917114,,,,
4,1299,1.6569205522537231,,,,
4,1349,1.5887888669967651,,,,
4,1399,1.355376958847046,,,,
4,1449,1.4584614038467407,,,,
4,1499,1.4056577682495117,,,,
4,1549,1.43168306350708,,,,
4,1559,,0.5037000179290771,1.4793555736541748,,
4,1559,,,,0.5662999749183655,0.48422476649284363
5,1599,1.3744534254074097,,,,
5,1649,1.4678680896759033,,,,
5,1699,1.4818634986877441,,,,
5,1749,1.3943008184432983,,,,
5,1799,1.3765335083007812,,,,
5,1849,1.3895399570465088,,,,
5,1871,,0.5227000117301941,1.4531328678131104,,
5,1871,,,,0.5888000130653381,0.5201321840286255
6,1899,1.3699675798416138,,,,
6,1949,1.440830945968628,,,,
6,1999,1.5913535356521606,,,,
6,2049,1.3830718994140625,,,,
6,2099,1.2413519620895386,,,,
6,2149,1.2565940618515015,,,,
6,2183,,0.574400007724762,1.3259786367416382,,
6,2183,,,,0.6488999724388123,0.5510566830635071
7,2199,1.219221591949463,,,,
7,2249,1.405811071395874,,,,
7,2299,1.462048053741455,,,,
7,2349,1.2433472871780396,,,,
7,2399,1.2770761251449585,,,,
7,2449,1.2579199075698853,,,,
7,2495,,0.5745000243186951,1.314346432685852,,
7,2495,,,,0.6477000117301941,0.5740184187889099
8,2499,1.3501700162887573,,,,
8,2549,1.262137532234192,,,,
8,2599,1.3194934129714966,,,,
8,2649,1.3017762899398804,,,,
8,2699,1.2107068300247192,,,,
8,2749,1.3277734518051147,,,,
8,2799,1.12608003616333,,,,
8,2807,,0.5752999782562256,1.3387670516967773,,
8,2807,,,,0.6520000100135803,0.5931239724159241
9,2849,1.4263319969177246,,,,
9,2899,1.4146995544433594,,,,
9,2949,1.2725392580032349,,,,
9,2999,1.3311885595321655,,,,
9,3049,1.1152269840240479,,,,
9,3099,1.2094489336013794,,,,
9,3119,,0.6004999876022339,1.2651619911193848,,
9,3119,,,,0.6945000290870667,0.6102012991905212
10,3149,1.1230559349060059,,,,
10,3199,1.022698163986206,,,,
10,3249,1.3827626705169678,,,,
10,3299,0.993339478969574,,,,
10,3349,1.0848444700241089,,,,
10,3399,1.349344253540039,,,,
10,3431,,0.6240000128746033,1.2157994508743286,,
10,3431,,,,0.7128999829292297,0.6236729025840759
11,3449,0.8569340109825134,,,,
11,3499,0.9217735528945923,,,,
11,3549,0.9831095933914185,,,,
11,3599,1.4333690404891968,,,,
11,3649,1.2869356870651245,,,,
11,3699,1.2999141216278076,,,,
11,3743,,0.6229000091552734,1.2206429243087769,,
11,3743,,,,0.7049999833106995,0.6404747366905212
12,3749,0.9760876893997192,,,,
12,3799,1.2511483430862427,,,,
12,3849,1.1521610021591187,,,,
12,3899,1.2995754480361938,,,,
12,3949,1.0228877067565918,,,,
12,3999,1.3809802532196045,,,,
12,4049,1.2248691320419312,,,,
12,4055,,0.6373000144958496,1.1780160665512085,,
12,4055,,,,0.7282999753952026,0.6510917544364929
13,4099,1.0931727886199951,,,,
13,4149,0.9565701484680176,,,,
13,4199,1.0641958713531494,,,,
13,4249,1.0234856605529785,,,,
13,4299,1.0097123384475708,,,,
13,4349,0.9680377244949341,,,,
13,4367,,0.6503999829292297,1.1466610431671143,,
13,4367,,,,0.7383999824523926,0.6624850034713745
14,4399,0.996337890625,,,,
14,4449,1.2558499574661255,,,,
14,4499,1.034427285194397,,,,
14,4549,1.1304552555084229,,,,
14,4599,1.0196620225906372,,,,
14,4649,1.0225251913070679,,,,
14,4679,,0.6571000218391418,1.137978196144104,,
14,4679,,,,0.7421000003814697,0.6737279891967773
15,4699,1.0246444940567017,,,,
15,4749,1.0689210891723633,,,,
15,4799,1.019203543663025,,,,
15,4849,1.2736496925354004,,,,
15,4899,1.148679494857788,,,,
15,4949,1.1672825813293457,,,,
15,4991,,0.6617000102996826,1.1156997680664062,,
15,4991,,,,0.7545999884605408,0.6836438179016113
16,4999,0.9837275743484497,,,,
16,5049,1.047446370124817,,,,
16,5099,0.9838851690292358,,,,
16,5149,1.103438377380371,,,,
16,5199,1.0313340425491333,,,,
16,5249,1.2128262519836426,,,,
16,5299,1.1787506341934204,,,,
16,5303,,0.6722000241279602,1.1015989780426025,,
16,5303,,,,0.7745000123977661,0.6922075152397156
17,5349,1.008347749710083,,,,
17,5399,0.9045698642730713,,,,
17,5449,1.055820345878601,,,,
17,5499,1.0342597961425781,,,,
17,5549,1.0045841932296753,,,,
17,5599,1.2918318510055542,,,,
17,5615,,0.6718999743461609,1.1116000413894653,,
17,5615,,,,0.7685999870300293,0.7006710767745972
18,5649,1.0457501411437988,,,,
18,5699,1.028437852859497,,,,
18,5749,0.9328750371932983,,,,
18,5799,1.07023286819458,,,,
18,5849,1.0305449962615967,,,,
18,5899,0.9115327596664429,,,,
18,5927,,0.6748999953269958,1.0962589979171753,,
18,5927,,,,0.7645000219345093,0.7075070142745972
19,5949,0.7350431084632874,,,,
19,5999,1.013365387916565,,,,
19,6049,1.0539737939834595,,,,
19,6099,0.8921365737915039,,,,
19,6149,1.1357752084732056,,,,
19,6199,0.9859287738800049,,,,
19,6239,,0.6884999871253967,1.0505892038345337,,
19,6239,,,,0.7857000231742859,0.7127904891967773
20,6249,1.068626880645752,,,,
20,6299,1.0283567905426025,,,,
20,6349,1.1080580949783325,,,,
20,6399,0.8927547335624695,,,,
20,6449,0.9390126466751099,,,,
20,6499,1.0942248106002808,,,,
20,6549,0.9323350191116333,,,,
20,6551,,0.6953999996185303,1.0625407695770264,,
20,6551,,,,0.8004000186920166,0.7203024625778198
21,6599,0.9931408762931824,,,,
21,6649,1.0770255327224731,,,,
21,6699,1.0835801362991333,,,,
21,6749,1.0053516626358032,,,,
21,6799,0.6720334887504578,,,,
21,6849,0.9830288887023926,,,,
21,6863,,0.6913999915122986,1.0729032754898071,,
21,6863,,,,0.7894999980926514,0.7278895974159241
22,6899,0.786439836025238,,,,
22,6949,0.9628512859344482,,,,
22,6999,0.705037534236908,,,,
22,7049,0.8806872963905334,,,,
22,7099,0.9646862149238586,,,,
22,7149,0.932720422744751,,,,
22,7175,,0.6812999844551086,1.0921393632888794,,
22,7175,,,,0.7849000096321106,0.7298427224159241
23,7199,0.9554535150527954,,,,
23,7249,1.0238876342773438,,,,
23,7299,1.022970199584961,,,,
23,7349,0.8218032717704773,,,,
23,7399,0.9017937183380127,,,,
23,7449,0.8378843069076538,,,,
23,7487,,0.694599986076355,1.052809238433838,,
23,7487,,,,0.8036999702453613,0.7366285920143127
24,7499,0.5855901837348938,,,,
24,7549,0.9162991642951965,,,,
24,7599,1.0984747409820557,,,,
24,7649,0.9474027752876282,,,,
24,7699,0.934219479560852,,,,
24,7749,0.975817859172821,,,,
24,7799,0.8634546995162964,,,,
24,7799,,0.7135000228881836,1.0124472379684448,,
24,7799,,,,0.8155999779701233,0.7410356402397156
25,8111,,0.7300000190734863,0.9804739952087402,,
25,8111,0.8888720273971558,,,0.8356999754905701,0.756437361240387
26,8149,0.7764009237289429,,,,
26,8199,0.6990234851837158,,,,
26,8249,0.5117915868759155,,,,
26,8299,0.36440640687942505,,,,
26,8349,0.4961065649986267,,,,
26,8357,,0.6556000113487244,2.1504995822906494,,
26,8357,,,,0.7509999871253967,0.7944296002388
27,8399,0.2354966104030609,,,,
27,8449,0.1027139201760292,,,,
27,8499,0.1804024875164032,,,,
27,8549,0.20587526261806488,,,,
27,8570,,0.6873999834060669,2.198507785797119,,
27,8570,,,,0.7886000275611877,0.920187771320343
28,8599,0.23641766607761383,,,,
28,8649,0.24340598285198212,,,,
28,8699,0.28838640451431274,,,,
28,8749,0.12580043077468872,,,,
28,8795,,0.6920999884605408,2.137075662612915,,
28,8795,,,,0.7968999743461609,0.9275694489479065
29,8799,0.1282123625278473,,,,
29,8849,0.20670223236083984,,,,
29,8899,0.3017970621585846,,,,
29,8949,0.10722622275352478,,,,
29,8999,0.21929770708084106,,,,
29,9021,,0.6743999719619751,2.444181203842163,,
29,9021,,,,0.772599995136261,0.9301369190216064
30,9049,0.1305779665708542,,,,
30,9099,0.1324210911989212,,,,
30,9149,0.1836436539888382,,,,
30,9199,0.24955607950687408,,,,
30,9242,,0.7135999798774719,2.100294351577759,,
30,9242,,,,0.8213000297546387,0.939161479473114
31,9249,0.22166571021080017,,,,
31,9299,0.2368318885564804,,,,
31,9349,0.20596836507320404,,,,
31,9399,0.10984567552804947,,,,
31,9449,0.2055988907814026,,,,
31,9474,,0.7184000015258789,2.057436466217041,,
31,9474,,,,0.8357999920845032,0.9369612336158752
32,9499,0.1336146742105484,,,,
32,9549,0.1488361358642578,,,,
32,9599,0.21702829003334045,,,,
32,9649,0.1830466389656067,,,,
32,9699,0.1785104125738144,,,,
32,9710,,0.7121000289916992,2.097425937652588,,
32,9710,,,,0.8294000029563904,0.9357454776763916
33,9749,0.1936345398426056,,,,
33,9799,0.20414233207702637,,,,
33,9849,0.1294495165348053,,,,
33,9899,0.19026803970336914,,,,
33,9946,,0.7206000089645386,2.0206186771392822,,
33,9946,,,,0.8385000228881836,0.940744161605835
34,9949,0.0957082137465477,,,,
34,9999,0.2779277265071869,,,,
34,10049,0.1889639049768448,,,,
34,10099,0.1328456550836563,,,,
34,10149,0.10341914743185043,,,,
34,10184,,0.7175999879837036,2.2450828552246094,,
34,10184,,,,0.8392000198364258,0.9417344927787781
35,10199,0.15416081249713898,,,,
35,10249,0.26818370819091797,,,,
35,10299,0.17976747453212738,,,,
35,10349,0.14531010389328003,,,,
35,10399,0.15103642642498016,,,,
35,10422,,0.7257999777793884,2.19940185546875,,
35,10422,,,,0.8464000225067139,0.9439338445663452
36,10449,0.13192316889762878,,,,
36,10499,0.24157921969890594,,,,
36,10549,0.18730725347995758,,,,
36,10599,0.18015095591545105,,,,
36,10649,0.30254486203193665,,,,
36,10663,,0.7146000266075134,2.2534008026123047,,
36,10663,,,,0.8273000121116638,0.9450855851173401
37,10699,0.08972148597240448,,,,
37,10749,0.18505756556987762,,,,
37,10799,0.1881745159626007,,,,
37,10849,0.21915093064308167,,,,
37,10899,0.10895758122205734,,,,
37,10900,,0.7311000227928162,2.062908172607422,,
37,10900,,,,0.8429999947547913,0.9470266103744507
38,10949,0.10883311927318573,,,,
38,10999,0.11167600750923157,,,,
38,11049,0.22449259459972382,,,,
38,11099,0.12402676045894623,,,,
38,11141,,0.7186999917030334,2.133307456970215,,
38,11141,,,,0.8271999955177307,0.9466091990470886
39,11149,0.06854774802923203,,,,
39,11199,0.16196349263191223,,,,
39,11249,0.15124429762363434,,,,
39,11299,0.09471780806779861,,,,
39,11349,0.10404086112976074,,,,
39,11381,,0.7287999987602234,2.1196541786193848,,
39,11381,,,,0.8428000211715698,0.947949230670929
40,11399,0.16371002793312073,,,,
40,11449,0.12749728560447693,,,,
40,11499,0.10785555094480515,,,,
40,11549,0.10670231282711029,,,,
40,11599,0.0734429731965065,,,,
40,11621,,0.7279000282287598,2.2248117923736572,,
40,11621,,,,0.8374999761581421,0.950488269329071
41,11649,0.19311381876468658,,,,
41,11699,0.05378931388258934,,,,
41,11749,0.07074454426765442,,,,
41,11799,0.1044083684682846,,,,
41,11849,0.15584774315357208,,,,
41,11862,,0.7372000217437744,2.112976312637329,,
41,11862,,,,0.8550999760627747,0.9530925750732422
42,11899,0.2697550356388092,,,,
42,11949,0.24426524341106415,,,,
42,11999,0.12579356133937836,,,,
42,12049,0.10674673318862915,,,,
42,12099,0.13006354868412018,,,,
42,12107,,0.7272999882698059,2.1207332611083984,,
42,12107,,,,0.8447999954223633,0.9516581892967224
43,12149,0.14051838219165802,,,,
43,12199,0.11353736370801926,,,,
43,12249,0.11698298901319504,,,,
43,12299,0.11127985268831253,,,,
43,12349,0.16399048268795013,,,,
43,12350,,0.7361999750137329,2.1165390014648438,,
43,12350,,,,0.8464000225067139,0.9551504850387573
44,12399,0.11792398989200592,,,,
44,12449,0.06804502755403519,,,,
44,12499,0.133805513381958,,,,
44,12549,0.1014552041888237,,,,
44,12595,,0.7379999756813049,2.0703768730163574,,
44,12595,,,,0.8539000153541565,0.9537308812141418
45,12599,0.06046801060438156,,,,
45,12649,0.15217985212802887,,,,
45,12699,0.08821599185466766,,,,
45,12749,0.07401170581579208,,,,
45,12799,0.08442877978086472,,,,
45,12840,,0.7296000123023987,2.229623794555664,,
45,12840,,,,0.8479999899864197,0.9562181234359741
46,12849,0.07800932228565216,,,,
46,12899,0.10724048316478729,,,,
46,12949,0.14129121601581573,,,,
46,12999,0.15646106004714966,,,,
46,13049,0.14119400084018707,,,,
46,13084,,0.7318000197410583,2.150575876235962,,
46,13084,,,,0.8496999740600586,0.9558145403862
47,13099,0.08037479966878891,,,,
47,13149,0.12121109664440155,,,,
47,13199,0.07000993192195892,,,,
47,13249,0.1586187332868576,,,,
47,13299,0.15568587183952332,,,,
47,13329,,0.7325000166893005,2.0649921894073486,,
47,13329,,,,0.8561000227928162,0.9536671042442322
48,13349,0.21744832396507263,,,,
48,13399,0.2132273018360138,,,,
48,13449,0.11747059226036072,,,,
48,13499,0.08597594499588013,,,,
48,13549,0.12597379088401794,,,,
48,13574,,0.7430999875068665,2.0801844596862793,,
48,13574,,,,0.8636999726295471,0.9566964507102966
49,13599,0.0947086289525032,,,,
49,13649,0.15850749611854553,,,,
49,13699,0.03418921306729317,,,,
49,13749,0.10374222695827484,,,,
49,13799,0.10443416237831116,,,,
49,13822,,0.7357000112533569,2.116750478744507,,
49,13822,,,,0.8518999814987183,0.9553301334381104
50,13849,0.10376137495040894,,,,
50,13899,0.1347746104001999,,,,
50,13949,0.14586083590984344,,,,
50,13999,0.15315592288970947,,,,
50,14049,0.06476990133523941,,,,
50,14068,,0.7361999750137329,2.1905014514923096,,
50,14068,,,,0.8569999933242798,0.9560149908065796
51,14099,0.07208278775215149,,,,
51,14149,0.18578790128231049,,,,
51,14199,0.07571908086538315,,,,
51,14249,0.20761284232139587,,,,
51,14299,0.11117380112409592,,,,
51,14314,,0.7343000173568726,2.191509485244751,,
51,14314,,,,0.8535000085830688,0.9568406939506531
52,14349,0.10336869210004807,,,,
52,14399,0.09669355303049088,,,,
52,14449,0.07971601188182831,,,,
52,14499,0.12117518484592438,,,,
52,14549,0.19436189532279968,,,,
52,14561,,0.7226999998092651,2.3072338104248047,,
52,14561,,,,0.8328999876976013,0.9581540822982788
53,14599,0.08112548291683197,,,,
53,14649,0.16903048753738403,,,,
53,14699,0.17513199150562286,,,,
53,14749,0.05323154851794243,,,,
53,14799,0.13063739240169525,,,,
53,14802,,0.7258999943733215,2.124349355697632,,
53,14802,,,,0.8438000082969666,0.9573716521263123
54,14849,0.15438972413539886,,,,
54,14899,0.12472071498632431,,,,
54,14949,0.08522477000951767,,,,
54,14999,0.10553257167339325,,,,
54,15046,,0.7329999804496765,2.034956932067871,,
54,15046,,,,0.8503999710083008,0.9571273326873779
55,15049,0.053227730095386505,,,,
55,15099,0.21862836182117462,,,,
55,15149,0.18539723753929138,,,,
55,15199,0.1105179488658905,,,,
55,15249,0.10049261897802353,,,,
55,15294,,0.7329000234603882,2.113288164138794,,
55,15294,,,,0.8507999777793884,0.9582598209381104
56,15299,0.045071039348840714,,,,
56,15349,0.12453461438417435,,,,
56,15399,0.17227323353290558,,,,
56,15449,0.053476233035326004,,,,
56,15499,0.05815186724066734,,,,
56,15541,,0.73089998960495,2.091463565826416,,
56,15541,,,,0.8508999943733215,0.9584387540817261
57,15549,0.14315059781074524,,,,
57,15599,0.07764920592308044,,,,
57,15649,0.13291098177433014,,,,
57,15699,0.25709548592567444,,,,
57,15749,0.11667193472385406,,,,
57,15789,,0.7368000149726868,2.067943572998047,,
57,15789,,,,0.8575999736785889,0.9568422436714172
58,15799,0.11882256716489792,,,,
58,15849,0.15377025306224823,,,,
58,15899,0.11895746737718582,,,,
58,15949,0.08227704465389252,,,,
58,15999,0.2010212242603302,,,,
58,16038,,0.7312999963760376,2.0887982845306396,,
58,16038,,,,0.8464000225067139,0.9571410417556763
59,16049,0.0751352533698082,,,,
59,16099,0.1017896980047226,,,,
59,16149,0.09672578424215317,,,,
59,16199,0.1595432460308075,,,,
59,16249,0.15017087757587433,,,,
59,16285,,0.7498999834060669,1.9641170501708984,,
59,16285,,,,0.8654000163078308,0.9615700840950012
60,16299,0.053321752697229385,,,,
60,16349,0.05773564800620079,,,,
60,16399,0.0920986607670784,,,,
60,16449,0.20394068956375122,,,,
60,16499,0.21731552481651306,,,,
60,16536,,0.7404000163078308,2.007878303527832,,
60,16536,,,,0.859499990940094,0.9595990777015686
61,16549,0.06909919530153275,,,,
61,16599,0.08538606762886047,,,,
61,16649,0.07078853994607925,,,,
61,16699,0.09481542557477951,,,,
61,16749,0.10576348751783371,,,,
61,16785,,0.7378000020980835,2.016416311264038,,
61,16785,,,,0.8568999767303467,0.9577999711036682
62,16799,0.10162819176912308,,,,
62,16849,0.10887245088815689,,,,
62,16899,0.1190912127494812,,,,
62,16949,0.11936964839696884,,,,
62,16999,0.1389523446559906,,,,
62,17033,,0.7350000143051147,2.0146920680999756,,
62,17033,,,,0.85589998960495,0.9615360498428345
63,17049,0.11739321798086166,,,,
63,17099,0.1282651573419571,,,,
63,17149,0.12598516047000885,,,,
63,17199,0.04856660217046738,,,,
63,17249,0.12451813369989395,,,,
63,17283,,0.7426999807357788,2.0426266193389893,,
63,17283,,,,0.8669000267982483,0.9604687690734863
64,17299,0.05333113297820091,,,,
64,17349,0.12669377028942108,,,,
64,17399,0.10727879405021667,,,,
64,17449,0.11120904237031937,,,,
64,17499,0.11570180207490921,,,,
64,17534,,0.7361000180244446,2.0588512420654297,,
64,17534,,,,0.8531000018119812,0.9621825218200684
65,17549,0.11353974789381027,,,,
65,17599,0.09265120327472687,,,,
65,17649,0.10989276319742203,,,,
65,17699,0.17304278910160065,,,,
65,17749,0.11890790611505508,,,,
65,17783,,0.7343000173568726,2.047752857208252,,
65,17783,,,,0.8449000120162964,0.9596824645996094
66,17799,0.12498224526643753,,,,
66,17849,0.1314762681722641,,,,
66,17899,0.11174711585044861,,,,
66,17949,0.156528502702713,,,,
66,17999,0.13024994730949402,,,,
66,18033,,0.7379000186920166,2.083081007003784,,
66,18033,,,,0.8572999835014343,0.960562527179718
67,18049,0.1300012320280075,,,,
67,18099,0.10970761626958847,,,,
67,18149,0.09562361240386963,,,,
67,18199,0.14661067724227905,,,,
67,18249,0.13718490302562714,,,,
67,18283,,0.7372999787330627,2.1342756748199463,,
67,18283,,,,0.857200026512146,0.9612812399864197
68,18299,0.10465864092111588,,,,
68,18349,0.11363591253757477,,,,
68,18399,0.14146395027637482,,,,
68,18449,0.09584242850542068,,,,
68,18499,0.10047484934329987,,,,
68,18534,,0.7360000014305115,2.103408098220825,,
68,18534,,,,0.8567000031471252,0.9615600109100342
69,18549,0.07075325399637222,,,,
69,18599,0.16240128874778748,,,,
69,18649,0.09586022049188614,,,,
69,18699,0.17325301468372345,,,,
69,18749,0.17494477331638336,,,,
69,18784,,0.7386999726295471,2.1581594944000244,,
69,18784,,,,0.8511999845504761,0.9631249904632568
70,18799,0.08339058607816696,,,,
70,18849,0.09527498483657837,,,,
70,18899,0.2169135957956314,,,,
70,18949,0.0940069630742073,,,,
70,18999,0.09755607694387436,,,,
70,19034,,0.732200026512146,2.096198558807373,,
70,19034,,,,0.8543999791145325,0.9609687328338623
71,19049,0.08384261280298233,,,,
71,19099,0.04513503611087799,,,,
71,19149,0.1792965978384018,,,,
71,19199,0.13880719244480133,,,,
71,19249,0.062015604227781296,,,,
71,19283,,0.7261000275611877,2.105762243270874,,
71,19283,,,,0.8438000082969666,0.9631965160369873
72,19299,0.1204630509018898,,,,
72,19349,0.10813923180103302,,,,
72,19399,0.10715560615062714,,,,
72,19449,0.10865442454814911,,,,
72,19499,0.09568429738283157,,,,
72,19532,,0.7314000129699707,2.184522867202759,,
72,19532,,,,0.8478999733924866,0.9629455208778381
73,19549,0.09369690716266632,,,,
73,19599,0.09793705493211746,,,,
73,19649,0.10870327055454254,,,,
73,19699,0.09951450675725937,,,,
73,19749,0.07259081304073334,,,,
73,19779,,0.7401000261306763,2.093411445617676,,
73,19779,,,,0.8614000082015991,0.9650493264198303
74,19799,0.1132442057132721,,,,
74,19849,0.09370752424001694,,,,
74,19899,0.10211838036775589,,,,
74,19949,0.1159704402089119,,,,
74,19999,0.07176302373409271,,,,
74,20031,,0.7373999953269958,2.0826377868652344,,
74,20031,,,,0.8582000136375427,0.9636346697807312
75,20049,0.08248038589954376,,,,
75,20099,0.08239565789699554,,,,
75,20149,0.0518462248146534,,,,
75,20199,0.09499827027320862,,,,
75,20249,0.13099704682826996,,,,
75,20282,,0.7361999750137329,1.9918404817581177,,
75,20282,,,,0.8528000116348267,0.9639878273010254
76,20299,0.09358124434947968,,,,
76,20349,0.07099040597677231,,,,
76,20399,0.07649283856153488,,,,
76,20449,0.12203098088502884,,,,
76,20499,0.14537538588047028,,,,
76,20533,,0.7450000047683716,2.1471688747406006,,
76,20533,,,,0.8628000020980835,0.9651394486427307
77,20549,0.05382995307445526,,,,
77,20599,0.09355410188436508,,,,
77,20649,0.15643425285816193,,,,
77,20699,0.11772648990154266,,,,
77,20749,0.2040204405784607,,,,
77,20786,,0.727400004863739,2.140838861465454,,
77,20786,,,,0.8418999910354614,0.9636548757553101
78,20799,0.1950647532939911,,,,
78,20849,0.12577489018440247,,,,
78,20899,0.10811372101306915,,,,
78,20949,0.1607525646686554,,,,
78,20999,0.142634779214859,,,,
78,21035,,0.743399977684021,2.103039503097534,,
78,21035,,,,0.864300012588501,0.9642633199691772
79,21049,0.06551409512758255,,,,
79,21099,0.1217576190829277,,,,
79,21149,0.06020687147974968,,,,
79,21199,0.1377733200788498,,,,
79,21249,0.13558804988861084,,,,
79,21288,,0.7411999702453613,2.068188190460205,,
79,21288,,,,0.8618999719619751,0.9636240005493164
80,21299,0.10057757049798965,,,,
80,21349,0.06921692937612534,,,,
80,21399,0.12233959138393402,,,,
80,21449,0.08362073451280594,,,,
80,21499,0.14315780997276306,,,,
80,21542,,0.7391999959945679,2.104336738586426,,
80,21542,,,,0.8659999966621399,0.9611835479736328
81,21549,0.09862805902957916,,,,
81,21599,0.09150812029838562,,,,
81,21649,0.1539812833070755,,,,
81,21699,0.1572342962026596,,,,
81,21749,0.14457572996616364,,,,
81,21795,,0.7427999973297119,2.1175637245178223,,
81,21795,,,,0.8640000224113464,0.963747501373291
82,21799,0.1129879429936409,,,,
82,21849,0.1291833221912384,,,,
82,21899,0.1752108335494995,,,,
82,21949,0.196555495262146,,,,
82,21999,0.0907258465886116,,,,
82,22049,0.12336225807666779,,,,
82,22049,,0.7422000169754028,2.1123123168945312,,
82,22049,,,,0.8626999855041504,0.965828001499176
83,22099,0.06954265385866165,,,,
83,22149,0.22038941085338593,,,,
83,22199,0.09457044303417206,,,,
83,22249,0.1662515252828598,,,,
83,22299,0.04558771476149559,,,,
83,22303,,0.7287999987602234,2.240903377532959,,
83,22303,,,,0.8496000170707703,0.9633365869522095
84,22349,0.1252865493297577,,,,
84,22399,0.06851901859045029,,,,
84,22449,0.08464515954256058,,,,
84,22499,0.09138257801532745,,,,
84,22549,0.07761672884225845,,,,
84,22555,,0.734000027179718,2.030776262283325,,
84,22555,,,,0.8568000197410583,0.9655258059501648
85,22599,0.0737098753452301,,,,
85,22649,0.06582585722208023,,,,
85,22699,0.14607639610767365,,,,
85,22749,0.08784330636262894,,,,
85,22799,0.11669988930225372,,,,
85,22806,,0.7427999973297119,2.138305187225342,,
85,22806,,,,0.8654999732971191,0.9647970795631409
86,22849,0.2328834980726242,,,,
86,22899,0.06633711606264114,,,,
86,22949,0.10292746126651764,,,,
86,22999,0.045667942613363266,,,,
86,23049,0.16920900344848633,,,,
86,23059,,0.7440000176429749,1.9986435174942017,,
86,23059,,,,0.8676999807357788,0.9641180634498596
87,23099,0.041726354509592056,,,,
87,23149,0.09618213772773743,,,,
87,23199,0.09937358647584915,,,,
87,23249,0.028078803792595863,,,,
87,23299,0.1354224532842636,,,,
87,23314,,0.7447999715805054,2.091667890548706,,
87,23314,,,,0.863099992275238,0.9656556248664856
88,23349,0.0723927691578865,,,,
88,23399,0.12959681451320648,,,,
88,23449,0.14079371094703674,,,,
88,23499,0.21893157064914703,,,,
88,23549,0.11723186820745468,,,,
88,23570,,0.7473000288009644,2.083561658859253,,
88,23570,,,,0.8687999844551086,0.96282958984375
89,23599,0.09586501866579056,,,,
89,23649,0.21160480380058289,,,,
89,23699,0.1432064026594162,,,,
89,23749,0.09070324152708054,,,,
89,23799,0.05449838563799858,,,,
89,23824,,0.7336000204086304,2.0947017669677734,,
89,23824,,,,0.8540999889373779,0.9636134505271912
90,23849,0.11573217064142227,,,,
90,23899,0.22176232933998108,,,,
90,23949,0.10406173765659332,,,,
90,23999,0.03884327411651611,,,,
90,24049,0.1250109076499939,,,,
90,24076,,0.7419000267982483,2.061062812805176,,
90,24076,,,,0.8676000237464905,0.9640377163887024
91,24099,0.07937759906053543,,,,
91,24149,0.1260640174150467,,,,
91,24199,0.08882942795753479,,,,
91,24249,0.08066879957914352,,,,
91,24299,0.09098350256681442,,,,
91,24331,,0.7347000241279602,2.100154161453247,,
91,24331,,,,0.8507999777793884,0.966911792755127
92,24349,0.15687213838100433,,,,
92,24399,0.2281595915555954,,,,
92,24449,0.08225569874048233,,,,
92,24499,0.04767204821109772,,,,
92,24549,0.09028549492359161,,,,
92,24585,,0.7382000088691711,2.0605030059814453,,
92,24585,,,,0.8575000166893005,0.9652435779571533
93,24599,0.09781614691019058,,,,
93,24649,0.14837436378002167,,,,
93,24699,0.16353391110897064,,,,
93,24749,0.035249289125204086,,,,
93,24799,0.10207979381084442,,,,
93,24840,,0.7315000295639038,2.1326258182525635,,
93,24840,,,,0.8539000153541565,0.9651347994804382
94,24849,0.0472089909017086,,,,
94,24899,0.09582868963479996,,,,
94,24949,0.06641835719347,,,,
94,24999,0.08147889375686646,,,,
94,25049,0.0750594288110733,,,,
94,25093,,0.7401999831199646,2.0819146633148193,,
94,25093,,,,0.8622000217437744,0.9658473134040833
95,25099,0.11687891185283661,,,,
95,25149,0.10364091396331787,,,,
95,25199,0.07814369350671768,,,,
95,25249,0.07780440896749496,,,,
95,25299,0.14894098043441772,,,,
95,25349,0.03575696423649788,,,,
95,25349,,0.7307000160217285,2.0659825801849365,,
95,25349,,,,0.8392999768257141,0.967498779296875
96,25399,0.08359847217798233,,,,
96,25449,0.12293826788663864,,,,
96,25499,0.16516909003257751,,,,
96,25549,0.1408245712518692,,,,
96,25599,0.06630238145589828,,,,
96,25601,,0.7391999959945679,2.0468411445617676,,
96,25601,,,,0.8626999855041504,0.9627665877342224
97,25649,0.0968870297074318,,,,
97,25699,0.04306483641266823,,,,
97,25749,0.1094028502702713,,,,
97,25799,0.19441160559654236,,,,
97,25849,0.11100202053785324,,,,
97,25857,,0.7480000257492065,1.9557150602340698,,
97,25857,,,,0.8690999746322632,0.96539306640625
98,25899,0.03665945306420326,,,,
98,25949,0.16926997900009155,,,,
98,25999,0.14828504621982574,,,,
98,26049,0.10869355499744415,,,,
98,26099,0.16572459042072296,,,,
98,26114,,0.7407000064849854,2.0693106651306152,,
98,26114,,,,0.8647000193595886,0.9670780897140503
99,26149,0.07866118103265762,,,,
99,26199,0.12154430896043777,,,,
99,26249,0.07912008464336395,,,,
99,26299,0.11930321156978607,,,,
99,26349,0.07541630417108536,,,,
99,26370,,0.7343000173568726,1.9835373163223267,,
99,26370,,,,0.8521999716758728,0.967132568359375
100,26399,0.05557188764214516,,,,
100,26449,0.06924516707658768,,,,
100,26499,0.03527700528502464,,,,
100,26549,0.07750263065099716,,,,
100,26599,0.020576750859618187,,,,
100,26625,,0.7623999714851379,2.075174570083618,,
100,26625,,,,0.8917999863624573,0.985876202583313
101,26649,0.047172389924526215,,,,
101,26699,0.04072396457195282,,,,
101,26749,0.06352115422487259,,,,
101,26799,0.0101321367546916,,,,
101,26849,0.056845203042030334,,,,
101,26887,,0.7674000263214111,2.132117986679077,,
101,26887,,,,0.8967999815940857,0.9887881875038147
102,26899,0.023101354017853737,,,,
102,26949,0.05436497554183006,,,,
102,26999,0.02527194283902645,,,,
102,27049,0.015352749265730381,,,,
102,27099,0.018072128295898438,,,,
102,27149,0.04796771705150604,,,,
102,27150,,0.7702000141143799,2.1943862438201904,,
102,27150,,,,0.8982999920845032,0.9910883903503418
103,27199,0.023358790203928947,,,,
103,27249,0.05429261922836304,,,,
103,27299,0.008987398818135262,,,,
103,27349,0.01755848154425621,,,,
103,27399,0.004209584090858698,,,,
103,27413,,0.7712000012397766,2.243590831756592,,
103,27413,,,,0.8985999822616577,0.9916231036186218
104,27449,0.035644352436065674,,,,
104,27499,0.026148773729801178,,,,
104,27549,0.004077245946973562,,,,
104,27599,0.012302068062126637,,,,
104,27649,0.04050064459443092,,,,
104,27677,,0.7702000141143799,2.2791895866394043,,
104,27677,,,,0.8974999785423279,0.9930161237716675
105,27699,0.023448077961802483,,,,
105,27749,0.013029909692704678,,,,
105,27799,0.04934884235262871,,,,
105,27849,0.01832973025739193,,,,
105,27899,0.013627948239445686,,,,
105,27941,,0.7702999711036682,2.3433399200439453,,
105,27941,,,,0.8988000154495239,0.9933416247367859
106,27949,0.04140228405594826,,,,
106,27999,0.017672738060355186,,,,
106,28049,0.020670656114816666,,,,
106,28099,0.09381283074617386,,,,
106,28149,0.01453153882175684,,,,
106,28199,0.0102890245616436,,,,
106,28205,,0.7699999809265137,2.387908935546875,,
106,28205,,,,0.8996999859809875,0.9940222501754761
107,28249,0.022777944803237915,,,,
107,28299,0.018018405884504318,,,,
107,28349,0.010309617035090923,,,,
107,28399,0.005095180589705706,,,,
107,28449,0.024031559005379677,,,,
107,28470,,0.7699000239372253,2.4496026039123535,,
107,28470,,,,0.8978000283241272,0.9954599142074585
108,28499,0.005717361345887184,,,,
108,28549,0.020545462146401405,,,,
108,28599,0.01056092232465744,,,,
108,28649,0.026291845366358757,,,,
108,28699,0.046611130237579346,,,,
108,28735,,0.7700999975204468,2.475672483444214,,
108,28735,,,,0.8973000049591064,0.9946049451828003
109,28749,0.009831399656832218,,,,
109,28799,0.019555749371647835,,,,
109,28849,0.006509792525321245,,,,
109,28899,0.01494107861071825,,,,
109,28949,0.0321076363325119,,,,
109,28999,0.007545591332018375,,,,
109,29000,,0.7706999778747559,2.510584592819214,,
109,29000,,,,0.8978000283241272,0.9952830076217651
110,29049,0.005353322718292475,,,,
110,29099,0.006950565613806248,,,,
110,29149,0.004194916691631079,,,,
110,29199,0.002429933287203312,,,,
110,29249,0.016753682866692543,,,,
110,29265,,0.769599974155426,2.5486254692077637,,
110,29265,,,,0.8973000049591064,0.9963148832321167
111,29299,0.013439681380987167,,,,
111,29349,0.0030039462726563215,,,,
111,29399,0.0047491975128650665,,,,
111,29449,0.013365368358790874,,,,
111,29499,0.005647026468068361,,,,
111,29530,,0.7681999802589417,2.5461418628692627,,
111,29530,,,,0.8950999975204468,0.9960200190544128
112,29549,0.005372187588363886,,,,
112,29599,0.000817395222838968,,,,
112,29649,0.0073707192204892635,,,,
112,29699,0.014746292494237423,,,,
112,29749,0.0032527786679565907,,,,
112,29795,,0.7692999839782715,2.585322856903076,,
112,29795,,,,0.8973000049591064,0.9960200190544128
113,29799,0.001972638303413987,,,,
113,29849,0.0037675113417208195,,,,
113,29899,0.0010968615533784032,,,,
113,29949,0.01233825646340847,,,,
113,29999,0.0010326667688786983,,,,
113,30049,0.008415944874286652,,,,
113,30060,,0.7680000066757202,2.610464334487915,,
113,30060,,,,0.8952999711036682,0.9973171949386597
114,30099,0.00953131727874279,,,,
114,30149,0.0009279631194658577,,,,
114,30199,0.013204005546867847,,,,
114,30249,0.003665781579911709,,,,
114,30299,0.012604674324393272,,,,
114,30326,,0.7681999802589417,2.6116251945495605,,
114,30326,,,,0.8970000147819519,0.9967105388641357
115,30349,0.0024238592013716698,,,,
115,30399,0.0023140646517276764,,,,
115,30449,0.00047186019946821034,,,,
115,30499,0.0031614231411367655,,,,
115,30549,0.0029152100905776024,,,,
115,30592,,0.7681999802589417,2.60801100730896,,
115,30592,,,,0.8978000283241272,0.9967105388641357
116,30599,0.01782136783003807,,,,
116,30649,0.0037481135223060846,,,,
116,30699,0.02830841951072216,,,,
116,30749,0.02563551440834999,,,,
116,30799,0.0007414579158648849,,,,
116,30849,0.015390709973871708,,,,
116,30858,,0.7682999968528748,2.629044532775879,,
116,30858,,,,0.896399974822998,0.9971804618835449
117,30899,0.001513363909907639,,,,
117,30949,0.0014247774379327893,,,,
117,30999,0.0007639835239388049,,,,
117,31049,0.0165745560079813,,,,
117,31099,0.02465151622891426,,,,
117,31124,,0.7666000127792358,2.6678569316864014,,
117,31124,,,,0.8982999920845032,0.996828019618988
118,31149,0.000984621699899435,,,,
118,31199,0.022857017815113068,,,,
118,31249,0.0058049485087394714,,,,
118,31299,0.00889749825000763,,,,
118,31349,0.01386254746466875,,,,
118,31390,,0.7656000256538391,2.63411283493042,,
118,31390,,,,0.8953999876976013,0.9968867301940918
119,31399,0.008436925709247589,,,,
119,31449,0.001042044023051858,,,,
119,31499,0.004033268895000219,,,,
119,31549,0.002253876533359289,,,,
119,31599,0.05415106937289238,,,,
119,31649,0.022235048934817314,,,,
119,31656,,0.7674000263214111,2.664231538772583,,
119,31656,,,,0.8946999907493591,0.997356653213501
120,31699,0.015090270899236202,,,,
120,31749,0.0020156456157565117,,,,
120,31799,0.003222909290343523,,,,
120,31849,0.002791911130771041,,,,
120,31899,0.06613605469465256,,,,
120,31922,,0.7674000263214111,2.6942501068115234,,
120,31922,,,,0.8946999907493591,0.9968574047088623
121,31949,0.0019148711580783129,,,,
121,31999,0.009823071770370007,,,,
121,32049,0.002695944858714938,,,,
121,32099,0.0012822933495044708,,,,
121,32149,0.005250908900052309,,,,
121,32188,,0.7669000029563904,2.6977663040161133,,
121,32188,,,,0.8955000042915344,0.9973273277282715
122,32199,0.0014418931677937508,,,,
122,32249,0.03165856748819351,,,,
122,32299,0.00598158547654748,,,,
122,32349,0.0204299483448267,,,,
122,32399,0.027391739189624786,,,,
122,32449,0.001042076270096004,,,,
122,32454,,0.7666000127792358,2.700778007507324,,
122,32454,,,,0.8960000276565552,0.9973860383033752
123,32499,0.0026277382858097553,,,,
123,32549,0.00834471546113491,,,,
123,32599,0.003007202409207821,,,,
123,32649,0.006129460409283638,,,,
123,32699,0.0021950947120785713,,,,
123,32720,,0.767799973487854,2.706063985824585,,
123,32720,,,,0.896399974822998,0.9978853464126587
124,32749,0.004456202033907175,,,,
124,32799,0.009454216808080673,,,,
124,32849,0.034107938408851624,,,,
124,32899,0.015341334044933319,,,,
124,32949,0.002198602305725217,,,,
124,32986,,0.7677000164985657,2.6958789825439453,,
124,32986,,,,0.8935999870300293,0.9974448084831238
125,32999,0.017600439488887787,,,,
125,33049,0.008795439265668392,,,,
125,33099,0.0028472577687352896,,,,
125,33149,0.007244512438774109,,,,
125,33199,0.0018279607174918056,,,,
125,33249,0.004939839709550142,,,,
125,33253,,0.767799973487854,2.7088584899902344,,
125,33253,,,,0.8938999772071838,0.997542142868042
126,33299,0.029296323657035828,,,,
126,33349,0.014580759219825268,,,,
126,33399,0.001344430260360241,,,,
126,33449,0.002287217415869236,,,,
126,33499,0.0010860901093110442,,,,
126,33520,,0.7663999795913696,2.6841843128204346,,
126,33520,,,,0.8952999711036682,0.9976591467857361
127,33549,0.014812463894486427,,,,
127,33599,0.008940801955759525,,,,
127,33649,0.003482342232018709,,,,
127,33699,0.0023963414132595062,,,,
127,33749,0.009929356165230274,,,,
127,33787,,0.7663999795913696,2.7119553089141846,,
127,33787,,,,0.8910999894142151,0.9982444047927856
128,33799,0.0033467316534370184,,,,
128,33849,0.0009395704255439341,,,,
128,33899,0.004171031527221203,,,,
128,33949,0.0020810335408896208,,,,
128,33999,0.0029676982667297125,,,,
128,34049,0.003967714961618185,,,,
128,34054,,0.7682999968528748,2.742652654647827,,
128,34054,,,,0.8930000066757202,0.9983614087104797
129,34099,0.0040770769119262695,,,,
129,34149,0.0012524527264758945,,,,
129,34199,0.008047005161643028,,,,
129,34249,0.0005272679263725877,,,,
129,34299,0.005955718923360109,,,,
129,34321,,0.7663999795913696,2.7578423023223877,,
129,34321,,,,0.8932999968528748,0.9981858730316162
130,34349,0.004190247040241957,,,,
130,34399,0.0029590618796646595,,,,
130,34449,0.00207436247728765,,,,
130,34499,0.0007479934138245881,,,,
130,34549,0.0014526300365105271,,,,
130,34588,,0.7666000127792358,2.7651336193084717,,
130,34588,,,,0.89410001039505,0.9978932738304138
131,34599,0.0003714639169629663,,,,
131,34649,0.0012199305929243565,,,,
131,34699,0.00884742010384798,,,,
131,34749,0.001619087066501379,,,,
131,34799,0.0008769028936512768,,,,
131,34849,0.01366063579916954,,,,
131,34855,,0.7667999863624573,2.7724609375,,
131,34855,,,,0.8942999839782715,0.9980688095092773
132,34899,0.0006334090721793473,,,,
132,34949,0.0017011138843372464,,,,
132,34999,0.0025119248311966658,,,,
132,35049,0.00017454937915317714,,,,
132,35099,0.0003124051436316222,,,,
132,35122,,0.7702000141143799,2.7737386226654053,,
132,35122,,,,0.8942000269889832,0.9983906745910645
133,35149,0.002605234505608678,,,,
133,35199,0.0011203385656699538,,,,
133,35249,0.024900982156395912,,,,
133,35299,0.0019455322762951255,,,,
133,35349,0.003622218733653426,,,,
133,35389,,0.7675999999046326,2.7657060623168945,,
133,35389,,,,0.891700029373169,0.9985954761505127
134,35399,0.00029705968336202204,,,,
134,35449,0.0008485488360747695,,,,
134,35499,0.0010790538508445024,,,,
134,35549,0.000579272978939116,,,,
134,35599,0.028537845239043236,,,,
134,35649,0.0012495559640228748,,,,
134,35656,,0.767300009727478,2.7772772312164307,,
134,35656,,,,0.896399974822998,0.9983614087104797
135,35699,0.0029956817161291838,,,,
135,35749,0.0013908544788137078,,,,
135,35799,0.000593413773458451,,,,
135,35849,0.0014269781531766057,,,,
135,35899,0.008234148845076561,,,,
135,35923,,0.766700029373169,2.7805755138397217,,
135,35923,,,,0.8978000283241272,0.9982736706733704
136,35949,0.00137247983366251,,,,
136,35999,0.004792311228811741,,,,
136,36049,0.0015422109281644225,,,,
136,36099,0.004845632240176201,,,,
136,36149,0.0590849407017231,,,,
136,36190,,0.7670000195503235,2.7661049365997314,,
136,36190,,,,0.8964999914169312,0.9985954761505127
137,36199,0.0004554311453830451,,,,
137,36249,0.0025212338659912348,,,,
137,36299,0.002392048016190529,,,,
137,36349,0.003035085741430521,,,,
137,36399,0.0007030734559521079,,,,
137,36449,0.0011605474865064025,,,,
137,36457,,0.7675999999046326,2.7674777507781982,,
137,36457,,,,0.8952000141143799,0.998537003993988
138,36499,0.0015463446034118533,,,,
138,36549,0.027715235948562622,,,,
138,36599,0.0022214301861822605,,,,
138,36649,0.0007130725425668061,,,,
138,36699,0.002052381169050932,,,,
138,36724,,0.7674000263214111,2.774155378341675,,
138,36724,,,,0.8937000036239624,0.9988003373146057
139,36749,0.0009455364779569209,,,,
139,36799,0.003928129095584154,,,,
139,36849,0.0024136106949299574,,,,
139,36899,0.006688505876809359,,,,
139,36949,0.0006747233564965427,,,,
139,36991,,0.7659000158309937,2.7985572814941406,,
139,36991,,,,0.89410001039505,0.9988588690757751
140,36999,0.0005524702719412744,,,,
140,37049,0.0034617092460393906,,,,
140,37099,0.0028466361109167337,,,,
140,37149,0.007651820313185453,,,,
140,37199,0.0017309816321358085,,,,
140,37249,0.001899883383885026,,,,
140,37258,,0.7651000022888184,2.8100979328155518,,
140,37258,,,,0.8956000208854675,0.9989173412322998
141,37299,0.0016393240075558424,,,,
141,37349,0.01925446093082428,,,,
141,37399,0.002370862290263176,,,,
141,37449,0.012731635943055153,,,,
141,37499,0.025377141311764717,,,,
141,37525,,0.7671999931335449,2.7787270545959473,,
141,37525,,,,0.8955000042915344,0.9985077381134033
142,37549,0.005952418781816959,,,,
142,37599,0.002185652730986476,,,,
142,37649,0.007700048387050629,,,,
142,37699,0.0004674957599490881,,,,
142,37749,0.0024166577495634556,,,,
142,37792,,0.767300009727478,2.801424503326416,,
142,37792,,,,0.8956999778747559,0.9984784722328186
143,37799,0.0007713679224252701,,,,
143,37849,0.0033231195993721485,,,,
143,37899,0.0015622724313288927,,,,
143,37949,0.0034071491099894047,,,,
143,37999,0.0044240765273571014,,,,
143,38049,0.008782811462879181,,,,
143,38059,,0.7671999931335449,2.7827084064483643,,
143,38059,,,,0.895799994468689,0.9990636706352234
144,38099,0.02549312263727188,,,,
144,38149,0.0005223709740675986,,,,
144,38199,0.000264938164036721,,,,
144,38249,0.002293408615514636,,,,
144,38299,0.005165510345250368,,,,
144,38326,,0.7667999863624573,2.7917404174804688,,
144,38326,,,,0.8968999981880188,0.9990929365158081
145,38349,0.00039359935908578336,,,,
145,38399,0.001411601435393095,,,,
145,38449,0.00029541965341195464,,,,
145,38499,0.000409096188377589,,,,
145,38549,0.0017469465965405107,,,,
145,38593,,0.7663999795913696,2.7888221740722656,,
145,38593,,,,0.8963000178337097,0.9984784722328186
146,38599,0.00438368646427989,,,,
146,38649,0.004060037434101105,,,,
146,38699,0.0018717070342972875,,,,
146,38749,0.0003479626902844757,,,,
146,38799,0.000760392751544714,,,,
146,38849,0.004840407054871321,,,,
146,38860,,0.766700029373169,2.777536392211914,,
146,38860,,,,0.896399974822998,0.9985662698745728
147,38899,0.00040834021638147533,,,,
147,38949,0.00023860014334786683,,,,
147,38999,0.006859964225441217,,,,
147,39049,0.0018929960206151009,,,,
147,39099,0.002561638131737709,,,,
147,39127,,0.7656000256538391,2.7563815116882324,,
147,39127,,,,0.8934000134468079,0.9988588690757751
148,39149,0.0002283062640344724,,,,
148,39199,0.007972595281898975,,,,
148,39249,0.0009691404993645847,,,,
148,39299,0.00030111419619061053,,,,
148,39349,0.00021826689771842211,,,,
148,39394,,0.7678999900817871,2.761870861053467,,
148,39394,,,,0.8949999809265137,0.9989173412322998
149,39399,0.0006049287039786577,,,,
149,39449,0.0015022866427898407,,,,
149,39499,0.005733458325266838,,,,
149,39549,0.0013502838555723429,,,,
149,39599,0.0012410510098561645,,,,
149,39649,0.0023025318514555693,,,,
149,39661,,0.7642999887466431,2.75126051902771,,
149,39661,,,,0.8973000049591064,0.9985662698745728
150,39699,0.0010581080568954349,,,,
150,39749,0.00043234709301032126,,,,
150,39799,0.0006385637680068612,,,,
150,39849,0.007283637300133705,,,,
150,39899,0.0038085132837295532,,,,
150,39928,,0.76419997215271,2.7539851665496826,,
150,39928,,,,0.8955000042915344,0.9990636706352234
151,39949,0.00035739655140787363,,,,
151,39999,0.00013911354471929371,,,,
151,40049,0.024513566866517067,,,,
151,40099,0.0008219540468417108,,,,
151,40149,0.0006545803626067936,,,,
151,40195,,0.7663999795913696,2.764139413833618,,
151,40195,,,,0.897599995136261,0.9994733333587646
152,40199,0.002436506561934948,,,,
152,40249,0.0012265924597159028,,,,
152,40299,0.001247689942829311,,,,
152,40349,0.0010503284865990281,,,,
152,40399,0.0009977682493627071,,,,
152,40449,0.003991169389337301,,,,
152,40462,,0.7662000060081482,2.7517924308776855,,
152,40462,,,,0.8967000246047974,0.9995025992393494
153,40499,0.0010855452856048942,,,,
153,40549,0.0009487772476859391,,,,
153,40599,0.002296457765623927,,,,
153,40649,0.0008220173185691237,,,,
153,40699,0.0022800012957304716,,,,
153,40729,,0.7656000256538391,2.762664556503296,,
153,40729,,,,0.8967000246047974,0.9988003373146057
154,40749,0.00047514590551145375,,,,
154,40799,0.00615941546857357,,,,
154,40849,0.0017603428568691015,,,,
154,40899,0.0004736703704111278,,,,
154,40949,0.0007468246039934456,,,,
154,40996,,0.7657999992370605,2.7579002380371094,,
154,40996,,,,0.8981000185012817,0.9992977380752563
155,40999,0.006908548530191183,,,,
155,41049,0.00034786059404723346,,,,
155,41099,0.006792488042265177,,,,
155,41149,0.001350273028947413,,,,
155,41199,0.0005860630772076547,,,,
155,41249,0.001177799771539867,,,,
155,41263,,0.7652999758720398,2.759514093399048,,
155,41263,,,,0.8970000147819519,0.9993855357170105
156,41299,0.0006291142199188471,,,,
156,41349,0.007838882505893707,,,,
156,41399,0.0036504000891000032,,,,
156,41449,0.0035869593266397715,,,,
156,41499,0.055415935814380646,,,,
156,41530,,0.7667999863624573,2.751645088195801,,
156,41530,,,,0.8967000246047974,0.9991514682769775
157,41549,0.00031800990109331906,,,,
157,41599,0.0003259706136304885,,,,
157,41649,0.00033329433063045144,,,,
157,41699,0.00041127478471025825,,,,
157,41749,0.0027308824937790632,,,,
157,41797,,0.7670000195503235,2.7515993118286133,,
157,41797,,,,0.8970000147819519,0.9992684721946716
158,41799,0.00033312354935333133,,,,
158,41849,0.0008579791174270213,,,,
158,41899,0.001157011603936553,,,,
158,41949,0.0008244834607467055,,,,
158,41999,0.0018352085025981069,,,,
158,42049,0.0004335534176789224,,,,
158,42064,,0.7670999765396118,2.747575283050537,,
158,42064,,,,0.8967000246047974,0.9994148015975952
159,42099,0.0026688608340919018,,,,
159,42149,0.0004958088975399733,,,,
159,42199,0.006496896967291832,,,,
159,42249,0.00018235297466162592,,,,
159,42299,0.0008324519149027765,,,,
159,42331,,0.7674000263214111,2.764012098312378,,
159,42331,,,,0.8977000117301941,0.9993855357170105
160,42349,0.0003817635297309607,,,,
160,42399,0.0039000322576612234,,,,
160,42449,0.000406327802920714,,,,
160,42499,0.001450799056328833,,,,
160,42549,0.004305883776396513,,,,
160,42598,,0.7670999765396118,2.7599287033081055,,
160,42598,,,,0.8971999883651733,0.9993270039558411
161,42599,0.00046667284914292395,,,,
161,42649,0.0008758817566558719,,,,
161,42699,0.001252068323083222,,,,
161,42749,0.0021046679466962814,,,,
161,42799,0.0001097492640838027,,,,
161,42849,0.002924446016550064,,,,
161,42866,,0.765999972820282,2.7480809688568115,,
161,42866,,,,0.8967999815940857,0.9995044469833374
162,42899,0.0005530448979698122,,,,
162,42949,0.0002567993651609868,,,,
162,42999,0.0028077249880880117,,,,
162,43049,0.004474670626223087,,,,
162,43099,0.004149077460169792,,,,
162,43134,,0.7681000232696533,2.7592740058898926,,
162,43134,,,,0.8966000080108643,0.9997667670249939
163,43149,0.0024460917338728905,,,,
163,43199,0.0021478328853845596,,,,
163,43249,0.01154798362404108,,,,
163,43299,0.0006369902403093874,,,,
163,43349,0.000781855545938015,,,,
163,43399,0.0026573482900857925,,,,
163,43401,,0.7656999826431274,2.765744924545288,,
163,43401,,,,0.8974000215530396,0.9995025992393494
164,43449,0.00019223107665311545,,,,
164,43499,0.0010721939615905285,,,,
164,43549,0.00015198167238850147,,,,
164,43599,0.0014332312857732177,,,,
164,43649,0.00035447394475340843,,,,
164,43669,,0.7666000127792358,2.760605573654175,,
164,43669,,,,0.8971999883651733,0.9995044469833374
165,43699,0.00044177251402288675,,,,
165,43749,0.0014197519049048424,,,,
165,43799,0.0013000813778489828,,,,
165,43849,0.001531445188447833,,,,
165,43899,0.0002575878461357206,,,,
165,43937,,0.7659000158309937,2.7586092948913574,,
165,43937,,,,0.8978999853134155,0.9995627403259277
166,43949,0.0006782290292903781,,,,
166,43999,0.0005818188656121492,,,,
166,44049,0.005682650487869978,,,,
166,44099,0.001511360751464963,,,,
166,44149,0.00024590137763880193,,,,
166,44199,0.0005365729448385537,,,,
166,44205,,0.7663999795913696,2.7603960037231445,,
166,44205,,,,0.8962000012397766,0.999212920665741
167,44249,0.003470733994618058,,,,
167,44299,0.00046220500371418893,,,,
167,44349,0.0024750586599111557,,,,
167,44399,0.00040692149195820093,,,,
167,44449,0.0032013102900236845,,,,
167,44473,,0.7681000232696533,2.7531960010528564,,
167,44473,,,,0.8959000110626221,0.9994753003120422
168,44499,0.00048739922931417823,,,,
168,44549,0.0005936207599006593,,,,
168,44599,0.0008789068087935448,,,,
168,44649,0.00040113928844220936,,,,
168,44699,0.0005648015066981316,,,,
168,44740,,0.7674000263214111,2.747103214263916,,
168,44740,,,,0.896399974822998,0.9995903372764587
169,44749,0.0008268848760053515,,,,
169,44799,0.008293906226754189,,,,
169,44849,0.004332643002271652,,,,
169,44899,0.0006872453377582133,,,,
169,44949,0.0003122810157947242,,,,
169,44999,0.0005178940482437611,,,,
169,45008,,0.765999972820282,2.759241819381714,,
169,45008,,,,0.8963000178337097,0.999387800693512
170,45049,0.003492213785648346,,,,
170,45099,0.00022097387409303337,,,,
170,45149,0.00022849069500807673,,,,
170,45199,0.00011656613787636161,,,,
170,45249,0.0003796455275733024,,,,
170,45276,,0.7670000195503235,2.750338554382324,,
170,45276,,,,0.8964999914169312,0.9995918869972229
171,45299,0.0013858000747859478,,,,
171,45349,0.0018138131126761436,,,,
171,45399,0.0001258773118024692,,,,
171,45449,0.023292943835258484,,,,
171,45499,0.0008615704136900604,,,,
171,45544,,0.7680000066757202,2.7548608779907227,,
171,45544,,,,0.8960999846458435,0.9992712140083313
172,45549,0.004348901566118002,,,,
172,45599,9.619977936381474e-05,,,,
172,45649,0.0005523758591152728,,,,
172,45699,0.0009464752511121333,,,,
172,45749,0.0005212343530729413,,,,
172,45799,0.0009010065114125609,,,,
172,45812,,0.7674000263214111,2.771928548812866,,
172,45812,,,,0.895799994468689,0.9994753003120422
173,45849,0.00043790045310743153,,,,
173,45899,0.0035922746174037457,,,,
173,45949,0.0025619668886065483,,,,
173,45999,0.0011337510077282786,,,,
173,46049,0.012179004959762096,,,,
173,46080,,0.7671999931335449,2.761476755142212,,
173,46080,,,,0.8956000208854675,0.9995044469833374
174,46099,0.0005605790065601468,,,,
174,46149,0.0030035418458282948,,,,
174,46199,0.000580797903239727,,,,
174,46249,0.00016597101057413965,,,,
174,46299,0.0012002162402495742,,,,
174,46348,,0.7667999863624573,2.7637927532196045,,
174,46348,,,,0.8960000276565552,0.9995335936546326
175,46349,0.001049953163601458,,,,
175,46399,0.000455873814644292,,,,
175,46449,0.0013669977197423577,,,,
175,46499,0.001250572269782424,,,,
175,46549,0.000796223059296608,,,,
175,46599,0.0007179264794103801,,,,
175,46616,,0.7671999931335449,2.755880117416382,,
175,46616,,,,0.8960999846458435,0.9997084736824036
176,46649,0.00042311428114771843,,,,
176,46699,0.0018051185179501772,,,,
176,46749,0.00026906910352408886,,,,
176,46799,0.005298817064613104,,,,
176,46849,0.00011266189540037885,,,,
176,46884,,0.7674999833106995,2.761096954345703,,
176,46884,,,,0.8967999815940857,0.9996210336685181
177,46899,0.001917691552080214,,,,
177,46949,0.004729501903057098,,,,
177,46999,0.00026805236120708287,,,,
177,47049,0.001148650306276977,,,,
177,47099,0.006168292369693518,,,,
177,47149,0.0023982226848602295,,,,
177,47152,,0.7670999765396118,2.7603282928466797,,
177,47152,,,,0.895799994468689,0.9996501803398132
178,47199,0.00034662053803913295,,,,
178,47249,0.00022905247169546783,,,,
178,47299,0.0002023751731030643,,,,
178,47349,0.0005900971591472626,,,,
178,47399,0.0002711983979679644,,,,
178,47420,,0.7671999931335449,2.7571284770965576,,
178,47420,,,,0.8963000178337097,0.9995627403259277
179,47449,0.0006487701321020722,,,,
179,47499,0.0003208692360203713,,,,
179,47549,0.00037253767368383706,,,,
179,47599,0.0002632809919305146,,,,
179,47649,0.0005973567022010684,,,,
179,47688,,0.7685999870300293,2.763737440109253,,
179,47688,,,,0.895799994468689,0.9995918869972229
180,47699,0.0007460813503712416,,,,
180,47749,0.0005350376595743,,,,
180,47799,0.00025901131448335946,,,,
180,47849,0.0011842591920867562,,,,
180,47899,0.0007306304178200662,,,,
180,47949,0.004763961303979158,,,,
180,47956,,0.7675999999046326,2.768112897872925,,
180,47956,,,,0.8962000012397766,0.9995918869972229
181,47999,0.0002929077309090644,,,,
181,48049,0.00014094790094532073,,,,
181,48099,0.0010662688873708248,,,,
181,48149,0.0014902809634804726,,,,
181,48199,0.0006348479073494673,,,,
181,48224,,0.7692000269889832,2.758732795715332,,
181,48224,,,,0.8956999778747559,0.9995627403259277
182,48249,0.0010730673093348742,,,,
182,48299,0.000531998579390347,,,,
182,48349,0.0003769105824176222,,,,
182,48399,0.0006432240479625762,,,,
182,48449,0.0006380098056979477,,,,
182,48492,,0.7670000195503235,2.7719807624816895,,
182,48492,,,,0.8964999914169312,0.9996793270111084
183,48499,0.002106808125972748,,,,
183,48549,0.011470459401607513,,,,
183,48599,0.001301851705648005,,,,
183,48649,0.0015884513268247247,,,,
183,48699,0.00031590217258781195,,,,
183,48749,0.000533321697730571,,,,
183,48760,,0.7677000164985657,2.7679481506347656,,
183,48760,,,,0.8967000246047974,0.9995627403259277
184,48799,0.000511986028868705,,,,
184,48849,0.002239720430225134,,,,
184,48899,0.0009627797990106046,,,,
184,48949,0.0007231686031445861,,,,
184,48999,0.00025997418561019003,,,,
184,49028,,0.766700029373169,2.7702598571777344,,
184,49028,,,,0.8962000012397766,0.9996501803398132
185,49049,0.0005383382085710764,,,,
185,49099,0.00046941329492256045,,,,
185,49149,0.0002262395282741636,,,,
185,49199,0.00033971911761909723,,,,
185,49249,0.0005631150561384857,,,,
185,49296,,0.7675999999046326,2.772660493850708,,
185,49296,,,,0.8964999914169312,0.9996793270111084
186,49299,0.00031430687522515655,,,,
186,49349,0.00048810907173901796,,,,
186,49399,0.0008227539947256446,,,,
186,49449,0.0003518839366734028,,,,
186,49499,0.00935290940105915,,,,
186,49549,0.0005411551683209836,,,,
186,49564,,0.7674999833106995,2.7700605392456055,,
186,49564,,,,0.895799994468689,0.9995044469833374
187,49599,0.002867099130526185,,,,
187,49649,0.0007613670313730836,,,,
187,49699,0.004784990567713976,,,,
187,49749,0.0024688837584108114,,,,
187,49799,0.001237297896295786,,,,
187,49832,,0.7671999931335449,2.760869026184082,,
187,49832,,,,0.8962000012397766,0.9996210336685181
188,49849,0.00026307074585929513,,,,
188,49899,0.0010308969067409635,,,,
188,49949,0.0025534043088555336,,,,
188,49999,0.011759700253605843,,,,
188,50049,0.00041563870036043227,,,,
188,50099,0.0016831769607961178,,,,
188,50100,,0.7674999833106995,2.763366937637329,,
188,50100,,,,0.8968999981880188,0.9994753003120422
189,50149,0.004224359057843685,,,,
189,50199,0.00033687675022520125,,,,
189,50249,0.0004283442976884544,,,,
189,50299,0.0007365581695921719,,,,
189,50349,0.000515780586283654,,,,
189,50368,,0.7674000263214111,2.762561798095703,,
189,50368,,,,0.8974000215530396,0.9997084736824036
190,50399,0.00020330736879259348,,,,
190,50449,0.0032929149456322193,,,,
190,50499,0.0004366609500721097,,,,
190,50549,0.05267257243394852,,,,
190,50599,0.0006026335759088397,,,,
190,50636,,0.7674000263214111,2.7727930545806885,,
190,50636,,,,0.8970999717712402,0.9995335936546326
191,50649,0.00020993831276427954,,,,
191,50699,0.004767581820487976,,,,
191,50749,0.0029819083865731955,,,,
191,50799,0.0006806065212003887,,,,
191,50849,0.001048593083396554,,,,
191,50899,0.0010107096750289202,,,,
191,50904,,0.767799973487854,2.7806925773620605,,
191,50904,,,,0.8968999981880188,0.9996210336685181
192,50949,0.00014558575639966875,,,,
192,50999,0.0009952650871127844,,,,
192,51049,0.0009025235194712877,,,,
192,51099,0.0004200464754831046,,,,
192,51149,0.0024907018523663282,,,,
192,51172,,0.766700029373169,2.781938076019287,,
192,51172,,,,0.8960999846458435,0.9996501803398132
193,51199,0.0002404603874310851,,,,
193,51249,0.00031336405663751066,,,,
193,51299,0.001475911820307374,,,,
193,51349,0.006023831199854612,,,,
193,51399,0.0003723789704963565,,,,
193,51440,,0.7669000029563904,2.7869815826416016,,
193,51440,,,,0.8963000178337097,0.9996210336685181
194,51449,0.0003189227427355945,,,,
194,51499,0.0006505856290459633,,,,
194,51549,0.00030285006505437195,,,,
194,51599,0.000421958917286247,,,,
194,51649,0.006053439807146788,,,,
194,51699,0.000503130373544991,,,,
194,51708,,0.7678999900817871,2.7631611824035645,,
194,51708,,,,0.895799994468689,0.9995044469833374
195,51749,0.0002710578264668584,,,,
195,51799,0.0031983833760023117,,,,
195,51849,0.00015607695968355983,,,,
195,51899,0.0003118007443845272,,,,
195,51949,0.0003923717886209488,,,,
195,51976,,0.7666000127792358,2.77183198928833,,
195,51976,,,,0.8968999981880188,0.9995918869972229
196,51999,0.00013474043225869536,,,,
196,52049,0.0067056394182145596,,,,
196,52099,0.0005581568111665547,,,,
196,52149,0.0005168647039681673,,,,
196,52199,0.000585608824621886,,,,
196,52244,,0.7675999999046326,2.770709753036499,,
196,52244,,,,0.8973000049591064,0.9994753003120422
197,52249,0.00040513669955544174,,,,
197,52299,0.0005473991623148322,,,,
197,52349,0.0008895477512851357,,,,
197,52399,0.0005209922674112022,,,,
197,52449,0.0002415532508166507,,,,
197,52499,0.004574916325509548,,,,
197,52512,,0.7681999802589417,2.7670767307281494,,
197,52512,,,,0.896399974822998,0.9996210336685181
198,52549,0.00036026767338626087,,,,
198,52599,0.00029601744608953595,,,,
198,52649,0.00010758739517768845,,,,
198,52699,0.029475538060069084,,,,
198,52749,0.0003027734928764403,,,,
198,52780,,0.7680000066757202,2.769605875015259,,
198,52780,,,,0.8960000276565552,0.999387800693512
199,52799,0.00900932215154171,,,,
199,52849,0.00011988513870164752,,,,
199,52899,0.000875044846907258,,,,
199,52949,0.00033124155015684664,,,,
199,52999,0.0003536621807143092,,,,
199,53048,,0.7685999870300293,2.7602360248565674,,
199,53048,,,,0.8966000080108643,0.9995044469833374
