epoch,step,train_loss,val_acc,val_loss,test_acc
0,49,2.6962389945983887,,,
0,99,2.3123228549957275,,,
0,149,2.547405481338501,,,
0,199,2.352937936782837,,,
0,249,1.8940186500549316,,,
0,299,1.9548358917236328,,,
0,349,1.7397518157958984,,,
0,389,,0.5885999798774719,1.1825640201568604,
0,389,,,,0.6080999970436096
1,399,2.125288724899292,,,
1,449,1.935499668121338,,,
1,499,1.6184273958206177,,,
1,549,1.79001784324646,,,
1,599,1.7424461841583252,,,
1,649,1.8721988201141357,,,
1,699,1.412079095840454,,,
1,749,1.4799132347106934,,,
1,779,,0.6995000243186951,0.9185451865196228,
1,779,,,,0.732699990272522
2,799,1.6746904850006104,,,
2,849,1.2928098440170288,,,
2,899,1.5298603773117065,,,
2,949,1.4169564247131348,,,
2,999,1.3410899639129639,,,
2,1049,1.3197318315505981,,,
2,1099,1.2770503759384155,,,
2,1149,1.096239686012268,,,
2,1169,,0.7513999938964844,0.7929307818412781,
2,1169,,,,0.7879999876022339
3,1199,1.1281932592391968,,,
3,1249,1.4895579814910889,,,
3,1299,1.2598297595977783,,,
3,1349,1.054071068763733,,,
3,1399,1.044108510017395,,,
3,1449,1.2810978889465332,,,
3,1499,1.159447431564331,,,
3,1549,0.927981972694397,,,
3,1559,,0.7584999799728394,0.7776510119438171,
3,1559,,,,0.7900000214576721
4,1599,1.0236142873764038,,,
4,1649,1.2716314792633057,,,
4,1699,1.1467697620391846,,,
4,1749,1.1177644729614258,,,
4,1799,1.2034327983856201,,,
4,1849,0.9030619859695435,,,
4,1899,1.169985055923462,,,
4,1949,0.9516026377677917,,,
4,1949,,0.7813000082969666,0.7162472009658813,
4,1949,,,,0.8245000243186951
5,1999,1.1410419940948486,,,
5,2049,1.1668875217437744,,,
5,2099,1.140491008758545,,,
5,2149,0.9534344673156738,,,
5,2199,1.0163410902023315,,,
5,2249,1.0451841354370117,,,
5,2299,0.9927067756652832,,,
5,2339,,0.791700005531311,0.6856723427772522,
5,2339,,,,0.8320000171661377
6,2349,1.0250530242919922,,,
6,2399,0.9820756912231445,,,
6,2449,0.9542027711868286,,,
6,2499,0.8287438154220581,,,
6,2549,1.1040254831314087,,,
6,2599,0.932878851890564,,,
6,2649,0.9415422677993774,,,
6,2699,0.8551602363586426,,,
6,2729,,0.8029000163078308,0.6720800995826721,
6,2729,,,,0.8457000255584717
7,2749,0.9895033836364746,,,
7,2799,0.7832933664321899,,,
7,2849,1.0503904819488525,,,
7,2899,0.9954863786697388,,,
7,2949,1.0140306949615479,,,
7,2999,1.0902992486953735,,,
7,3049,0.962012529373169,,,
7,3099,0.9857054948806763,,,
7,3119,,0.8162000179290771,0.6249233484268188,
7,3119,,,,0.8629000186920166
8,3149,0.8321166038513184,,,
8,3199,0.9935709834098816,,,
8,3249,0.8774572610855103,,,
8,3299,0.9283570647239685,,,
8,3349,0.9684315919876099,,,
8,3399,0.7401789426803589,,,
8,3449,0.7669863700866699,,,
8,3499,0.6928199529647827,,,
8,3509,,0.814300000667572,0.6435591578483582,
8,3509,,,,0.862500011920929
9,3549,0.747567355632782,,,
9,3599,0.7556028366088867,,,
9,3649,0.8681108951568604,,,
9,3699,0.8006082773208618,,,
9,3749,0.7079449892044067,,,
9,3799,0.883399248123169,,,
9,3849,0.8834654092788696,,,
9,3899,0.8988767266273499,,,
9,3899,,0.8047000169754028,0.6849195957183838,
9,3899,,,,0.8442999720573425
10,3949,2.3893394470214844,,,
10,3999,1.8628231287002563,,,
10,4049,2.192063331604004,,,
10,4099,2.2471446990966797,,,
10,4149,2.31760835647583,,,
10,4199,2.3571619987487793,,,
10,4211,,,,0.8733999729156494
11,4249,2.225144863128662,,,
11,4299,2.221743583679199,,,
11,4349,1.8798881769180298,,,
11,4399,2.2324295043945312,,,
11,4449,2.022787570953369,,,
11,4499,2.1139485836029053,,,
11,4523,,0.8284000158309937,0.7283483147621155,
11,4523,,,,0.8730000257492065
12,4549,1.980405569076538,,,
12,4599,2.3466525077819824,,,
12,4649,2.1519415378570557,,,
12,4699,2.316326141357422,,,
12,4749,2.2985458374023438,,,
12,4799,2.242032289505005,,,
12,4835,,0.8263999819755554,0.7338970303535461,
12,4835,,,,0.8704000115394592
13,4849,2.1577610969543457,,,
13,4899,2.1857223510742188,,,
13,4949,2.279311418533325,,,
13,4999,2.058565378189087,,,
13,5049,2.177672863006592,,,
13,5099,1.8990285396575928,,,
13,5147,,0.8198999762535095,0.7389066815376282,
13,5147,,,,0.871999979019165
14,5149,2.306187629699707,,,
14,5199,1.8988373279571533,,,
14,5249,2.1654865741729736,,,
14,5299,2.307722568511963,,,
14,5349,2.099475383758545,,,
14,5399,2.0790815353393555,,,
14,5449,2.1080689430236816,,,
14,5459,,0.824999988079071,0.7233715057373047,
14,5459,,,,0.8751000165939331
15,5499,2.124474048614502,,,
15,5549,2.343099355697632,,,
15,5599,1.9942874908447266,,,
15,5649,1.9052808284759521,,,
15,5699,2.0374021530151367,,,
15,5749,1.9340637922286987,,,
15,5771,,0.8159000277519226,0.7339919209480286,
15,5771,,,,0.8633000254631042
16,5799,2.2257893085479736,,,
16,5849,2.075838804244995,,,
16,5899,2.1612062454223633,,,
16,5949,2.1757607460021973,,,
16,5999,2.2544736862182617,,,
16,6049,2.2796082496643066,,,
16,6083,,0.8201000094413757,0.7451656460762024,
16,6083,,,,0.8683000206947327
17,6099,2.326246976852417,,,
17,6149,2.2998344898223877,,,
17,6199,1.9245390892028809,,,
17,6249,2.284508228302002,,,
17,6299,2.1101279258728027,,,
17,6349,2.246515989303589,,,
17,6395,,0.8183000087738037,0.7245282530784607,
17,6395,,,,0.8694000244140625
18,6399,2.1185855865478516,,,
18,6449,2.2048122882843018,,,
18,6499,2.220186710357666,,,
18,6549,2.2304000854492188,,,
18,6599,1.9492937326431274,,,
18,6649,2.332855701446533,,,
18,6699,1.8409090042114258,,,
18,6707,,0.8212000131607056,0.7339054346084595,
18,6707,,,,0.8629000186920166
19,6749,2.1847734451293945,,,
19,6799,2.3207762241363525,,,
19,6849,2.3468575477600098,,,
19,6899,2.388483762741089,,,
19,6949,2.173746347427368,,,
19,6999,2.4575047492980957,,,
19,7019,,0.8173999786376953,0.7238693237304688,
19,7019,,,,0.8671000003814697
20,7049,2.0516011714935303,,,
20,7099,2.0074355602264404,,,
20,7149,2.3689167499542236,,,
20,7199,2.32448673248291,,,
20,7249,2.366058349609375,,,
20,7299,2.167780876159668,,,
20,7331,,0.8179000020027161,0.7559938430786133,
20,7331,,,,0.8641999959945679
21,7349,2.3290276527404785,,,
21,7399,2.3151071071624756,,,
21,7449,2.163492441177368,,,
21,7499,1.8310494422912598,,,
21,7549,1.6185520887374878,,,
21,7599,1.7778408527374268,,,
21,7643,,0.8116000294685364,0.7717024683952332,
21,7643,,,,0.8579999804496765
22,7649,2.314295768737793,,,
22,7699,2.1455771923065186,,,
22,7749,2.2594683170318604,,,
22,7799,2.209437847137451,,,
22,7849,2.3560757637023926,,,
22,7899,2.45025634765625,,,
22,7949,2.066650390625,,,
22,7955,,0.8083999752998352,0.761052668094635,
22,7955,,,,0.8533999919891357
23,7999,2.0575733184814453,,,
23,8049,2.3882036209106445,,,
23,8099,1.6915003061294556,,,
23,8149,2.4580724239349365,,,
23,8199,1.7436599731445312,,,
23,8249,2.4739999771118164,,,
23,8267,,0.814300000667572,0.7392727732658386,
23,8267,,,,0.8550999760627747
24,8299,2.406982898712158,,,
24,8349,1.953998327255249,,,
24,8399,2.5246214866638184,,,
24,8449,2.4813802242279053,,,
24,8499,2.4439616203308105,,,
24,8549,2.2652361392974854,,,
24,8579,,0.8019000291824341,0.7813918590545654,
24,8579,,,,0.8461999893188477
25,8599,2.347412109375,,,
25,8649,2.4017210006713867,,,
25,8699,2.5300302505493164,,,
25,8749,2.5260305404663086,,,
25,8799,2.38828706741333,,,
25,8849,2.291428327560425,,,
25,8891,,0.8119999766349792,0.7315248847007751,
25,8891,,,,0.8605999946594238
26,8899,2.5142736434936523,,,
26,8949,1.826195240020752,,,
26,8999,2.543426990509033,,,
26,9049,2.4644763469696045,,,
26,9099,2.339822292327881,,,
26,9149,2.338883638381958,,,
26,9199,2.2778067588806152,,,
26,9203,,0.8133999705314636,0.7609872221946716,
26,9203,,,,0.8616999983787537
27,9249,2.1526386737823486,,,
27,9299,2.3620502948760986,,,
27,9349,2.3879528045654297,,,
27,9399,2.3305463790893555,,,
27,9449,2.3479740619659424,,,
27,9499,2.2271647453308105,,,
27,9515,,0.8044000267982483,0.7499972581863403,
27,9515,,,,0.8478999733924866
28,9549,1.6870957612991333,,,
28,9599,2.254758834838867,,,
28,9649,2.1619346141815186,,,
28,9699,2.2598278522491455,,,
28,9749,2.429088592529297,,,
28,9799,2.4599177837371826,,,
28,9827,,0.8075000047683716,0.7330808043479919,
28,9827,,,,0.8578000068664551
29,9849,2.3536503314971924,,,
29,9899,2.2598953247070312,,,
29,9949,2.4055020809173584,,,
29,9999,2.2255828380584717,,,
29,10049,2.4996163845062256,,,
29,10099,1.9902064800262451,,,
29,10139,,0.7991999983787537,0.7721254229545593,
29,10139,,,,0.8457000255584717
30,10149,2.1980655193328857,,,
30,10199,2.1749725341796875,,,
30,10249,2.001451253890991,,,
30,10299,2.0909085273742676,,,
30,10349,2.0153229236602783,,,
30,10399,2.1912474632263184,,,
30,10449,2.453639030456543,,,
30,10451,,0.8039000034332275,0.7594252228736877,
30,10451,,,,0.8482999801635742
31,10499,2.3502118587493896,,,
31,10549,2.1053998470306396,,,
31,10599,2.0694756507873535,,,
31,10649,2.449303150177002,,,
31,10699,2.6350789070129395,,,
31,10749,2.338454246520996,,,
31,10763,,0.8136000037193298,0.7290766835212708,
31,10763,,,,0.8587999939918518
32,10799,2.493997097015381,,,
32,10849,2.3719840049743652,,,
32,10899,2.2875494956970215,,,
32,10949,2.5472986698150635,,,
32,10999,1.637070894241333,,,
32,11049,2.358341693878174,,,
32,11075,,0.8061000108718872,0.7597411870956421,
32,11075,,,,0.8508999943733215
33,11099,2.1843132972717285,,,
33,11149,2.2755703926086426,,,
33,11199,2.1097147464752197,,,
33,11249,2.2995119094848633,,,
33,11299,2.25638484954834,,,
33,11349,2.3646867275238037,,,
33,11387,,0.8061000108718872,0.7361719012260437,
33,11387,,,,0.8529000282287598
34,11399,2.405057430267334,,,
34,11449,2.4620184898376465,,,
34,11499,1.5739730596542358,,,
34,11549,2.3805713653564453,,,
34,11599,2.2679877281188965,,,
34,11649,2.470720052719116,,,
34,11699,2.4806854724884033,,,
34,11699,,0.8087999820709229,0.7468198537826538,
34,11699,,,,0.8539000153541565
35,11749,2.4579732418060303,,,
35,11799,2.3976151943206787,,,
35,11849,2.40922212600708,,,
35,11899,2.2231860160827637,,,
35,11949,2.024493932723999,,,
35,11999,2.4448771476745605,,,
35,12011,,0.8080000281333923,0.7524914145469666,
35,12011,,,,0.8604000210762024
36,12049,2.5302977561950684,,,
36,12099,2.113617420196533,,,
36,12149,2.271806001663208,,,
36,12199,2.34238338470459,,,
36,12249,2.223651170730591,,,
36,12299,2.1867423057556152,,,
36,12323,,0.8091999888420105,0.7459390163421631,
36,12323,,,,0.859000027179718
37,12349,2.097245216369629,,,
37,12399,2.5472207069396973,,,
37,12449,2.4144959449768066,,,
37,12499,2.177156448364258,,,
37,12549,2.4249043464660645,,,
37,12599,2.3073952198028564,,,
37,12635,,0.801800012588501,0.7673540115356445,
37,12635,,,,0.8446000218391418
38,12649,1.9174822568893433,,,
38,12699,2.158576011657715,,,
38,12749,2.299966335296631,,,
38,12799,2.361100912094116,,,
38,12849,2.217927932739258,,,
38,12899,2.292045831680298,,,
38,12947,,0.8043000102043152,0.7732900977134705,
38,12947,,,,0.8465999960899353
39,12949,2.3609719276428223,,,
39,12999,2.2556815147399902,,,
39,13049,2.2031383514404297,,,
39,13099,1.6953445672988892,,,
39,13149,2.009072780609131,,,
39,13199,2.316969871520996,,,
39,13249,2.497523784637451,,,
39,13259,,0.8047000169754028,0.7727700471878052,
39,13259,,,,0.8479999899864197
40,13299,2.300673484802246,,,
40,13349,2.446552038192749,,,
40,13399,2.1703782081604004,,,
40,13449,2.224067211151123,,,
40,13499,2.2255773544311523,,,
40,13549,1.8707584142684937,,,
40,13571,,0.814300000667572,0.7400904893875122,
40,13571,,,,0.8623999953269958
41,13599,2.511411428451538,,,
41,13649,2.4817230701446533,,,
41,13699,2.3931808471679688,,,
41,13749,2.181804656982422,,,
41,13799,2.345280647277832,,,
41,13849,2.186222553253174,,,
41,13883,,0.8069000244140625,0.7512401342391968,
41,13883,,,,0.8574000000953674
42,13899,2.021451950073242,,,
42,13949,2.221761703491211,,,
42,13999,1.646301031112671,,,
42,14049,2.191255807876587,,,
42,14099,2.277992010116577,,,
42,14149,2.1972131729125977,,,
42,14195,,0.809499979019165,0.7464667558670044,
42,14195,,,,0.8561999797821045
43,14199,2.4205715656280518,,,
43,14249,2.0340049266815186,,,
43,14299,2.375765800476074,,,
43,14349,2.415271520614624,,,
43,14399,1.5046647787094116,,,
43,14449,2.506532669067383,,,
43,14499,2.314321994781494,,,
43,14507,,0.805899977684021,0.7477153539657593,
43,14507,,,,0.8496999740600586
44,14549,2.6077563762664795,,,
44,14599,2.357668876647949,,,
44,14649,2.501356601715088,,,
44,14699,2.3338513374328613,,,
44,14749,2.5265133380889893,,,
44,14799,2.1666226387023926,,,
44,14819,,0.8061000108718872,0.7652087211608887,
44,14819,,,,0.8547999858856201
45,14849,2.1622281074523926,,,
45,14899,2.393446922302246,,,
45,14949,2.3300065994262695,,,
45,14999,2.36273455619812,,,
45,15049,2.316084384918213,,,
45,15099,2.0677599906921387,,,
45,15131,,0.8023999929428101,0.7769511938095093,
45,15131,,,,0.8514000177383423
46,15149,2.393907070159912,,,
46,15199,2.4292850494384766,,,
46,15249,2.5181074142456055,,,
46,15299,2.105217933654785,,,
46,15349,2.34283709526062,,,
46,15399,2.181962013244629,,,
46,15443,,0.8070999979972839,0.7579674124717712,
46,15443,,,,0.8547000288963318
47,15449,2.206543445587158,,,
47,15499,2.3300929069519043,,,
47,15549,1.7987339496612549,,,
47,15599,2.3618690967559814,,,
47,15649,1.8697142601013184,,,
47,15699,1.929882287979126,,,
47,15749,2.3892087936401367,,,
47,15755,,0.8113999962806702,0.7543017864227295,
47,15755,,,,0.8636000156402588
48,15799,1.9702701568603516,,,
48,15849,2.337235450744629,,,
48,15899,2.495944023132324,,,
48,15949,2.355330467224121,,,
48,15999,2.4041366577148438,,,
48,16049,2.1639106273651123,,,
48,16067,,0.8052999973297119,0.75980144739151,
48,16067,,,,0.8565000295639038
49,16099,2.049941301345825,,,
49,16149,2.2911410331726074,,,
49,16199,1.7388575077056885,,,
49,16249,2.125579595565796,,,
49,16299,2.2862796783447266,,,
49,16349,1.4595731496810913,,,
49,16379,,0.8033999800682068,0.7681736350059509,
49,16379,,,,0.8533999919891357
50,16399,2.2671022415161133,,,
50,16449,2.484663963317871,,,
50,16499,1.889751672744751,,,
50,16549,2.2233188152313232,,,
50,16599,1.9684152603149414,,,
50,16649,2.209296703338623,,,
50,16691,,0.8148999810218811,0.7416142225265503,
50,16691,,,,0.864799976348877
51,16699,2.3519628047943115,,,
51,16749,2.4030814170837402,,,
51,16799,2.2778589725494385,,,
51,16849,1.890903353691101,,,
51,16899,2.3873660564422607,,,
51,16949,1.468466877937317,,,
51,16999,2.3270914554595947,,,
51,17003,,0.8113999962806702,0.7624415755271912,
51,17003,,,,0.8546000123023987
52,17049,2.198312282562256,,,
52,17099,2.2135868072509766,,,
52,17149,2.1404380798339844,,,
52,17199,2.12874698638916,,,
52,17249,1.8228803873062134,,,
52,17299,2.3886802196502686,,,
52,17315,,0.8116999864578247,0.7528901100158691,
52,17315,,,,0.857200026512146
53,17349,2.0276241302490234,,,
53,17399,2.2626614570617676,,,
53,17449,2.325352430343628,,,
53,17499,1.9185924530029297,,,
53,17549,2.253519058227539,,,
53,17599,1.8864316940307617,,,
53,17627,,0.8111000061035156,0.7623159289360046,
53,17627,,,,0.8607000112533569
54,17649,1.921939730644226,,,
54,17699,2.173656463623047,,,
54,17749,2.439824342727661,,,
54,17799,2.366849899291992,,,
54,17849,1.6149075031280518,,,
54,17899,2.1763153076171875,,,
54,17939,,0.8026999831199646,0.7791436314582825,
54,17939,,,,0.8550999760627747
55,17949,2.296898365020752,,,
55,17999,2.3695123195648193,,,
55,18049,2.252826452255249,,,
55,18099,2.2133238315582275,,,
55,18149,2.1724720001220703,,,
55,18199,1.9038314819335938,,,
55,18249,2.316305160522461,,,
55,18251,,0.8113999962806702,0.7548224329948425,
55,18251,,,,0.8607000112533569
56,18299,1.6829750537872314,,,
56,18349,1.8672826290130615,,,
56,18399,2.5094153881073,,,
56,18449,1.7607548236846924,,,
56,18499,2.305659294128418,,,
56,18549,2.259085178375244,,,
56,18563,,0.8125,0.7617592215538025,
56,18563,,,,0.8611999750137329
57,18599,2.187354803085327,,,
57,18649,1.5409495830535889,,,
57,18699,2.1437129974365234,,,
57,18749,1.499843716621399,,,
57,18799,2.416398048400879,,,
57,18849,2.3094215393066406,,,
57,18875,,0.8101000189781189,0.747097909450531,
57,18875,,,,0.8665000200271606
58,18899,1.4374785423278809,,,
58,18949,2.235159397125244,,,
58,18999,1.2536530494689941,,,
58,19049,1.5279617309570312,,,
58,19099,2.1440625190734863,,,
58,19149,2.243479013442993,,,
58,19187,,0.8144999742507935,0.7474177479743958,
58,19187,,,,0.8647000193595886
59,19199,2.165194034576416,,,
59,19249,2.1619677543640137,,,
59,19299,2.1936748027801514,,,
59,19349,2.317307949066162,,,
59,19399,2.2255005836486816,,,
59,19449,1.9171561002731323,,,
59,19499,2.176872730255127,,,
59,19499,,0.8111000061035156,0.7540478706359863,
59,19499,,,,0.8644000291824341
60,19549,2.3748912811279297,,,
60,19599,1.813305377960205,,,
60,19649,2.2773075103759766,,,
60,19699,1.9063318967819214,,,
60,19749,2.183500289916992,,,
60,19799,2.132272958755493,,,
60,19811,,0.8094000220298767,0.7725598812103271,
60,19811,,,,0.8578000068664551
61,19849,1.9063889980316162,,,
61,19899,2.257190704345703,,,
61,19949,2.3247673511505127,,,
61,19999,1.9352701902389526,,,
61,20049,2.0493826866149902,,,
61,20099,2.26218581199646,,,
61,20123,,0.8072999715805054,0.7679592370986938,
61,20123,,,,0.8600000143051147
62,20149,2.065601348876953,,,
62,20199,1.174411416053772,,,
62,20249,1.987633466720581,,,
62,20299,2.321913242340088,,,
62,20349,2.1677985191345215,,,
62,20399,1.9511091709136963,,,
62,20435,,0.8093000054359436,0.7688713073730469,
62,20435,,,,0.8578000068664551
63,20449,1.8094274997711182,,,
63,20499,1.8251625299453735,,,
63,20549,2.2243006229400635,,,
63,20599,1.7393426895141602,,,
63,20649,2.1288533210754395,,,
63,20699,2.1659605503082275,,,
63,20747,,0.8062000274658203,0.768220067024231,
63,20747,,,,0.8580999970436096
64,20749,1.7545008659362793,,,
64,20799,2.369724988937378,,,
64,20849,2.2966690063476562,,,
64,20899,1.9626801013946533,,,
64,20949,2.3774795532226562,,,
64,20999,1.6138708591461182,,,
64,21049,2.155219316482544,,,
64,21059,,0.8148999810218811,0.7396087646484375,
64,21059,,,,0.8634999990463257
65,21099,1.3645257949829102,,,
65,21149,1.5953716039657593,,,
65,21199,2.315802812576294,,,
65,21249,2.453878879547119,,,
65,21299,1.3478882312774658,,,
65,21349,2.0259275436401367,,,
65,21371,,0.8126999735832214,0.7600882649421692,
65,21371,,,,0.8605999946594238
66,21399,2.396592617034912,,,
66,21449,1.8066794872283936,,,
66,21499,1.7619035243988037,,,
66,21549,2.1950554847717285,,,
66,21599,2.1638104915618896,,,
66,21649,2.3725509643554688,,,
66,21683,,0.8123000264167786,0.7570089101791382,
66,21683,,,,0.8633000254631042
67,21699,1.9070475101470947,,,
67,21749,2.2186641693115234,,,
67,21799,1.9931163787841797,,,
67,21849,2.289177417755127,,,
67,21899,2.241856813430786,,,
67,21949,2.1317737102508545,,,
67,21995,,0.8120999932289124,0.7684468626976013,
67,21995,,,,0.8572999835014343
68,21999,2.1739466190338135,,,
68,22049,1.4128355979919434,,,
68,22099,1.9212874174118042,,,
68,22149,1.9586949348449707,,,
68,22199,2.3390164375305176,,,
68,22249,2.125720977783203,,,
68,22299,2.224012613296509,,,
68,22307,,0.809499979019165,0.7592111229896545,
68,22307,,,,0.8587999939918518
69,22349,2.324927806854248,,,
69,22399,1.6486725807189941,,,
69,22449,2.1351263523101807,,,
69,22499,1.8705122470855713,,,
69,22549,2.224006175994873,,,
69,22599,2.2148613929748535,,,
69,22619,,0.8101000189781189,0.7679968476295471,
69,22619,,,,0.861299991607666
70,22649,1.9257057905197144,,,
70,22699,2.281949996948242,,,
70,22749,2.250333786010742,,,
70,22799,1.8380378484725952,,,
70,22849,1.7845737934112549,,,
70,22899,2.1649622917175293,,,
70,22931,,0.8090999722480774,0.7645304799079895,
70,22931,,,,0.8619999885559082
71,22949,2.105959892272949,,,
71,22999,2.3946146965026855,,,
71,23049,2.09305477142334,,,
71,23099,1.2286478281021118,,,
71,23149,1.4779422283172607,,,
71,23199,2.3138842582702637,,,
71,23243,,0.8108999729156494,0.7571804523468018,
71,23243,,,,0.8622999787330627
72,23249,1.893568754196167,,,
72,23299,2.3610172271728516,,,
72,23349,2.270350456237793,,,
72,23399,2.04211163520813,,,
72,23449,2.2477188110351562,,,
72,23499,2.2711074352264404,,,
72,23549,2.3756065368652344,,,
72,23555,,0.8126000165939331,0.7559789419174194,
72,23555,,,,0.8648999929428101
73,23599,2.0803539752960205,,,
73,23649,2.303030252456665,,,
73,23699,2.244089365005493,,,
73,23749,1.9897820949554443,,,
73,23799,2.180860996246338,,,
73,23849,2.2990214824676514,,,
73,23867,,0.807699978351593,0.7629147171974182,
73,23867,,,,0.8569999933242798
74,23899,2.2207980155944824,,,
74,23949,2.080713987350464,,,
74,23999,2.0309500694274902,,,
74,24049,2.370039463043213,,,
74,24099,1.9380931854248047,,,
74,24149,2.220170497894287,,,
74,24179,,0.8130000233650208,0.7526573538780212,
74,24179,,,,0.8644999861717224
75,24199,2.2367641925811768,,,
75,24249,2.1341300010681152,,,
75,24299,2.205411195755005,,,
75,24349,2.303793430328369,,,
75,24399,2.3516712188720703,,,
75,24449,2.1689159870147705,,,
75,24491,,0.8091999888420105,0.7753822207450867,
75,24491,,,,0.862500011920929
76,24499,1.9462718963623047,,,
76,24549,2.28476619720459,,,
76,24599,2.1394779682159424,,,
76,24649,2.2319817543029785,,,
76,24699,1.5051552057266235,,,
76,24749,1.7511314153671265,,,
76,24799,2.200078248977661,,,
76,24803,,0.8108999729156494,0.7656941413879395,
76,24803,,,,0.8658999800682068
77,24849,2.1074490547180176,,,
77,24899,2.3955979347229004,,,
77,24949,2.23655366897583,,,
77,24999,2.267854928970337,,,
77,25049,1.6109336614608765,,,
77,25099,2.205519437789917,,,
77,25115,,0.8122000098228455,0.7625203728675842,
77,25115,,,,0.8636000156402588
78,25149,2.145348310470581,,,
78,25199,2.117011547088623,,,
78,25249,1.8010956048965454,,,
78,25299,1.8461322784423828,,,
78,25349,2.2669146060943604,,,
78,25399,2.1858975887298584,,,
78,25427,,0.8087000250816345,0.7729190587997437,
78,25427,,,,0.8608999848365784
79,25449,1.8288934230804443,,,
79,25499,2.0426011085510254,,,
79,25549,2.124117612838745,,,
79,25599,1.829637050628662,,,
79,25649,1.5539236068725586,,,
79,25699,2.3411834239959717,,,
79,25739,,0.8123999834060669,0.7542931437492371,
79,25739,,,,0.8614000082015991
80,25749,1.7772760391235352,,,
80,25799,2.2336854934692383,,,
80,25849,2.3107869625091553,,,
80,25899,2.35610294342041,,,
80,25949,2.108236074447632,,,
80,25999,2.411153793334961,,,
80,26049,1.7790400981903076,,,
80,26051,,0.8123000264167786,0.7675309181213379,
80,26051,,,,0.8616999983787537
81,26099,2.3860185146331787,,,
81,26149,2.4001779556274414,,,
81,26199,2.2918543815612793,,,
81,26249,2.0455169677734375,,,
81,26299,2.3232319355010986,,,
81,26349,2.137885570526123,,,
81,26363,,0.810699999332428,0.7590528726577759,
81,26363,,,,0.8637999892234802
82,26399,2.242124319076538,,,
82,26449,2.137190103530884,,,
82,26499,1.8005173206329346,,,
82,26549,2.3117001056671143,,,
82,26599,2.1768946647644043,,,
82,26649,2.2659428119659424,,,
82,26675,,0.8123999834060669,0.750261664390564,
82,26675,,,,0.8669000267982483
83,26699,1.3613979816436768,,,
83,26749,2.321463108062744,,,
83,26799,2.0352859497070312,,,
83,26849,1.2380695343017578,,,
83,26899,1.7685136795043945,,,
83,26949,2.3281311988830566,,,
83,26987,,0.8129000067710876,0.7567785978317261,
83,26987,,,,0.8673999905586243
84,26999,1.8442634344100952,,,
84,27049,1.8381602764129639,,,
84,27099,2.1856207847595215,,,
84,27149,2.333847999572754,,,
84,27199,1.9603303670883179,,,
84,27249,1.969661831855774,,,
84,27299,1.972149133682251,,,
84,27299,,0.8152999877929688,0.7450946569442749,
84,27299,,,,0.8689000010490417
85,27349,2.0188045501708984,,,
85,27399,2.092292308807373,,,
85,27449,1.437238097190857,,,
85,27499,1.9848146438598633,,,
85,27549,2.0339972972869873,,,
85,27599,2.298590660095215,,,
85,27611,,0.8047999739646912,0.7769579887390137,
85,27611,,,,0.8568999767303467
86,27649,2.2169606685638428,,,
86,27699,2.1369528770446777,,,
86,27749,2.2770862579345703,,,
86,27799,1.9571058750152588,,,
86,27849,2.09993314743042,,,
86,27899,2.2821967601776123,,,
86,27923,,0.8079000115394592,0.7626707553863525,
86,27923,,,,0.8618000149726868
87,27949,2.0935678482055664,,,
87,27999,2.160417079925537,,,
87,28049,2.1094794273376465,,,
87,28099,2.1932992935180664,,,
87,28149,2.047647714614868,,,
87,28199,2.230286121368408,,,
87,28235,,0.8119999766349792,0.7762923836708069,
87,28235,,,,0.8628000020980835
88,28249,2.140346050262451,,,
88,28299,2.1403696537017822,,,
88,28349,1.9595363140106201,,,
88,28399,1.9087183475494385,,,
88,28449,2.275712490081787,,,
88,28499,2.334096670150757,,,
88,28547,,0.8137999773025513,0.7493427991867065,
88,28547,,,,0.8672999739646912
89,28549,2.0776054859161377,,,
89,28599,2.065683364868164,,,
89,28649,2.2384073734283447,,,
89,28699,1.902876853942871,,,
89,28749,1.9428472518920898,,,
89,28799,2.0627777576446533,,,
89,28849,2.0171337127685547,,,
89,28859,,0.8141000270843506,0.7691986560821533,
89,28859,,,,0.8614000082015991
90,28899,2.402921199798584,,,
90,28949,2.2286527156829834,,,
90,28999,2.103681802749634,,,
90,29049,2.326801300048828,,,
90,29099,1.9817121028900146,,,
90,29149,2.2673561573028564,,,
90,29171,,0.8151999711990356,0.7590935826301575,
90,29171,,,,0.8644000291824341
91,29199,2.0247151851654053,,,
91,29249,1.6538387537002563,,,
91,29299,2.217219114303589,,,
91,29349,2.312448501586914,,,
91,29399,2.137702226638794,,,
91,29449,2.1144673824310303,,,
91,29483,,0.8123000264167786,0.7538791298866272,
91,29483,,,,0.8629999756813049
92,29499,1.92327082157135,,,
92,29549,2.1357078552246094,,,
92,29599,1.8771991729736328,,,
92,29649,1.9815099239349365,,,
92,29699,2.0987322330474854,,,
92,29749,1.6567471027374268,,,
92,29795,,0.8108000159263611,0.7710084319114685,
92,29795,,,,0.8608999848365784
93,29799,2.1248865127563477,,,
93,29849,1.79549241065979,,,
93,29899,1.880265712738037,,,
93,29949,2.3573741912841797,,,
93,29999,1.90594482421875,,,
93,30049,1.7859231233596802,,,
93,30099,2.186499834060669,,,
93,30107,,0.8180999755859375,0.7423681020736694,
93,30107,,,,0.8658000230789185
94,30149,2.320868492126465,,,
94,30199,2.347555160522461,,,
94,30249,2.040672540664673,,,
94,30299,2.058798313140869,,,
94,30349,1.8084616661071777,,,
94,30399,2.086214303970337,,,
94,30419,,0.8111000061035156,0.7567504644393921,
94,30419,,,,0.8647000193595886
95,30449,1.8711292743682861,,,
95,30499,1.4839236736297607,,,
95,30549,1.995154619216919,,,
95,30599,2.338414192199707,,,
95,30649,1.870098352432251,,,
95,30699,2.148914337158203,,,
95,30731,,0.8108999729156494,0.7606501579284668,
95,30731,,,,0.8608999848365784
96,30749,2.159266471862793,,,
96,30799,2.27048397064209,,,
96,30849,2.1229281425476074,,,
96,30899,1.7657103538513184,,,
96,30949,2.137995719909668,,,
96,30999,1.7926688194274902,,,
96,31043,,0.8126999735832214,0.7561582326889038,
96,31043,,,,0.8611999750137329
97,31049,1.9483797550201416,,,
97,31099,1.9353773593902588,,,
97,31149,2.2483060359954834,,,
97,31199,1.551841378211975,,,
97,31249,2.2233095169067383,,,
97,31299,1.6504833698272705,,,
97,31349,2.2954001426696777,,,
97,31355,,0.8169000148773193,0.7526475191116333,
97,31355,,,,0.8695999979972839
98,31399,1.9389326572418213,,,
98,31449,2.0073537826538086,,,
98,31499,2.187387466430664,,,
98,31549,1.8741745948791504,,,
98,31599,2.3473963737487793,,,
98,31649,2.1368980407714844,,,
98,31667,,0.8083999752998352,0.7708565592765808,
98,31667,,,,0.8561000227928162
99,31699,1.647700309753418,,,
99,31749,0.871401846408844,,,
99,31799,2.3521487712860107,,,
99,31849,2.192228317260742,,,
99,31899,1.0233547687530518,,,
99,31949,2.121743679046631,,,
99,31979,,0.8166999816894531,0.7529162764549255,
99,31979,,,,0.862500011920929
100,31999,2.322267532348633,,,
100,32049,1.9600234031677246,,,
100,32099,2.233942747116089,,,
100,32149,1.9751286506652832,,,
100,32199,1.8152170181274414,,,
100,32249,2.1944739818573,,,
100,32291,,0.809499979019165,0.7762086987495422,
100,32291,,,,0.8597000241279602
101,32299,2.249178647994995,,,
101,32349,2.061333179473877,,,
101,32399,2.195823907852173,,,
101,32449,2.17128324508667,,,
101,32499,1.437798261642456,,,
101,32549,2.1870434284210205,,,
101,32599,2.10398006439209,,,
101,32603,,0.8154000043869019,0.7554771304130554,
101,32603,,,,0.8697999715805054
102,32649,1.3781449794769287,,,
102,32699,2.0814836025238037,,,
102,32749,2.174654006958008,,,
102,32799,1.9381664991378784,,,
102,32849,1.9466636180877686,,,
102,32899,2.0362210273742676,,,
102,32915,,0.8156999945640564,0.7481464743614197,
102,32915,,,,0.8664000034332275
103,32949,2.040064573287964,,,
103,32999,2.0011208057403564,,,
103,33049,1.8493282794952393,,,
103,33099,1.445600986480713,,,
103,33149,2.3243491649627686,,,
103,33199,2.247235059738159,,,
103,33227,,0.8100000023841858,0.7724968791007996,
103,33227,,,,0.8608999848365784
104,33249,2.175647258758545,,,
104,33299,2.0797994136810303,,,
104,33349,1.655378818511963,,,
104,33399,1.5837221145629883,,,
104,33449,2.050692558288574,,,
104,33499,2.1094107627868652,,,
104,33539,,0.8149999976158142,0.7509583830833435,
104,33539,,,,0.8687999844551086
105,33549,2.2252204418182373,,,
105,33599,2.1129589080810547,,,
105,33649,1.9405288696289062,,,
105,33699,2.211899995803833,,,
105,33749,2.328791618347168,,,
105,33799,2.1365761756896973,,,
105,33849,1.838719367980957,,,
105,33851,,0.8151000142097473,0.7601652145385742,
105,33851,,,,0.8680999875068665
106,33899,1.8194329738616943,,,
106,33949,2.103416919708252,,,
106,33999,2.185330867767334,,,
106,34049,1.899348258972168,,,
106,34099,2.3251655101776123,,,
106,34149,2.0417704582214355,,,
106,34163,,0.8176000118255615,0.7433741688728333,
106,34163,,,,0.8657000064849854
107,34199,2.1826794147491455,,,
107,34249,1.911821961402893,,,
107,34299,2.057370662689209,,,
107,34349,2.263117790222168,,,
107,34399,1.7333753108978271,,,
107,34449,2.244323968887329,,,
107,34475,,0.8130000233650208,0.7572402358055115,
107,34475,,,,0.8579000234603882
108,34499,2.0491580963134766,,,
108,34549,1.9903219938278198,,,
108,34599,2.091604232788086,,,
108,34649,2.2553157806396484,,,
108,34699,2.137021064758301,,,
108,34749,1.8671207427978516,,,
108,34787,,0.8176000118255615,0.7495742440223694,
108,34787,,,,0.8672999739646912
109,34799,2.1713476181030273,,,
109,34849,2.2887935638427734,,,
109,34899,2.2680938243865967,,,
109,34949,2.1693761348724365,,,
109,34999,1.6860604286193848,,,
109,35049,1.5049855709075928,,,
109,35099,1.8642807006835938,,,
109,35099,,0.8119000196456909,0.7410552501678467,
109,35099,,,,0.8604000210762024
110,35149,1.9413552284240723,,,
110,35199,2.1875457763671875,,,
110,35249,2.2166354656219482,,,
110,35299,1.7027746438980103,,,
110,35349,1.9829622507095337,,,
110,35399,2.3150298595428467,,,
110,35411,,0.8111000061035156,0.7574114203453064,
110,35411,,,,0.8626000285148621
111,35449,1.9377284049987793,,,
111,35499,1.8860312700271606,,,
111,35549,2.2420034408569336,,,
111,35599,2.195441484451294,,,
111,35649,2.135765552520752,,,
111,35699,2.115743637084961,,,
111,35723,,0.8148999810218811,0.758882462978363,
111,35723,,,,0.8651999831199646
112,35749,2.1438863277435303,,,
112,35799,2.1012415885925293,,,
112,35849,2.0376763343811035,,,
112,35899,1.7590358257293701,,,
112,35949,1.7578680515289307,,,
112,35999,1.7885770797729492,,,
112,36035,,0.8213000297546387,0.738785445690155,
112,36035,,,,0.875
113,36049,1.8591228723526,,,
113,36099,1.571179747581482,,,
113,36149,2.1313586235046387,,,
113,36199,1.7398649454116821,,,
113,36249,1.960323452949524,,,
113,36299,2.0246942043304443,,,
113,36347,,0.8185999989509583,0.7433019280433655,
113,36347,,,,0.8651000261306763
114,36349,2.234031915664673,,,
114,36399,2.113455295562744,,,
114,36449,2.0003294944763184,,,
114,36499,1.7995030879974365,,,
114,36549,2.00173020362854,,,
114,36599,1.9105664491653442,,,
114,36649,1.6183080673217773,,,
114,36659,,0.8151000142097473,0.7567785382270813,
114,36659,,,,0.8655999898910522
115,36699,1.9400674104690552,,,
115,36749,2.2493417263031006,,,
115,36799,2.1979784965515137,,,
115,36849,1.2842082977294922,,,
115,36899,1.6352896690368652,,,
115,36949,2.194406509399414,,,
115,36971,,0.8151999711990356,0.7434580326080322,
115,36971,,,,0.8686000108718872
116,36999,2.0947959423065186,,,
116,37049,2.1371641159057617,,,
116,37099,1.6000680923461914,,,
116,37149,2.1696853637695312,,,
116,37199,1.9876093864440918,,,
116,37249,2.10274076461792,,,
116,37283,,0.8109999895095825,0.7532173991203308,
116,37283,,,,0.863099992275238
117,37299,2.0956945419311523,,,
117,37349,2.1070032119750977,,,
117,37399,2.2017393112182617,,,
117,37449,2.2910776138305664,,,
117,37499,1.8064634799957275,,,
117,37549,1.9150428771972656,,,
117,37595,,0.8116000294685364,0.7513175010681152,
117,37595,,,,0.8626999855041504
118,37599,2.1417179107666016,,,
118,37649,1.9770658016204834,,,
118,37699,2.1633081436157227,,,
118,37749,2.1272382736206055,,,
118,37799,1.8217275142669678,,,
118,37849,2.1777191162109375,,,
118,37899,2.2587497234344482,,,
118,37907,,0.8144999742507935,0.7621021270751953,
118,37907,,,,0.8636999726295471
119,37949,1.9612672328948975,,,
119,37999,1.994824767112732,,,
119,38049,2.3131799697875977,,,
119,38099,1.779167890548706,,,
119,38149,2.0465962886810303,,,
119,38199,2.037443161010742,,,
119,38219,,0.8112000226974487,0.7630198001861572,
119,38219,,,,0.8626999855041504
120,38249,1.668740153312683,,,
120,38299,1.9398078918457031,,,
120,38349,2.202768564224243,,,
120,38399,1.9482266902923584,,,
120,38449,1.8964331150054932,,,
120,38499,1.718935489654541,,,
120,38531,,0.8147000074386597,0.751628577709198,
120,38531,,,,0.8650000095367432
121,38549,1.9115281105041504,,,
121,38599,1.7215726375579834,,,
121,38649,2.0780749320983887,,,
121,38699,1.6844933032989502,,,
121,38749,2.0087087154388428,,,
121,38799,2.199460029602051,,,
121,38843,,0.8125,0.775641143321991,
121,38843,,,,0.8633999824523926
122,38849,2.0948524475097656,,,
122,38899,1.9323338270187378,,,
122,38949,2.3071212768554688,,,
122,38999,2.276360511779785,,,
122,39049,2.017016887664795,,,
122,39099,2.0322606563568115,,,
122,39149,2.105563163757324,,,
122,39155,,0.8170999884605408,0.7513391375541687,
122,39155,,,,0.8615999817848206
123,39199,1.943972110748291,,,
123,39249,1.4258034229278564,,,
123,39299,2.116457462310791,,,
123,39349,1.4747921228408813,,,
123,39399,2.1258859634399414,,,
123,39449,2.1226420402526855,,,
123,39467,,0.8147000074386597,0.7558422684669495,
123,39467,,,,0.8666999936103821
124,39499,1.8880417346954346,,,
124,39549,1.4092142581939697,,,
124,39599,1.9500846862792969,,,
124,39649,1.531388521194458,,,
124,39699,1.984796166419983,,,
124,39749,2.218038320541382,,,
124,39779,,0.8145999908447266,0.7508153915405273,
124,39779,,,,0.8622999787330627
125,39799,2.096308469772339,,,
125,39849,2.1015567779541016,,,
125,39899,1.5657563209533691,,,
125,39949,2.154995918273926,,,
125,39999,1.7724180221557617,,,
125,40049,2.072287082672119,,,
125,40091,,0.8173999786376953,0.7441974878311157,
125,40091,,,,0.8676000237464905
126,40099,2.065412998199463,,,
126,40149,2.1614303588867188,,,
126,40199,1.674577236175537,,,
126,40249,1.8590824604034424,,,
126,40299,2.0214128494262695,,,
126,40349,1.727132797241211,,,
126,40399,2.1174936294555664,,,
126,40403,,0.817300021648407,0.7492728233337402,
126,40403,,,,0.866100013256073
127,40449,1.963348150253296,,,
127,40499,2.2896385192871094,,,
127,40549,2.228663682937622,,,
127,40599,1.7846193313598633,,,
127,40649,2.2723007202148438,,,
127,40699,1.949177861213684,,,
127,40715,,0.8169999718666077,0.7445449233055115,
127,40715,,,,0.8691999912261963
128,40749,2.154114246368408,,,
128,40799,2.051447868347168,,,
128,40849,1.8438043594360352,,,
128,40899,1.7536420822143555,,,
128,40949,1.5079847574234009,,,
128,40999,2.032097101211548,,,
128,41027,,0.8166999816894531,0.740369975566864,
128,41027,,,,0.8705999851226807
129,41049,2.1913208961486816,,,
129,41099,1.5344631671905518,,,
129,41149,1.94688081741333,,,
129,41199,2.171638011932373,,,
129,41249,1.9108662605285645,,,
129,41299,1.9309316873550415,,,
129,41339,,0.8174999952316284,0.736680805683136,
129,41339,,,,0.8675000071525574
130,41349,2.140336513519287,,,
130,41399,2.243760347366333,,,
130,41449,2.2550835609436035,,,
130,41499,1.4526317119598389,,,
130,41549,1.872206211090088,,,
130,41599,1.999589204788208,,,
130,41649,2.0537469387054443,,,
130,41651,,0.8148999810218811,0.7448917627334595,
130,41651,,,,0.8672000169754028
131,41699,1.8484420776367188,,,
131,41749,1.886246681213379,,,
131,41799,2.0111987590789795,,,
131,41849,2.095785140991211,,,
131,41899,2.054481029510498,,,
131,41949,1.7045972347259521,,,
131,41963,,0.8159000277519226,0.7459567189216614,
131,41963,,,,0.867900013923645
132,41999,1.8963712453842163,,,
132,42049,1.9014911651611328,,,
132,42099,1.9490418434143066,,,
132,42149,2.065460205078125,,,
132,42199,2.0393002033233643,,,
132,42249,2.160161018371582,,,
132,42275,,0.8141000270843506,0.7515517473220825,
132,42275,,,,0.8640000224113464
133,42299,1.7648921012878418,,,
133,42349,2.0891776084899902,,,
133,42399,1.610565423965454,,,
133,42449,1.8544552326202393,,,
133,42499,2.0953125953674316,,,
133,42549,1.8714818954467773,,,
133,42587,,0.8158000111579895,0.7458374500274658,
133,42587,,,,0.8675000071525574
134,42599,1.9758241176605225,,,
134,42649,2.061278820037842,,,
134,42699,1.9310650825500488,,,
134,42749,2.2517778873443604,,,
134,42799,2.0613386631011963,,,
134,42849,2.038416862487793,,,
134,42899,2.0641815662384033,,,
134,42899,,0.8166999816894531,0.7588383555412292,
134,42899,,,,0.8629000186920166
135,42949,1.9367401599884033,,,
135,42999,1.8889212608337402,,,
135,43049,1.6616692543029785,,,
135,43099,2.1288981437683105,,,
135,43149,2.0940942764282227,,,
135,43199,1.9927549362182617,,,
135,43211,,0.8166999816894531,0.746206521987915,
135,43211,,,,0.8644999861717224
136,43249,1.943197250366211,,,
136,43299,2.0837528705596924,,,
136,43349,1.8954192399978638,,,
136,43399,2.2533559799194336,,,
136,43449,2.0494728088378906,,,
136,43499,2.078606605529785,,,
136,43523,,0.8169000148773193,0.7365953922271729,
136,43523,,,,0.8672000169754028
137,43549,1.6299424171447754,,,
137,43599,1.677816390991211,,,
137,43649,2.229461669921875,,,
137,43699,1.758910894393921,,,
137,43749,1.8173611164093018,,,
137,43799,2.022012233734131,,,
137,43835,,0.817799985408783,0.7467222213745117,
137,43835,,,,0.8687000274658203
138,43849,2.064683437347412,,,
138,43899,2.1611859798431396,,,
138,43949,1.9846854209899902,,,
138,43999,2.026968002319336,,,
138,44049,2.168060064315796,,,
138,44099,2.086092233657837,,,
138,44147,,0.8133000135421753,0.7475934028625488,
138,44147,,,,0.8618999719619751
139,44149,2.230870246887207,,,
139,44199,2.2087292671203613,,,
139,44249,1.9310338497161865,,,
139,44299,2.161100387573242,,,
139,44349,2.1204750537872314,,,
139,44399,2.075934410095215,,,
139,44449,1.9498263597488403,,,
139,44459,,0.8159999847412109,0.7466276288032532,
139,44459,,,,0.8673999905586243
140,44499,2.0816190242767334,,,
140,44549,1.9236552715301514,,,
140,44599,2.1035470962524414,,,
140,44649,2.021542549133301,,,
140,44699,1.89253830909729,,,
140,44749,2.294649124145508,,,
140,44771,,0.8172000050544739,0.7525742053985596,
140,44771,,,,0.864799976348877
141,44799,1.9164423942565918,,,
141,44849,2.0677449703216553,,,
141,44899,1.2183645963668823,,,
141,44949,1.9038255214691162,,,
141,44999,2.097823143005371,,,
141,45049,2.167958974838257,,,
141,45083,,0.8151999711990356,0.7479780912399292,
141,45083,,,,0.864300012588501
142,45099,2.173182249069214,,,
142,45149,2.0341012477874756,,,
142,45199,2.190925359725952,,,
142,45249,1.6569128036499023,,,
142,45299,1.724597454071045,,,
142,45349,1.8291183710098267,,,
142,45395,,0.816100001335144,0.7438650727272034,
142,45395,,,,0.8661999702453613
143,45399,1.9155305624008179,,,
143,45449,1.9552134275436401,,,
143,45499,1.914957046508789,,,
143,45549,2.1249184608459473,,,
143,45599,1.5095419883728027,,,
143,45649,1.9538263082504272,,,
143,45699,1.7395931482315063,,,
143,45707,,0.8123999834060669,0.7658737897872925,
143,45707,,,,0.8646000027656555
144,45749,1.694221019744873,,,
144,45799,2.11844539642334,,,
144,45849,2.197117567062378,,,
144,45899,1.9182348251342773,,,
144,45949,1.2200472354888916,,,
144,45999,2.062784194946289,,,
144,46019,,0.8148999810218811,0.7538955807685852,
144,46019,,,,0.864799976348877
145,46049,2.2939610481262207,,,
145,46099,1.9627454280853271,,,
145,46149,2.0353403091430664,,,
145,46199,2.1863861083984375,,,
145,46249,1.9086017608642578,,,
145,46299,2.129009962081909,,,
145,46331,,0.8187999725341797,0.7441021203994751,
145,46331,,,,0.8658999800682068
146,46349,1.9905388355255127,,,
146,46399,1.7024587392807007,,,
146,46449,2.0625011920928955,,,
146,46499,1.5736103057861328,,,
146,46549,2.0303995609283447,,,
146,46599,2.120396137237549,,,
146,46643,,0.8127999901771545,0.7777213454246521,
146,46643,,,,0.8583999872207642
147,46649,1.744060754776001,,,
147,46699,1.4843876361846924,,,
147,46749,1.9049607515335083,,,
147,46799,2.0162320137023926,,,
147,46849,1.9731407165527344,,,
147,46899,2.038267135620117,,,
147,46949,2.040158271789551,,,
147,46955,,0.8149999976158142,0.7567771673202515,
147,46955,,,,0.8623999953269958
148,46999,1.7143175601959229,,,
148,47049,1.8484342098236084,,,
148,47099,2.1024718284606934,,,
148,47149,2.1935956478118896,,,
148,47199,2.0218381881713867,,,
148,47249,2.2111802101135254,,,
148,47267,,0.8180000185966492,0.7499122023582458,
148,47267,,,,0.8729000091552734
149,47299,1.872493028640747,,,
149,47349,1.8503868579864502,,,
149,47399,1.1783325672149658,,,
149,47449,2.0617146492004395,,,
149,47499,1.9911526441574097,,,
149,47549,2.0334668159484863,,,
149,47579,,0.8162999749183655,0.7361049056053162,
149,47579,,,,0.867900013923645
150,47599,2.0910799503326416,,,
150,47649,1.7184206247329712,,,
150,47699,1.8818836212158203,,,
150,47749,1.8148577213287354,,,
150,47799,1.9450182914733887,,,
150,47849,1.89274001121521,,,
150,47891,,0.8245000243186951,0.7291450500488281,
150,47891,,,,0.8759999871253967
151,47899,1.7825982570648193,,,
151,47949,1.9172409772872925,,,
151,47999,1.80607271194458,,,
151,48049,1.5406486988067627,,,
151,48099,1.3472487926483154,,,
151,48149,1.4707790613174438,,,
151,48199,1.8207676410675049,,,
151,48203,,0.8230999708175659,0.7346643805503845,
151,48203,,,,0.8770999908447266
152,48249,1.735229730606079,,,
152,48299,1.6131551265716553,,,
152,48349,1.8940809965133667,,,
152,48399,1.7199220657348633,,,
152,48449,1.8201059103012085,,,
152,48499,1.792922019958496,,,
152,48515,,0.8216000199317932,0.7399227023124695,
152,48515,,,,0.8769000172615051
153,48549,1.874915599822998,,,
153,48599,1.858299970626831,,,
153,48649,1.8257968425750732,,,
153,48699,1.8253371715545654,,,
153,48749,1.6814954280853271,,,
153,48799,1.6895514726638794,,,
153,48827,,0.826200008392334,0.7349335551261902,
153,48827,,,,0.8773000240325928
154,48849,1.682804822921753,,,
154,48899,1.6797072887420654,,,
154,48949,1.5098865032196045,,,
154,48999,1.6394096612930298,,,
154,49049,1.8320155143737793,,,
154,49099,1.8067734241485596,,,
154,49139,,0.8248000144958496,0.7347402572631836,
154,49139,,,,0.8776999711990356
155,49149,1.707359790802002,,,
155,49199,1.7611908912658691,,,
155,49249,1.7529551982879639,,,
155,49299,1.716332197189331,,,
155,49349,1.4234702587127686,,,
155,49399,1.8120657205581665,,,
155,49449,1.5696964263916016,,,
155,49451,,0.8251000046730042,0.7379778027534485,
155,49451,,,,0.8759999871253967
156,49499,1.74350905418396,,,
156,49549,1.7080647945404053,,,
156,49599,1.786505937576294,,,
156,49649,1.7000925540924072,,,
156,49699,1.5268776416778564,,,
156,49749,1.7481071949005127,,,
156,49763,,0.8248999714851379,0.7357137799263,
156,49763,,,,0.8766999840736389
157,49799,1.681213140487671,,,
157,49849,1.8915412425994873,,,
157,49899,1.6464134454727173,,,
157,49949,1.6509324312210083,,,
157,49999,1.5850803852081299,,,
157,50049,1.907623291015625,,,
157,50075,,0.824999988079071,0.7397369146347046,
157,50075,,,,0.8784000277519226
158,50099,1.8478176593780518,,,
158,50149,1.7014166116714478,,,
158,50199,1.6914567947387695,,,
158,50249,1.7089195251464844,,,
158,50299,1.7441987991333008,,,
158,50349,1.6383497714996338,,,
158,50387,,0.8252000212669373,0.7362851500511169,
158,50387,,,,0.878000020980835
159,50399,1.6688249111175537,,,
159,50449,1.8524291515350342,,,
159,50499,1.7068514823913574,,,
159,50549,1.3188811540603638,,,
159,50599,1.4758254289627075,,,
159,50649,1.6509336233139038,,,
159,50699,1.1667490005493164,,,
159,50699,,0.8276000022888184,0.7344610691070557,
159,50699,,,,0.8792999982833862
160,50749,1.5428249835968018,,,
160,50799,1.7793254852294922,,,
160,50849,1.7772659063339233,,,
160,50899,1.6854968070983887,,,
160,50949,1.7711855173110962,,,
160,50999,1.8521548509597778,,,
160,51011,,0.8278999924659729,0.732117772102356,
160,51011,,,,0.8798999786376953
161,51049,1.7779139280319214,,,
161,51099,1.8155666589736938,,,
161,51149,1.73396897315979,,,
161,51199,1.801344394683838,,,
161,51249,1.543956995010376,,,
161,51299,1.751326084136963,,,
161,51323,,0.826200008392334,0.731611967086792,
161,51323,,,,0.8806999921798706
162,51349,1.531653642654419,,,
162,51399,1.531262755393982,,,
162,51449,1.7088117599487305,,,
162,51499,1.7976982593536377,,,
162,51549,1.827019453048706,,,
162,51599,1.7898170948028564,,,
162,51635,,0.8270999789237976,0.7292224168777466,
162,51635,,,,0.8802000284194946
163,51649,1.424562692642212,,,
163,51699,1.3453048467636108,,,
163,51749,1.6104183197021484,,,
163,51799,1.7440099716186523,,,
163,51849,1.9018311500549316,,,
163,51899,1.8192954063415527,,,
163,51947,,0.8274999856948853,0.7310681343078613,
163,51947,,,,0.8812000155448914
164,51949,1.3175445795059204,,,
164,51999,1.4725496768951416,,,
164,52049,1.3511924743652344,,,
164,52099,1.4967679977416992,,,
164,52149,1.8176079988479614,,,
164,52199,1.7496439218521118,,,
164,52249,1.5395076274871826,,,
164,52259,,0.8248999714851379,0.7371856570243835,
164,52259,,,,0.8791999816894531
165,52299,1.607743740081787,,,
165,52349,1.4754831790924072,,,
165,52399,1.6392769813537598,,,
165,52449,1.2460548877716064,,,
165,52499,1.7642583847045898,,,
165,52549,1.4322810173034668,,,
165,52571,,0.8269000053405762,0.7292847037315369,
165,52571,,,,0.8823000192642212
166,52599,1.6103136539459229,,,
166,52649,1.6176494359970093,,,
166,52699,1.6839404106140137,,,
166,52749,1.7826662063598633,,,
166,52799,1.4622466564178467,,,
166,52849,1.5767643451690674,,,
166,52883,,0.8284000158309937,0.7334290742874146,
166,52883,,,,0.880299985408783
167,52899,1.7868058681488037,,,
167,52949,1.7723522186279297,,,
167,52999,1.7866792678833008,,,
167,53049,1.8164926767349243,,,
167,53099,1.5332109928131104,,,
167,53149,1.6999810934066772,,,
167,53195,,0.8277999758720398,0.7322502136230469,
167,53195,,,,0.8812000155448914
168,53199,1.147305965423584,,,
168,53249,1.7342455387115479,,,
168,53299,1.6954436302185059,,,
168,53349,1.394808053970337,,,
168,53399,1.738316297531128,,,
168,53449,1.339237093925476,,,
168,53499,1.6538598537445068,,,
168,53507,,0.8270000219345093,0.7324318885803223,
168,53507,,,,0.8784999847412109
169,53549,1.7450811862945557,,,
169,53599,1.7525081634521484,,,
169,53649,1.6338763236999512,,,
169,53699,1.6657975912094116,,,
169,53749,1.5524755716323853,,,
169,53799,1.6136915683746338,,,
169,53819,,0.8287000060081482,0.7299036383628845,
169,53819,,,,0.8805999755859375
170,53849,1.707627534866333,,,
170,53899,1.7343802452087402,,,
170,53949,1.8596978187561035,,,
170,53999,0.7607898712158203,,,
170,54049,1.7138439416885376,,,
170,54099,1.8095638751983643,,,
170,54131,,0.8259000182151794,0.7337164878845215,
170,54131,,,,0.8801000118255615
171,54149,1.6630191802978516,,,
171,54199,1.532027006149292,,,
171,54249,1.6997685432434082,,,
171,54299,1.6031087636947632,,,
171,54349,1.5010690689086914,,,
171,54399,1.7524760961532593,,,
171,54443,,0.8277999758720398,0.7350770831108093,
171,54443,,,,0.8815000057220459
172,54449,1.763542652130127,,,
172,54499,1.6660252809524536,,,
172,54549,1.581996202468872,,,
172,54599,1.3029065132141113,,,
172,54649,1.6359175443649292,,,
172,54699,1.4713720083236694,,,
172,54749,1.6487723588943481,,,
172,54755,,0.8269000053405762,0.7349371314048767,
172,54755,,,,0.8791999816894531
173,54799,1.697824239730835,,,
173,54849,1.7630445957183838,,,
173,54899,1.7506563663482666,,,
173,54949,1.6062304973602295,,,
173,54999,1.774176836013794,,,
173,55049,1.591843605041504,,,
173,55067,,0.8255000114440918,0.7429602742195129,
173,55067,,,,0.8794999718666077
174,55099,1.728151798248291,,,
174,55149,1.3055386543273926,,,
174,55199,1.692644715309143,,,
174,55249,1.6647083759307861,,,
174,55299,1.2803720235824585,,,
174,55349,1.6187894344329834,,,
174,55379,,0.8271999955177307,0.7298965454101562,
174,55379,,,,0.8802000284194946
175,55399,1.5226936340332031,,,
175,55449,1.4777352809906006,,,
175,55499,1.3794194459915161,,,
175,55549,1.8325963020324707,,,
175,55599,1.5332615375518799,,,
175,55649,1.8036291599273682,,,
175,55691,,0.8253999948501587,0.7372373342514038,
175,55691,,,,0.8791000247001648
176,55699,1.4953272342681885,,,
176,55749,1.7428151369094849,,,
176,55799,1.7110416889190674,,,
176,55849,1.5015357732772827,,,
176,55899,1.6646511554718018,,,
176,55949,1.6258580684661865,,,
176,55999,1.7340047359466553,,,
176,56003,,0.8295999765396118,0.7290874719619751,
176,56003,,,,0.8828999996185303
177,56049,1.4472289085388184,,,
177,56099,1.5132346153259277,,,
177,56149,1.2838616371154785,,,
177,56199,1.696868896484375,,,
177,56249,1.6239514350891113,,,
177,56299,1.6269309520721436,,,
177,56315,,0.8271999955177307,0.733424186706543,
177,56315,,,,0.8809999823570251
178,56349,1.8012995719909668,,,
178,56399,1.7640182971954346,,,
178,56449,1.5269989967346191,,,
178,56499,1.6246297359466553,,,
178,56549,1.6779475212097168,,,
178,56599,1.6552605628967285,,,
178,56627,,0.8270999789237976,0.7288025617599487,
178,56627,,,,0.8805999755859375
179,56649,1.6158037185668945,,,
179,56699,1.5000572204589844,,,
179,56749,1.7348458766937256,,,
179,56799,1.7053815126419067,,,
179,56849,1.7106692790985107,,,
179,56899,1.4228999614715576,,,
179,56939,,0.8285999894142151,0.7241241335868835,
179,56939,,,,0.8822000026702881
180,56949,1.7361750602722168,,,
180,56999,1.7884114980697632,,,
180,57049,1.4943654537200928,,,
180,57099,1.408510446548462,,,
180,57149,1.5918703079223633,,,
180,57199,1.2302577495574951,,,
180,57249,1.6009252071380615,,,
180,57251,,0.8270000219345093,0.7319930195808411,
180,57251,,,,0.8819000124931335
181,57299,1.6933269500732422,,,
181,57349,1.7730014324188232,,,
181,57399,1.5294889211654663,,,
181,57449,1.8289384841918945,,,
181,57499,1.7009491920471191,,,
181,57549,1.6229472160339355,,,
181,57563,,0.8252999782562256,0.7378057241439819,
181,57563,,,,0.8797000050544739
182,57599,1.5605158805847168,,,
182,57649,1.6705737113952637,,,
182,57699,1.5553786754608154,,,
182,57749,1.3585455417633057,,,
182,57799,1.6147806644439697,,,
182,57849,1.6032483577728271,,,
182,57875,,0.8284000158309937,0.7289143204689026,
182,57875,,,,0.8824999928474426
183,57899,1.7789292335510254,,,
183,57949,1.6914163827896118,,,
183,57999,1.30915367603302,,,
183,58049,1.7339837551116943,,,
183,58099,1.668994665145874,,,
183,58149,1.640087366104126,,,
183,58187,,0.8276000022888184,0.7339680194854736,
183,58187,,,,0.8801000118255615
184,58199,1.613028883934021,,,
184,58249,1.7130587100982666,,,
184,58299,1.6417741775512695,,,
184,58349,1.599778652191162,,,
184,58399,1.207579493522644,,,
184,58449,1.3999567031860352,,,
184,58499,1.6852694749832153,,,
184,58499,,0.8291000127792358,0.7258570790290833,
184,58499,,,,0.8812999725341797
185,58549,1.759307622909546,,,
185,58599,1.3966131210327148,,,
185,58649,1.7235116958618164,,,
185,58699,1.4925928115844727,,,
185,58749,1.5092564821243286,,,
185,58799,1.586503505706787,,,
185,58811,,0.8258000016212463,0.7376981973648071,
185,58811,,,,0.8762999773025513
186,58849,1.4774032831192017,,,
186,58899,1.6073861122131348,,,
186,58949,1.3231287002563477,,,
186,58999,1.699927568435669,,,
186,59049,1.5937223434448242,,,
186,59099,1.4222993850708008,,,
186,59123,,0.8276000022888184,0.7341469526290894,
186,59123,,,,0.8792999982833862
187,59149,1.0273116827011108,,,
187,59199,1.7537214756011963,,,
187,59249,1.6297723054885864,,,
187,59299,1.7692044973373413,,,
187,59349,1.6061105728149414,,,
187,59399,1.738053798675537,,,
187,59435,,0.829200029373169,0.7337443828582764,
187,59435,,,,0.882099986076355
188,59449,1.6654969453811646,,,
188,59499,1.5794079303741455,,,
188,59549,1.7477433681488037,,,
188,59599,1.323671579360962,,,
188,59649,1.587665319442749,,,
188,59699,1.6401207447052002,,,
188,59747,,0.8309000134468079,0.7241960763931274,
188,59747,,,,0.8831999897956848
189,59749,1.3423758745193481,,,
189,59799,1.7030973434448242,,,
189,59849,1.6255342960357666,,,
189,59899,1.111202359199524,,,
189,59949,1.5330466032028198,,,
189,59999,1.4418426752090454,,,
189,60049,1.3805179595947266,,,
189,60059,,0.8292999863624573,0.7321555614471436,
189,60059,,,,0.8813999891281128
190,60099,1.366686224937439,,,
190,60149,1.6554723978042603,,,
190,60199,1.5999207496643066,,,
190,60249,1.7158091068267822,,,
190,60299,1.619673252105713,,,
190,60349,1.2697604894638062,,,
190,60371,,0.8273000121116638,0.7329728603363037,
190,60371,,,,0.8776999711990356
191,60399,1.5660022497177124,,,
191,60449,1.6473853588104248,,,
191,60499,1.3901402950286865,,,
191,60549,1.6982227563858032,,,
191,60599,1.5678415298461914,,,
191,60649,1.6336476802825928,,,
191,60683,,0.8291000127792358,0.7268462181091309,
191,60683,,,,0.8787999749183655
192,60699,1.5792887210845947,,,
192,60749,1.665609359741211,,,
192,60799,1.3811314105987549,,,
192,60849,1.4400593042373657,,,
192,60899,1.2232152223587036,,,
192,60949,1.668463110923767,,,
192,60995,,0.828000009059906,0.7349730134010315,
192,60995,,,,0.8812999725341797
193,60999,1.6680353879928589,,,
193,61049,1.6804602146148682,,,
193,61099,1.1299002170562744,,,
193,61149,1.7619667053222656,,,
193,61199,1.4185264110565186,,,
193,61249,1.5956898927688599,,,
193,61299,1.4692070484161377,,,
193,61307,,0.8291000127792358,0.727867603302002,
193,61307,,,,0.8822000026702881
194,61349,1.770737886428833,,,
194,61399,1.637582540512085,,,
194,61449,1.576504111289978,,,
194,61499,1.4792828559875488,,,
194,61549,1.6909441947937012,,,
194,61599,1.8242552280426025,,,
194,61619,,0.8281999826431274,0.7317473888397217,
194,61619,,,,0.882099986076355
195,61649,1.401240348815918,,,
195,61699,1.5393180847167969,,,
195,61749,1.4209506511688232,,,
195,61799,1.5019561052322388,,,
195,61849,1.5599982738494873,,,
195,61899,1.6599671840667725,,,
195,61931,,0.828499972820282,0.7313295602798462,
195,61931,,,,0.8794999718666077
196,61949,1.7034337520599365,,,
196,61999,1.378819465637207,,,
196,62049,1.213507890701294,,,
196,62099,1.6635537147521973,,,
196,62149,1.31880784034729,,,
196,62199,1.6293752193450928,,,
196,62243,,0.8287000060081482,0.730052649974823,
196,62243,,,,0.8813999891281128
197,62249,1.391080617904663,,,
197,62299,1.5144872665405273,,,
197,62349,1.2410352230072021,,,
197,62399,1.5570449829101562,,,
197,62449,1.7668155431747437,,,
197,62499,1.590828776359558,,,
197,62549,1.4334971904754639,,,
197,62555,,0.8273000121116638,0.7325426340103149,
197,62555,,,,0.8804000020027161
198,62599,1.3088339567184448,,,
198,62649,1.587233304977417,,,
198,62699,1.4214601516723633,,,
198,62749,1.6780682802200317,,,
198,62799,1.660340428352356,,,
198,62849,1.4708513021469116,,,
198,62867,,0.8273000121116638,0.7339034676551819,
198,62867,,,,0.8815000057220459
199,62899,1.620383620262146,,,
199,62949,1.5313040018081665,,,
199,62999,1.6548058986663818,,,
199,63049,1.7079193592071533,,,
199,63099,1.7259178161621094,,,
199,63149,1.7234374284744263,,,
199,63179,,0.829200029373169,0.7234863042831421,
199,63179,,,,0.8823999762535095
200,63199,1.7088812589645386,,,
200,63249,1.708550214767456,,,
200,63299,1.746298909187317,,,
200,63349,1.6232171058654785,,,
200,63399,1.6858949661254883,,,
200,63449,1.2643156051635742,,,
200,63491,,0.828499972820282,0.7276107668876648,
200,63491,,,,0.8805000185966492
201,63499,1.6913807392120361,,,
201,63549,1.508481740951538,,,
201,63599,1.5891094207763672,,,
201,63649,1.483948826789856,,,
201,63699,1.7219440937042236,,,
201,63749,1.2109344005584717,,,
201,63799,1.652599811553955,,,
201,63803,,0.8285999894142151,0.7312502264976501,
201,63803,,,,0.8813999891281128
202,63849,1.549603819847107,,,
202,63899,1.5369948148727417,,,
202,63949,1.5564911365509033,,,
202,63999,1.2321821451187134,,,
202,64049,1.633692741394043,,,
202,64099,1.6972438097000122,,,
202,64115,,0.828499972820282,0.7281997799873352,
202,64115,,,,0.8828999996185303
203,64149,1.6043940782546997,,,
203,64199,1.6937141418457031,,,
203,64249,1.6885526180267334,,,
203,64299,1.3389737606048584,,,
203,64349,1.5734212398529053,,,
203,64399,1.6391382217407227,,,
203,64427,,0.8287000060081482,0.7270926237106323,
203,64427,,,,0.8804000020027161
204,64449,1.4611082077026367,,,
204,64499,1.716990351676941,,,
204,64549,1.5867667198181152,,,
204,64599,1.6956470012664795,,,
204,64649,1.693408489227295,,,
204,64699,1.4120863676071167,,,
204,64739,,0.8302000164985657,0.7247944474220276,
204,64739,,,,0.8809000253677368
205,64749,1.6175715923309326,,,
205,64799,1.6630676984786987,,,
205,64849,1.6654653549194336,,,
205,64899,1.6386396884918213,,,
205,64949,1.3978888988494873,,,
205,64999,1.604358196258545,,,
205,65049,1.6852836608886719,,,
205,65051,,0.8299000263214111,0.719485342502594,
205,65051,,,,0.8795999884605408
206,65099,1.566579818725586,,,
206,65149,1.698911190032959,,,
206,65199,1.5611234903335571,,,
206,65249,1.555741786956787,,,
206,65299,1.698829174041748,,,
206,65349,1.647996425628662,,,
206,65363,,0.8305000066757202,0.7255123257637024,
206,65363,,,,0.8823000192642212
207,65399,1.5812876224517822,,,
207,65449,1.1338772773742676,,,
207,65499,1.6684584617614746,,,
207,65549,1.6448158025741577,,,
207,65599,1.6545146703720093,,,
207,65649,1.6649123430252075,,,
207,65675,,0.830299973487854,0.7265158295631409,
207,65675,,,,0.8798999786376953
208,65699,1.4213944673538208,,,
208,65749,1.6798250675201416,,,
208,65799,1.555917739868164,,,
208,65849,1.5789984464645386,,,
208,65899,1.716294765472412,,,
208,65949,1.370957612991333,,,
208,65987,,0.8271999955177307,0.7295328378677368,
208,65987,,,,0.8791000247001648
209,65999,1.742041826248169,,,
209,66049,1.668792724609375,,,
209,66099,1.5269639492034912,,,
209,66149,1.7479219436645508,,,
209,66199,1.553320288658142,,,
209,66249,1.571768045425415,,,
209,66299,1.5507971048355103,,,
209,66299,,0.8302000164985657,0.7190983891487122,
209,66299,,,,0.8823000192642212
210,66349,1.6741935014724731,,,
210,66399,1.5981717109680176,,,
210,66449,1.6982052326202393,,,
210,66499,1.5851631164550781,,,
210,66549,1.2963616847991943,,,
210,66599,1.2068309783935547,,,
210,66611,,0.8305000066757202,0.7234365940093994,
210,66611,,,,0.882099986076355
211,66649,1.6115894317626953,,,
211,66699,1.667273998260498,,,
211,66749,1.629809856414795,,,
211,66799,1.5511008501052856,,,
211,66849,1.5380865335464478,,,
211,66899,1.55989670753479,,,
211,66923,,0.8285999894142151,0.7235367894172668,
211,66923,,,,0.881600022315979
212,66949,1.675768494606018,,,
212,66999,1.422215461730957,,,
212,67049,1.563910961151123,,,
212,67099,1.7328983545303345,,,
212,67149,1.6381479501724243,,,
212,67199,1.6606895923614502,,,
212,67235,,0.8288000226020813,0.7306692600250244,
212,67235,,,,0.8827999830245972
213,67249,1.6172555685043335,,,
213,67299,1.6264773607254028,,,
213,67349,1.7139263153076172,,,
213,67399,1.4309499263763428,,,
213,67449,1.417920708656311,,,
213,67499,1.590149164199829,,,
213,67547,,0.8312000036239624,0.7212617993354797,
213,67547,,,,0.883400022983551
214,67549,1.2212789058685303,,,
214,67599,1.6847949028015137,,,
214,67649,1.55258309841156,,,
214,67699,1.5004072189331055,,,
214,67749,1.1098240613937378,,,
214,67799,1.7202472686767578,,,
214,67849,1.2317750453948975,,,
214,67859,,0.8292999863624573,0.7237252593040466,
214,67859,,,,0.8831999897956848
215,67899,1.6181831359863281,,,
215,67949,1.525498390197754,,,
215,67999,1.6198465824127197,,,
215,68049,1.6670478582382202,,,
215,68099,1.5059064626693726,,,
215,68149,1.5826606750488281,,,
215,68171,,0.8294000029563904,0.7311869263648987,
215,68171,,,,0.8794000148773193
216,68199,1.6736884117126465,,,
216,68249,1.1631712913513184,,,
216,68299,1.336486577987671,,,
216,68349,1.2415642738342285,,,
216,68399,1.4993343353271484,,,
216,68449,1.5191468000411987,,,
216,68483,,0.8296999931335449,0.7326445579528809,
216,68483,,,,0.8826000094413757
217,68499,1.5006742477416992,,,
217,68549,1.5169097185134888,,,
217,68599,1.5821144580841064,,,
217,68649,1.6413670778274536,,,
217,68699,1.5265833139419556,,,
217,68749,1.6217187643051147,,,
217,68795,,0.8287000060081482,0.726100742816925,
217,68795,,,,0.8802000284194946
218,68799,1.546276569366455,,,
218,68849,1.5713354349136353,,,
218,68899,1.441711187362671,,,
218,68949,1.5420863628387451,,,
218,68999,1.4019238948822021,,,
218,69049,1.4925801753997803,,,
218,69099,1.603114366531372,,,
218,69107,,0.8292999863624573,0.7256411910057068,
218,69107,,,,0.8815000057220459
219,69149,1.5174106359481812,,,
219,69199,1.494522213935852,,,
219,69249,1.5729079246520996,,,
219,69299,1.5806777477264404,,,
219,69349,1.5134434700012207,,,
219,69399,1.6618878841400146,,,
219,69419,,0.8289999961853027,0.724506676197052,
219,69419,,,,0.8826000094413757
220,69449,1.3371243476867676,,,
220,69499,1.7791502475738525,,,
220,69549,1.6160008907318115,,,
220,69599,1.6577093601226807,,,
220,69649,1.5395698547363281,,,
220,69699,1.6230676174163818,,,
220,69731,,0.8314999938011169,0.7237268686294556,
220,69731,,,,0.8805999755859375
221,69749,1.6792752742767334,,,
221,69799,1.35929536819458,,,
221,69849,1.767454981803894,,,
221,69899,1.5926027297973633,,,
221,69949,1.5516574382781982,,,
221,69999,1.6524192094802856,,,
221,70043,,0.8302000164985657,0.7207626700401306,
221,70043,,,,0.8816999793052673
222,70049,1.6320626735687256,,,
222,70099,1.1605637073516846,,,
222,70149,1.5903723239898682,,,
222,70199,1.633986234664917,,,
222,70249,1.7030466794967651,,,
222,70299,1.7227743864059448,,,
222,70349,1.6233201026916504,,,
222,70355,,0.8299000263214111,0.7241640090942383,
222,70355,,,,0.8815000057220459
223,70399,1.6654820442199707,,,
223,70449,1.7563190460205078,,,
223,70499,1.2276222705841064,,,
223,70549,1.6645638942718506,,,
223,70599,1.5767831802368164,,,
223,70649,1.612128734588623,,,
223,70667,,0.8281999826431274,0.7229480743408203,
223,70667,,,,0.8819000124931335
224,70699,1.643061637878418,,,
224,70749,1.3543412685394287,,,
224,70799,1.6664540767669678,,,
224,70849,1.5580897331237793,,,
224,70899,1.335113286972046,,,
224,70949,1.5783007144927979,,,
224,70979,,0.828499972820282,0.7234097719192505,
224,70979,,,,0.8828999996185303
225,70999,1.7206430435180664,,,
225,71049,1.0645089149475098,,,
225,71099,1.5926471948623657,,,
225,71149,1.2426623106002808,,,
225,71199,1.6538742780685425,,,
225,71249,1.6754841804504395,,,
225,71291,,0.8277000188827515,0.7251423597335815,
225,71291,,,,0.8812000155448914
226,71299,1.4808259010314941,,,
226,71349,1.2496576309204102,,,
226,71399,1.5763757228851318,,,
226,71449,1.5649545192718506,,,
226,71499,1.368720531463623,,,
226,71549,1.3923132419586182,,,
226,71599,1.604055643081665,,,
226,71603,,0.8260999917984009,0.731309175491333,
226,71603,,,,0.880299985408783
227,71649,1.3069217205047607,,,
227,71699,1.7261066436767578,,,
227,71749,1.6568857431411743,,,
227,71799,1.6376104354858398,,,
227,71849,1.705603837966919,,,
227,71899,1.7625725269317627,,,
227,71915,,0.8295999765396118,0.7289570569992065,
227,71915,,,,0.8830999732017517
228,71949,1.6308960914611816,,,
228,71999,1.5642364025115967,,,
228,72049,1.651896595954895,,,
228,72099,1.6395690441131592,,,
228,72149,1.1543853282928467,,,
228,72199,1.586599349975586,,,
228,72227,,0.8269000053405762,0.7353019714355469,
228,72227,,,,0.880299985408783
229,72249,1.6120420694351196,,,
229,72299,1.7481822967529297,,,
229,72349,1.6756774187088013,,,
229,72399,1.6367197036743164,,,
229,72449,1.7005890607833862,,,
229,72499,1.7244679927825928,,,
229,72539,,0.8264999985694885,0.7340051531791687,
229,72539,,,,0.8808000087738037
230,72549,1.2221345901489258,,,
230,72599,1.5327434539794922,,,
230,72649,1.5921720266342163,,,
230,72699,1.6669566631317139,,,
230,72749,1.388999342918396,,,
230,72799,1.5275248289108276,,,
230,72849,1.5406911373138428,,,
230,72851,,0.8270999789237976,0.7245170474052429,
230,72851,,,,0.8840000033378601
231,72899,1.712033987045288,,,
231,72949,1.6089746952056885,,,
231,72999,1.4331252574920654,,,
231,73049,1.4767234325408936,,,
231,73099,1.5321766138076782,,,
231,73149,1.2383203506469727,,,
231,73163,,0.8273000121116638,0.7311493158340454,
231,73163,,,,0.8812999725341797
232,73199,1.532280683517456,,,
232,73249,1.6650724411010742,,,
232,73299,1.5894129276275635,,,
232,73349,1.4645915031433105,,,
232,73399,1.533294677734375,,,
232,73449,1.6078073978424072,,,
232,73475,,0.8281000256538391,0.7302954196929932,
232,73475,,,,0.8827000260353088
233,73499,1.2188482284545898,,,
233,73549,1.2312331199645996,,,
233,73599,1.5834264755249023,,,
233,73649,1.390998125076294,,,
233,73699,1.5635509490966797,,,
233,73749,1.6912171840667725,,,
233,73787,,0.8282999992370605,0.7300822138786316,
233,73787,,,,0.880299985408783
234,73799,1.699725866317749,,,
234,73849,1.573289394378662,,,
234,73899,1.091676950454712,,,
234,73949,1.555438756942749,,,
234,73999,1.3473434448242188,,,
234,74049,1.4020001888275146,,,
234,74099,1.623292326927185,,,
234,74099,,0.8300999999046326,0.7217670679092407,
234,74099,,,,0.8840000033378601
235,74149,1.5299186706542969,,,
235,74199,1.5866984128952026,,,
235,74249,1.6723217964172363,,,
235,74299,1.6520378589630127,,,
235,74349,1.590131163597107,,,
235,74399,1.3785830736160278,,,
235,74411,,0.8270000219345093,0.7339543104171753,
235,74411,,,,0.8798999786376953
236,74449,1.7157491445541382,,,
236,74499,1.5004901885986328,,,
236,74549,1.5299358367919922,,,
236,74599,1.6118098497390747,,,
236,74649,1.6739641427993774,,,
236,74699,1.620635986328125,,,
236,74723,,0.8291000127792358,0.7348684668540955,
236,74723,,,,0.8824999928474426
237,74749,1.6550722122192383,,,
237,74799,1.6090269088745117,,,
237,74849,1.2023969888687134,,,
237,74899,1.5845036506652832,,,
237,74949,1.615109920501709,,,
237,74999,1.5895123481750488,,,
237,75035,,0.829800009727478,0.731009304523468,
237,75035,,,,0.8823000192642212
238,75049,1.6255369186401367,,,
238,75099,1.6842849254608154,,,
238,75149,1.151228427886963,,,
238,75199,1.4450829029083252,,,
238,75249,1.6628077030181885,,,
238,75299,1.5565001964569092,,,
238,75347,,0.82669997215271,0.7322508096694946,
238,75347,,,,0.8812999725341797
239,75349,1.4681477546691895,,,
239,75399,1.554447889328003,,,
239,75449,1.5956602096557617,,,
239,75499,1.3380308151245117,,,
239,75549,1.6018551588058472,,,
239,75599,1.6312496662139893,,,
239,75649,1.6636748313903809,,,
239,75659,,0.8288000226020813,0.7301068902015686,
239,75659,,,,0.8830999732017517
240,75699,1.5486397743225098,,,
240,75749,1.625880241394043,,,
240,75799,1.659891128540039,,,
240,75849,1.640887975692749,,,
240,75899,1.4377309083938599,,,
240,75949,1.5757373571395874,,,
240,75971,,0.8294000029563904,0.7186987996101379,
240,75971,,,,0.8802000284194946
241,75999,1.6334888935089111,,,
241,76049,1.346910834312439,,,
241,76099,1.5752158164978027,,,
241,76149,1.6040468215942383,,,
241,76199,1.3929935693740845,,,
241,76249,1.6597872972488403,,,
241,76283,,0.8299000263214111,0.7213869690895081,
241,76283,,,,0.8848999738693237
242,76299,1.659306287765503,,,
242,76349,1.5546985864639282,,,
242,76399,1.5896135568618774,,,
242,76449,1.5821120738983154,,,
242,76499,1.6283769607543945,,,
242,76549,1.6090593338012695,,,
242,76595,,0.8292999863624573,0.7248190641403198,
242,76595,,,,0.8819000124931335
243,76599,1.5845799446105957,,,
243,76649,1.3175338506698608,,,
243,76699,1.551727294921875,,,
243,76749,1.6111072301864624,,,
243,76799,1.6539970636367798,,,
243,76849,1.6498701572418213,,,
243,76899,1.5627275705337524,,,
243,76907,,0.8274000287055969,0.7272042632102966,
243,76907,,,,0.883400022983551
244,76949,1.1178255081176758,,,
244,76999,1.6932874917984009,,,
244,77049,1.4283411502838135,,,
244,77099,1.5713965892791748,,,
244,77149,1.5245206356048584,,,
244,77199,1.6746604442596436,,,
244,77219,,0.8274000287055969,0.7281287312507629,
244,77219,,,,0.8799999952316284
245,77249,1.4277064800262451,,,
245,77299,1.6741303205490112,,,
245,77349,1.4321513175964355,,,
245,77399,1.2028977870941162,,,
245,77449,1.5974962711334229,,,
245,77499,1.6358450651168823,,,
245,77531,,0.8284000158309937,0.730003833770752,
245,77531,,,,0.8834999799728394
246,77549,1.4117804765701294,,,
246,77599,1.403564214706421,,,
246,77649,1.5494290590286255,,,
246,77699,1.6099178791046143,,,
246,77749,1.6639251708984375,,,
246,77799,1.4847379922866821,,,
246,77843,,0.8302000164985657,0.7284175753593445,
246,77843,,,,0.8823000192642212
247,77849,1.6932458877563477,,,
247,77899,1.6225088834762573,,,
247,77949,1.6080505847930908,,,
247,77999,1.5920145511627197,,,
247,78049,1.615019679069519,,,
247,78099,1.503272294998169,,,
247,78149,1.5478644371032715,,,
247,78155,,0.8302000164985657,0.7314720749855042,
247,78155,,,,0.8817999958992004
248,78199,1.6045860052108765,,,
248,78249,1.687579870223999,,,
248,78299,1.5382614135742188,,,
248,78349,1.6205824613571167,,,
248,78399,1.5695254802703857,,,
248,78449,1.7702075242996216,,,
248,78467,,0.8287000060081482,0.7265883684158325,
248,78467,,,,0.8816999793052673
249,78499,1.6248772144317627,,,
249,78549,1.0554609298706055,,,
249,78599,1.6083335876464844,,,
249,78649,1.5784282684326172,,,
249,78699,1.3673937320709229,,,
249,78749,1.254431128501892,,,
249,78779,,0.8296999931335449,0.7264920473098755,
249,78779,,,,0.8827000260353088
250,78799,1.6188735961914062,,,
250,78849,1.6330995559692383,,,
250,78899,1.6768187284469604,,,
250,78949,1.5246134996414185,,,
250,78999,1.47896409034729,,,
250,79049,1.2866162061691284,,,
250,79091,,0.8295000195503235,0.7272753715515137,
250,79091,,,,0.8827000260353088
251,79099,1.591766357421875,,,
251,79149,1.3796095848083496,,,
251,79199,1.378861665725708,,,
251,79249,1.583838701248169,,,
251,79299,1.5733160972595215,,,
251,79349,1.5400530099868774,,,
251,79399,1.5481081008911133,,,
251,79403,,0.8267999887466431,0.727175235748291,
251,79403,,,,0.8790000081062317
252,79449,1.7745826244354248,,,
252,79499,1.621570110321045,,,
252,79549,1.6500613689422607,,,
252,79599,1.6954312324523926,,,
252,79649,1.5500987768173218,,,
252,79699,1.609116554260254,,,
252,79715,,0.8267999887466431,0.7350357174873352,
252,79715,,,,0.8805000185966492
253,79749,1.3372565507888794,,,
253,79799,1.5459922552108765,,,
253,79849,1.5269126892089844,,,
253,79899,1.3850457668304443,,,
253,79949,1.6596877574920654,,,
253,79999,1.6095774173736572,,,
253,80027,,0.8319000005722046,0.7268962860107422,
253,80027,,,,0.8823999762535095
254,80049,1.4817602634429932,,,
254,80099,1.6132614612579346,,,
254,80149,1.6505626440048218,,,
254,80199,1.591721773147583,,,
254,80249,1.6773251295089722,,,
254,80299,1.511430263519287,,,
254,80339,,0.8299000263214111,0.7267261743545532,
254,80339,,,,0.8810999989509583
255,80349,1.8061343431472778,,,
255,80399,1.3809833526611328,,,
255,80449,1.578186273574829,,,
255,80499,1.7225532531738281,,,
255,80549,1.5989751815795898,,,
255,80599,1.5203255414962769,,,
255,80649,1.5075844526290894,,,
255,80651,,0.8288999795913696,0.7279897928237915,
255,80651,,,,0.8788999915122986
256,80699,1.5241713523864746,,,
256,80749,1.5859341621398926,,,
256,80799,1.5578384399414062,,,
256,80849,1.4206631183624268,,,
256,80899,1.5631234645843506,,,
256,80949,1.6407586336135864,,,
256,80963,,0.8288000226020813,0.7232262492179871,
256,80963,,,,0.882099986076355
257,80999,1.6775555610656738,,,
257,81049,1.6255977153778076,,,
257,81099,1.584402084350586,,,
257,81149,1.40861976146698,,,
257,81199,1.637136697769165,,,
257,81249,1.5931835174560547,,,
257,81275,,0.8295999765396118,0.7279520630836487,
257,81275,,,,0.881600022315979
258,81299,1.3772655725479126,,,
258,81349,1.5819158554077148,,,
258,81399,1.4876669645309448,,,
258,81449,1.510082483291626,,,
258,81499,1.540724754333496,,,
258,81549,1.5196865797042847,,,
258,81587,,0.8282999992370605,0.7274001240730286,
258,81587,,,,0.8787999749183655
259,81599,1.7021121978759766,,,
259,81649,1.6023720502853394,,,
259,81699,1.6468048095703125,,,
259,81749,1.394911289215088,,,
259,81799,1.611478328704834,,,
259,81849,1.2885524034500122,,,
259,81899,1.3504016399383545,,,
259,81899,,0.8294000029563904,0.7249478697776794,
259,81899,,,,0.8815000057220459
260,81949,1.404213547706604,,,
260,81999,1.6296911239624023,,,
260,82049,1.5509963035583496,,,
260,82099,1.62577486038208,,,
260,82149,1.6956963539123535,,,
260,82199,1.4448766708374023,,,
260,82211,,0.8312000036239624,0.7259474396705627,
260,82211,,,,0.8822000026702881
261,82249,1.503435730934143,,,
261,82299,1.5533943176269531,,,
261,82349,1.5394530296325684,,,
261,82399,1.7550714015960693,,,
261,82449,1.6384018659591675,,,
261,82499,1.4492586851119995,,,
261,82523,,0.8310999870300293,0.7245581150054932,
261,82523,,,,0.8828999996185303
262,82549,1.7305089235305786,,,
262,82599,1.3245829343795776,,,
262,82649,1.6307785511016846,,,
262,82699,1.4886174201965332,,,
262,82749,1.1449921131134033,,,
262,82799,1.566411018371582,,,
262,82835,,0.8288999795913696,0.7230857610702515,
262,82835,,,,0.8817999958992004
263,82849,1.6260762214660645,,,
263,82899,1.6578993797302246,,,
263,82949,1.6159883737564087,,,
263,82999,1.2843059301376343,,,
263,83049,1.4962704181671143,,,
263,83099,1.5984501838684082,,,
263,83147,,0.8299000263214111,0.7272399663925171,
263,83147,,,,0.8827999830245972
264,83149,1.7527892589569092,,,
264,83199,1.5045111179351807,,,
264,83249,1.6512506008148193,,,
264,83299,1.672638177871704,,,
264,83349,1.54432213306427,,,
264,83399,1.5024234056472778,,,
264,83449,1.6227238178253174,,,
264,83459,,0.8270999789237976,0.7221141457557678,
264,83459,,,,0.8816999793052673
265,83499,1.3887689113616943,,,
265,83549,1.6432530879974365,,,
265,83599,1.4872602224349976,,,
265,83649,1.4943022727966309,,,
265,83699,1.4601383209228516,,,
265,83749,1.424828290939331,,,
265,83771,,0.8295999765396118,0.7300941348075867,
265,83771,,,,0.8823000192642212
266,83799,1.6523246765136719,,,
266,83849,1.2717111110687256,,,
266,83899,1.4289984703063965,,,
266,83949,1.6958012580871582,,,
266,83999,1.6088006496429443,,,
266,84049,1.4967057704925537,,,
266,84083,,0.8289999961853027,0.7305855751037598,
266,84083,,,,0.8827000260353088
267,84099,1.4637327194213867,,,
267,84149,1.6070373058319092,,,
267,84199,1.5356128215789795,,,
267,84249,1.6669366359710693,,,
267,84299,1.6121069192886353,,,
267,84349,1.5648300647735596,,,
267,84395,,0.8273000121116638,0.7314203381538391,
267,84395,,,,0.8827000260353088
268,84399,1.587514877319336,,,
268,84449,1.457163691520691,,,
268,84499,1.6544137001037598,,,
268,84549,1.5094313621520996,,,
268,84599,1.413325309753418,,,
268,84649,1.381304383277893,,,
268,84699,1.5916638374328613,,,
268,84707,,0.8263999819755554,0.7298987507820129,
268,84707,,,,0.8806999921798706
269,84749,1.494821310043335,,,
269,84799,1.5727934837341309,,,
269,84849,1.6742792129516602,,,
269,84899,1.675218105316162,,,
269,84949,1.4331175088882446,,,
269,84999,1.4972717761993408,,,
269,85019,,0.8277000188827515,0.725436806678772,
269,85019,,,,0.8823000192642212
270,85049,1.411743402481079,,,
270,85099,1.5519191026687622,,,
270,85149,1.5865099430084229,,,
270,85199,1.6019434928894043,,,
270,85249,1.556633472442627,,,
270,85299,1.5539989471435547,,,
270,85331,,0.8273000121116638,0.736670970916748,
270,85331,,,,0.883400022983551
271,85349,1.4228053092956543,,,
271,85399,1.685969591140747,,,
271,85449,1.723730444908142,,,
271,85499,1.6472835540771484,,,
271,85549,1.6385822296142578,,,
271,85599,1.5836338996887207,,,
271,85643,,0.8284000158309937,0.7282864451408386,
271,85643,,,,0.8817999958992004
272,85649,1.6310170888900757,,,
272,85699,1.6799976825714111,,,
272,85749,1.1589758396148682,,,
272,85799,1.5733191967010498,,,
272,85849,1.3691587448120117,,,
272,85899,1.6315443515777588,,,
272,85949,1.347598910331726,,,
272,85955,,0.8258000016212463,0.7308189272880554,
272,85955,,,,0.8827999830245972
273,85999,1.5502543449401855,,,
273,86049,1.2401410341262817,,,
273,86099,1.465935230255127,,,
273,86149,1.511122703552246,,,
273,86199,1.6019401550292969,,,
273,86249,1.5815045833587646,,,
273,86267,,0.8288999795913696,0.7288349270820618,
273,86267,,,,0.8838000297546387
274,86299,1.5460596084594727,,,
274,86349,1.5954794883728027,,,
274,86399,1.3601946830749512,,,
274,86449,1.541772723197937,,,
274,86499,0.9220483303070068,,,
274,86549,1.199439287185669,,,
274,86579,,0.8260999917984009,0.7240943312644958,
274,86579,,,,0.8817999958992004
275,86599,1.4037059545516968,,,
275,86649,1.3864160776138306,,,
275,86699,1.4325437545776367,,,
275,86749,1.45429265499115,,,
275,86799,1.6210262775421143,,,
275,86849,1.1325738430023193,,,
275,86891,,0.8271999955177307,0.729387104511261,
275,86891,,,,0.8822000026702881
276,86899,1.54498291015625,,,
276,86949,1.4048197269439697,,,
276,86999,1.5758094787597656,,,
276,87049,1.4119329452514648,,,
276,87099,1.6137031316757202,,,
276,87149,1.3774001598358154,,,
276,87199,1.5860142707824707,,,
276,87203,,0.829800009727478,0.7324443459510803,
276,87203,,,,0.8815000057220459
277,87249,1.66053307056427,,,
277,87299,1.5463247299194336,,,
277,87349,1.6770734786987305,,,
277,87399,1.11944580078125,,,
277,87449,1.307694435119629,,,
277,87499,1.1684879064559937,,,
277,87515,,0.8288000226020813,0.722750186920166,
277,87515,,,,0.8845000267028809
278,87549,1.3596527576446533,,,
278,87599,1.558882236480713,,,
278,87649,1.4606454372406006,,,
278,87699,1.4675776958465576,,,
278,87749,1.613587498664856,,,
278,87799,1.4848253726959229,,,
278,87827,,0.8289999961853027,0.7213638424873352,
278,87827,,,,0.881600022315979
279,87849,1.520566463470459,,,
279,87899,1.5822422504425049,,,
279,87949,1.6669256687164307,,,
279,87999,1.3562982082366943,,,
279,88049,1.4055513143539429,,,
279,88099,1.5363795757293701,,,
279,88139,,0.8258000016212463,0.7279106378555298,
279,88139,,,,0.8805999755859375
280,88149,1.6560883522033691,,,
280,88199,1.2092652320861816,,,
280,88249,1.6494011878967285,,,
280,88299,1.6924494504928589,,,
280,88349,1.663623332977295,,,
280,88399,1.5000733137130737,,,
280,88449,1.5038541555404663,,,
280,88451,,0.8299000263214111,0.7221052050590515,
280,88451,,,,0.8831999897956848
281,88499,1.5648877620697021,,,
281,88549,1.195418357849121,,,
281,88599,1.576538324356079,,,
281,88649,1.6015141010284424,,,
281,88699,1.63720703125,,,
281,88749,1.4499808549880981,,,
281,88763,,0.8278999924659729,0.728691041469574,
281,88763,,,,0.8804000020027161
282,88799,1.664878249168396,,,
282,88849,1.622905969619751,,,
282,88899,1.4483742713928223,,,
282,88949,1.0499882698059082,,,
282,88999,1.5510382652282715,,,
282,89049,1.6586227416992188,,,
282,89075,,0.8267999887466431,0.7334029078483582,
282,89075,,,,0.8787999749183655
283,89099,1.5637180805206299,,,
283,89149,1.5941650867462158,,,
283,89199,1.6055891513824463,,,
283,89249,1.6221740245819092,,,
283,89299,1.3599244356155396,,,
283,89349,1.281700611114502,,,
283,89387,,0.8288000226020813,0.7186092734336853,
283,89387,,,,0.8828999996185303
284,89399,1.4261409044265747,,,
284,89449,1.6819143295288086,,,
284,89499,1.5743589401245117,,,
284,89549,1.5770119428634644,,,
284,89599,1.7263346910476685,,,
284,89649,1.5457208156585693,,,
284,89699,1.6167508363723755,,,
284,89699,,0.8260999917984009,0.731586754322052,
284,89699,,,,0.8794000148773193
285,89749,1.27592134475708,,,
285,89799,1.648615837097168,,,
285,89849,1.5336296558380127,,,
285,89899,1.4095046520233154,,,
285,89949,1.653136968612671,,,
285,89999,1.4501465559005737,,,
285,90011,,0.8264999985694885,0.7302138805389404,
285,90011,,,,0.8806999921798706
286,90049,1.6355454921722412,,,
286,90099,1.555284023284912,,,
286,90149,1.6062995195388794,,,
286,90199,1.5492050647735596,,,
286,90249,1.653509259223938,,,
286,90299,1.4506584405899048,,,
286,90323,,0.8263000249862671,0.7292129993438721,
286,90323,,,,0.8816999793052673
287,90349,1.656531572341919,,,
287,90399,1.523315191268921,,,
287,90449,1.6962095499038696,,,
287,90499,1.3576759099960327,,,
287,90549,1.6468640565872192,,,
287,90599,1.6408226490020752,,,
287,90635,,0.8281999826431274,0.7307448983192444,
287,90635,,,,0.8827999830245972
288,90649,1.4999864101409912,,,
288,90699,1.4721870422363281,,,
288,90749,1.435591697692871,,,
288,90799,1.416974663734436,,,
288,90849,1.6329197883605957,,,
288,90899,1.6566792726516724,,,
288,90947,,0.8276000022888184,0.7353556156158447,
288,90947,,,,0.8798999786376953
289,90949,1.532018780708313,,,
289,90999,1.6218862533569336,,,
289,91049,1.4779132604599,,,
289,91099,1.6241414546966553,,,
289,91149,1.642568588256836,,,
289,91199,1.6548101902008057,,,
289,91249,1.4862005710601807,,,
289,91259,,0.828499972820282,0.728506326675415,
289,91259,,,,0.880299985408783
290,91299,1.478988766670227,,,
290,91349,1.4735723733901978,,,
290,91399,1.5119454860687256,,,
290,91449,1.397376537322998,,,
290,91499,1.6103827953338623,,,
290,91549,1.5902533531188965,,,
290,91571,,0.8267999887466431,0.7293092608451843,
290,91571,,,,0.8812999725341797
291,91599,1.4414501190185547,,,
291,91649,1.6312427520751953,,,
291,91699,1.56679105758667,,,
291,91749,1.4932045936584473,,,
291,91799,1.4879406690597534,,,
291,91849,1.598217487335205,,,
291,91883,,0.8274999856948853,0.7328450679779053,
291,91883,,,,0.8791999816894531
292,91899,1.5831120014190674,,,
292,91949,1.6006824970245361,,,
292,91999,1.4681341648101807,,,
292,92049,1.667403221130371,,,
292,92099,1.739087462425232,,,
292,92149,1.258349895477295,,,
292,92195,,0.8285999894142151,0.7367960810661316,
292,92195,,,,0.879800021648407
293,92199,1.725679636001587,,,
293,92249,1.499742865562439,,,
293,92299,1.5374565124511719,,,
293,92349,1.6452302932739258,,,
293,92399,1.7240582704544067,,,
293,92449,1.5398688316345215,,,
293,92499,1.5030598640441895,,,
293,92507,,0.82669997215271,0.7299898266792297,
293,92507,,,,0.8812999725341797
294,92549,1.5679028034210205,,,
294,92599,1.6087027788162231,,,
294,92649,1.3338395357131958,,,
294,92699,1.5607523918151855,,,
294,92749,1.397270917892456,,,
294,92799,1.7111544609069824,,,
294,92819,,0.828000009059906,0.7330347895622253,
294,92819,,,,0.8809000253677368
295,92849,1.522311806678772,,,
295,92899,1.6752508878707886,,,
295,92949,1.6186950206756592,,,
295,92999,1.5333912372589111,,,
295,93049,1.4428410530090332,,,
295,93099,1.6260679960250854,,,
295,93131,,0.8238000273704529,0.7420128583908081,
295,93131,,,,0.8774999976158142
296,93149,1.562333583831787,,,
296,93199,1.490073800086975,,,
296,93249,1.6095552444458008,,,
296,93299,1.4378083944320679,,,
296,93349,1.5822408199310303,,,
296,93399,1.643895149230957,,,
296,93443,,0.8287000060081482,0.7271183729171753,
296,93443,,,,0.882099986076355
297,93449,1.4404338598251343,,,
297,93499,1.3101866245269775,,,
297,93549,1.3439793586730957,,,
297,93599,1.596778154373169,,,
297,93649,1.4953649044036865,,,
297,93699,1.582200288772583,,,
297,93749,1.5485129356384277,,,
297,93755,,0.8288000226020813,0.7228283882141113,
297,93755,,,,0.8812000155448914
298,93799,1.6169650554656982,,,
298,93849,1.582794427871704,,,
298,93899,1.4347031116485596,,,
298,93949,1.6489171981811523,,,
298,93999,1.5700442790985107,,,
298,94049,1.4700732231140137,,,
298,94067,,0.8284000158309937,0.7328600883483887,
298,94067,,,,0.882099986076355
299,94099,1.2330660820007324,,,
299,94149,1.5833017826080322,,,
299,94199,1.401238203048706,,,
299,94249,1.6644887924194336,,,
299,94299,1.4904190301895142,,,
299,94349,1.5030133724212646,,,
299,94379,,0.8270999789237976,0.7168964147567749,
299,94379,,,,0.882099986076355
