epoch,train_loss,step,val_acc,val_loss,train_acc,test_acc
0,3.6579535007476807,49,,,,
0,3.692857265472412,99,,,,
0,3.773338556289673,149,,,,
0,3.5998425483703613,199,,,,
0,3.6290283203125,249,,,,
0,3.40580677986145,299,,,,
0,,311,0.4120999872684479,1.6500351428985596,,
0,,311,,,0.2779071629047394,0.4499000012874603
1,3.143400192260742,349,,,,
1,3.2955615520477295,399,,,,
1,3.1836049556732178,449,,,,
1,3.0197393894195557,499,,,,
1,3.08024263381958,549,,,,
1,2.887518882751465,599,,,,
1,,623,0.5406000018119812,1.3824232816696167,,
1,,623,,,0.4110952615737915,0.5979999899864197
2,3.136235475540161,649,,,,
2,2.8358423709869385,699,,,,
2,2.831482410430908,749,,,,
2,2.910243034362793,799,,,,
2,2.8659920692443848,849,,,,
2,2.747223377227783,899,,,,
2,,935,0.5680000185966492,1.3196418285369873,,
2,,935,,,0.4969826638698578,0.6290000081062317
3,2.6050305366516113,949,,,,
3,2.5196712017059326,999,,,,
3,2.6773393154144287,1049,,,,
3,2.2499420642852783,1099,,,,
3,2.6651313304901123,1149,,,,
3,2.5563297271728516,1199,,,,
3,,1247,0.59170001745224,1.2569836378097534,,
3,,1247,,,0.5553761124610901,0.6657000184059143
4,2.499173402786255,1249,,,,
4,2.226872682571411,1299,,,,
4,2.2101306915283203,1349,,,,
4,2.31484055519104,1399,,,,
4,2.591362953186035,1449,,,,
4,2.351041555404663,1499,,,,
4,2.4645938873291016,1549,,,,
4,,1559,0.6287000179290771,1.1892505884170532,,
4,,1559,,,0.5891175866127014,0.7024999856948853
5,2.1619536876678467,1599,,,,
5,2.3263778686523438,1649,,,,
5,2.450049638748169,1699,,,,
5,2.4215707778930664,1749,,,,
5,1.9718890190124512,1799,,,,
5,2.3668479919433594,1849,,,,
5,,1871,0.6539999842643738,1.1383874416351318,,
5,,1871,,,0.6192407608032227,0.7437999844551086
6,2.1137189865112305,1899,,,,
6,1.8711090087890625,1949,,,,
6,2.122628688812256,1999,,,,
6,2.210935354232788,2049,,,,
6,2.2427096366882324,2099,,,,
6,2.1478285789489746,2149,,,,
6,,2183,0.6495000123977661,1.1791083812713623,,
6,,2183,,,0.6349534392356873,0.7275000214576721
7,2.1273560523986816,2199,,,,
7,1.8660590648651123,2249,,,,
7,1.6988286972045898,2299,,,,
7,1.7537925243377686,2349,,,,
7,2.303966999053955,2399,,,,
7,2.065903425216675,2449,,,,
7,,2495,0.6948999762535095,1.0560930967330933,,
7,,2495,,,0.6468223929405212,0.7892000079154968
8,1.9393091201782227,2499,,,,
8,2.0177996158599854,2549,,,,
8,1.6672385931015015,2599,,,,
8,1.7588504552841187,2649,,,,
8,1.6939467191696167,2699,,,,
8,2.0360846519470215,2749,,,,
8,2.076615571975708,2799,,,,
8,,2807,0.6643000245094299,1.202043890953064,,
8,,2807,,,0.6594926714897156,0.7466999888420105
9,1.6281547546386719,2849,,,,
9,1.742438793182373,2899,,,,
9,1.6637822389602661,2949,,,,
9,1.8625344038009644,2999,,,,
9,1.8414978981018066,3049,,,,
9,1.8623161315917969,3099,,,,
9,,3119,0.697700023651123,1.1348072290420532,,
9,,3119,,,0.669846773147583,0.7914000153541565
10,1.786880373954773,3149,,,,
10,1.643507480621338,3199,,,,
10,1.62538743019104,3249,,,,
10,1.7071789503097534,3299,,,,
10,1.7651578187942505,3349,,,,
10,1.756644368171692,3399,,,,
10,,3431,0.7020000219345093,1.1383136510849,,
10,,3431,,,0.6795998811721802,0.8016999959945679
11,1.7163879871368408,3449,,,,
11,1.5611333847045898,3499,,,,
11,1.63478422164917,3549,,,,
11,1.341529130935669,3599,,,,
11,1.7160141468048096,3649,,,,
11,1.3771586418151855,3699,,,,
11,,3743,0.7365000247955322,1.1178523302078247,,
11,,3743,,,0.6857346892356873,0.8359000086784363
12,1.5934271812438965,3749,,,,
12,1.4285454750061035,3799,,,,
12,1.556849718093872,3849,,,,
12,1.2611808776855469,3899,,,,
12,1.4581291675567627,3949,,,,
12,1.4334489107131958,3999,,,,
12,1.7363897562026978,4049,,,,
12,,4055,0.6933000087738037,1.2787041664123535,,
12,,4055,,,0.6921073794364929,0.781499981880188
13,1.4627106189727783,4099,,,,
13,1.1843453645706177,4149,,,,
13,1.6885170936584473,4199,,,,
13,1.7657244205474854,4249,,,,
13,1.5691967010498047,4299,,,,
13,1.4701087474822998,4349,,,,
13,,4367,0.7343999743461609,1.1823750734329224,,
13,,4367,,,0.6989057660102844,0.8382999897003174
14,1.3113878965377808,4399,,,,
14,1.5451505184173584,4449,,,,
14,1.5947412252426147,4499,,,,
14,1.2071495056152344,4549,,,,
14,1.4298717975616455,4599,,,,
14,1.5060229301452637,4649,,,,
14,,4679,0.7221999764442444,1.2561745643615723,,
14,,4679,,,0.702073335647583,0.8216999769210815
15,1.4773212671279907,4699,,,,
15,1.3656482696533203,4749,,,,
15,1.2961335182189941,4799,,,,
15,1.201113224029541,4849,,,,
15,1.10691499710083,4899,,,,
15,1.5705771446228027,4949,,,,
15,,4991,0.729200005531311,1.2531713247299194,,
15,,4991,,,0.708909273147583,0.8324000239372253
16,1.547645092010498,4999,,,,
16,1.2146300077438354,5049,,,,
16,1.2372376918792725,5099,,,,
16,1.3648918867111206,5149,,,,
16,1.4354166984558105,5199,,,,
16,1.2288557291030884,5249,,,,
16,1.2158116102218628,5299,,,,
16,,5303,0.7315000295639038,1.220711350440979,,
16,,5303,,,0.7168970108032227,0.8281999826431274
17,1.32344388961792,5349,,,,
17,1.1194336414337158,5399,,,,
17,1.1906296014785767,5449,,,,
17,1.2614408731460571,5499,,,,
17,1.3209011554718018,5549,,,,
17,1.5585966110229492,5599,,,,
17,,5615,0.7056000232696533,1.3827084302902222,,
17,,5615,,,0.7165965437889099,0.7979000210762024
18,1.1824393272399902,5649,,,,
18,0.927631139755249,5699,,,,
18,1.370179295539856,5749,,,,
18,1.3723646402359009,5799,,,,
18,1.1049482822418213,5849,,,,
18,1.194514274597168,5899,,,,
18,,5927,0.739300012588501,1.3311257362365723,,
18,,5927,,,0.722092866897583,0.845300018787384
19,1.3660995960235596,5949,,,,
19,1.1993036270141602,5999,,,,
19,1.2146745920181274,6049,,,,
19,1.119011402130127,6099,,,,
19,1.1195930242538452,6149,,,,
19,1.5709744691848755,6199,,,,
19,,6239,0.7542999982833862,1.337955117225647,,
19,,6239,,,0.7246344089508057,0.8651999831199646
20,1.1014833450317383,6249,,,,
20,1.1446330547332764,6299,,,,
20,1.4649966955184937,6349,,,,
20,1.1838396787643433,6399,,,,
20,1.1344248056411743,6449,,,,
20,1.058138370513916,6499,,,,
20,1.4383978843688965,6549,,,,
20,,6551,0.7529000043869019,1.4044475555419922,,
20,,6551,,,0.7274138331413269,0.868399977684021
21,1.2286611795425415,6599,,,,
21,1.1467204093933105,6649,,,,
21,1.4265007972717285,6699,,,,
21,1.0528523921966553,6749,,,,
21,1.2579476833343506,6799,,,,
21,1.145777702331543,6849,,,,
21,,6863,0.7339000105857849,1.4575014114379883,,
21,,6863,,,0.730881929397583,0.8403000235557556
22,1.2532246112823486,6899,,,,
22,1.0740890502929688,6949,,,,
22,1.0332026481628418,6999,,,,
22,1.0062141418457031,7049,,,,
22,1.1839860677719116,7099,,,,
22,1.1346707344055176,7149,,,,
22,,7175,0.7547000050544739,1.4894315004348755,,
22,,7175,,,0.7329226732254028,0.8676000237464905
23,1.0612114667892456,7199,,,,
23,1.050341010093689,7249,,,,
23,1.0757615566253662,7299,,,,
23,1.146437168121338,7349,,,,
23,0.8941620588302612,7399,,,,
23,1.0295636653900146,7449,,,,
23,,7487,0.7530999779701233,1.44227933883667,,
23,,7487,,,0.7355644106864929,0.8604000210762024
24,1.0450615882873535,7499,,,,
24,1.0475659370422363,7549,,,,
24,0.9263681173324585,7599,,,,
24,0.8773493766784668,7649,,,,
24,1.114885926246643,7699,,,,
24,0.9971810579299927,7749,,,,
24,1.1244536638259888,7799,,,,
24,,7799,0.7511000037193298,1.5147830247879028,,
24,,7799,,,0.739821195602417,0.8604000210762024
25,1.0607457160949707,7849,,,,
25,0.8464643955230713,7899,,,,
25,1.0700287818908691,7949,,,,
25,1.0810787677764893,7999,,,,
25,1.2489337921142578,8049,,,,
25,1.129792332649231,8099,,,,
25,,8111,0.7638999819755554,1.5212054252624512,,
25,,8111,,,0.7409229874610901,0.8815000057220459
26,0.9748193621635437,8149,,,,
26,0.9673104882240295,8199,,,,
26,1.1235921382904053,8249,,,,
26,1.1175298690795898,8299,,,,
26,0.989080011844635,8349,,,,
26,0.9855908155441284,8399,,,,
26,,8423,0.7594000101089478,1.5952428579330444,,
26,,8423,,,0.7431014776229858,0.8694999814033508
27,1.046724557876587,8449,,,,
27,1.0809671878814697,8499,,,,
27,1.1803994178771973,8549,,,,
27,1.0927554368972778,8599,,,,
27,0.9992459416389465,8649,,,,
27,1.2867859601974487,8699,,,,
27,,8735,0.7680000066757202,1.4537978172302246,,
27,,8735,,,0.7431139945983887,0.8784999847412109
28,0.9009510278701782,8749,,,,
28,0.8267580270767212,8799,,,,
28,0.7958406805992126,8849,,,,
28,1.0665422677993774,8899,,,,
28,0.9977723360061646,8949,,,,
28,1.173843264579773,8999,,,,
28,,9047,0.7477999925613403,1.5890430212020874,,
28,,9047,,,0.7462565302848816,0.8518000245094299
29,1.0140225887298584,9049,,,,
29,1.1229395866394043,9099,,,,
29,0.7274513244628906,9149,,,,
29,1.123663067817688,9199,,,,
29,0.9662846326828003,9249,,,,
29,0.9655592441558838,9299,,,,
29,1.0781865119934082,9349,,,,
29,,9359,0.7559999823570251,1.5288023948669434,,
29,,9359,,,0.7485226392745972,0.8761000037193298
30,1.0055114030838013,9399,,,,
30,0.9798559546470642,9449,,,,
30,1.0914108753204346,9499,,,,
30,1.0787051916122437,9549,,,,
30,1.093874454498291,9599,,,,
30,0.9642238616943359,9649,,,,
30,,9671,0.7688999772071838,1.5223312377929688,,
30,,9671,,,0.7494491338729858,0.883899986743927
31,0.9645957946777344,9699,,,,
31,0.9516884684562683,9749,,,,
31,0.9782975912094116,9799,,,,
31,1.0432460308074951,9849,,,,
31,0.9845010042190552,9899,,,,
31,1.0463117361068726,9949,,,,
31,,9983,0.7631000280380249,1.6942232847213745,,
31,,9983,,,0.7501252293586731,0.879800021648407
32,1.072702407836914,9999,,,,
32,0.8351969718933105,10049,,,,
32,1.1263684034347534,10099,,,,
32,1.1824489831924438,10149,,,,
32,1.158455491065979,10199,,,,
32,0.915305495262146,10249,,,,
32,,10295,0.7580999732017517,1.6719261407852173,,
32,,10295,,,0.7526918053627014,0.8758999705314636
33,0.9578502178192139,10299,,,,
33,0.9886443018913269,10349,,,,
33,1.2388522624969482,10399,,,,
33,1.034664273262024,10449,,,,
33,0.8539495468139648,10499,,,,
33,0.8585898280143738,10549,,,,
33,1.0439051389694214,10599,,,,
33,,10607,0.7685999870300293,1.6719056367874146,,
33,,10607,,,0.7532677054405212,0.882099986076355
34,1.0277642011642456,10649,,,,
34,0.7904085516929626,10699,,,,
34,1.1908771991729736,10749,,,,
34,1.0699974298477173,10799,,,,
34,0.9466155767440796,10849,,,,
34,1.0521842241287231,10899,,,,
34,,10919,0.7660999894142151,1.7073620557785034,,
34,,10919,,,0.7548702955245972,0.8830000162124634
35,1.1472194194793701,10949,,,,
35,1.0338414907455444,10999,,,,
35,1.2071130275726318,11049,,,,
35,1.0032525062561035,11099,,,,
35,1.1160380840301514,11149,,,,
35,1.0556632280349731,11199,,,,
35,,11231,0.7777000069618225,1.6238195896148682,,
35,,11231,,,0.7552458643913269,0.8949999809265137
36,0.9708050489425659,11249,,,,
36,0.9383841753005981,11299,,,,
36,0.9242038130760193,11349,,,,
36,0.8631994724273682,11399,,,,
36,1.0105040073394775,11449,,,,
36,0.9098207354545593,11499,,,,
36,,11543,0.7723000049591064,1.6309624910354614,,
36,,11543,,,0.7554086446762085,0.8910999894142151
37,1.0389080047607422,11549,,,,
37,0.8777864575386047,11599,,,,
37,0.8679096698760986,11649,,,,
37,1.1928858757019043,11699,,,,
37,0.8919602632522583,11749,,,,
37,0.9646884202957153,11799,,,,
37,1.0117125511169434,11849,,,,
37,,11855,0.765999972820282,1.7913259267807007,,
37,,11855,,,0.7564854025840759,0.873199999332428
38,0.9578713178634644,11899,,,,
38,1.1308826208114624,11949,,,,
38,0.9875649213790894,11999,,,,
38,0.8364061117172241,12049,,,,
38,0.9432973265647888,12099,,,,
38,0.954330563545227,12149,,,,
38,,12167,0.7541999816894531,1.5752960443496704,,
38,,12167,,,0.7581129670143127,0.8740000128746033
39,0.7964555025100708,12199,,,,
39,0.8875354528427124,12249,,,,
39,0.8832520246505737,12299,,,,
39,0.9225149154663086,12349,,,,
39,1.1088863611221313,12399,,,,
39,0.996168315410614,12449,,,,
39,,12479,0.7720999717712402,1.6451127529144287,,
39,,12479,,,0.7573367357254028,0.891700029373169
40,0.912366509437561,12499,,,,
40,1.0476791858673096,12549,,,,
40,1.0336508750915527,12599,,,,
40,0.8057123422622681,12649,,,,
40,0.9220913648605347,12699,,,,
40,0.9790560007095337,12749,,,,
40,,12791,0.7674000263214111,1.6925525665283203,,
40,,12791,,,0.7599534392356873,0.8840000033378601
41,1.130588173866272,12799,,,,
41,0.9460279941558838,12849,,,,
41,1.0348410606384277,12899,,,,
41,0.9888724088668823,12949,,,,
41,0.9267963171005249,12999,,,,
41,1.015930414199829,13049,,,,
41,1.0374594926834106,13099,,,,
41,,13103,0.7741000056266785,1.7122671604156494,,
41,,13103,,,0.759690523147583,0.8945000171661377
42,0.9838989973068237,13149,,,,
42,0.9763702154159546,13199,,,,
42,0.9006515145301819,13249,,,,
42,0.9477176070213318,13299,,,,
42,0.8180937767028809,13349,,,,
42,1.0597549676895142,13399,,,,
42,,13415,0.7749000191688538,1.6643956899642944,,
42,,13415,,,0.7620692849159241,0.8938999772071838
43,0.9975822567939758,13449,,,,
43,0.9731688499450684,13499,,,,
43,1.053944706916809,13549,,,,
43,1.1085362434387207,13599,,,,
43,0.8300214409828186,13649,,,,
43,1.0521748065948486,13699,,,,
43,,13727,0.7803000211715698,1.6036431789398193,,
43,,13727,,,0.7610802054405212,0.8996000289916992
44,0.8547468185424805,13749,,,,
44,1.0326480865478516,13799,,,,
44,1.0189602375030518,13849,,,,
44,1.0896425247192383,13899,,,,
44,1.037177324295044,13949,,,,
44,0.9432483911514282,13999,,,,
44,,14039,0.7723000049591064,1.7247198820114136,,
44,,14039,,,0.7629832625389099,0.8902000188827515
45,0.8733028769493103,14049,,,,
45,0.8720095753669739,14099,,,,
45,1.003588318824768,14149,,,,
45,0.9116805195808411,14199,,,,
45,0.9169052839279175,14249,,,,
45,1.1919827461242676,14299,,,,
45,0.9920560121536255,14349,,,,
45,,14351,0.7706000208854675,1.6126370429992676,,
45,,14351,,,0.7606545686721802,0.8953999876976013
46,0.9316848516464233,14399,,,,
46,0.9349182844161987,14449,,,,
46,0.7871241569519043,14499,,,,
46,0.961022138595581,14549,,,,
46,0.7913892269134521,14599,,,,
46,0.89374840259552,14649,,,,
46,,14663,0.7735999822616577,1.5301421880722046,,
46,,14663,,,0.7624073624610901,0.8938999772071838
47,0.7511942386627197,14699,,,,
47,0.8918203115463257,14749,,,,
47,0.9932059049606323,14799,,,,
47,0.9667136669158936,14849,,,,
47,0.7959303855895996,14899,,,,
47,1.0228087902069092,14949,,,,
47,,14975,0.7853000164031982,1.497012734413147,,
47,,14975,,,0.7634715437889099,0.9064000248908997
48,0.9876347184181213,14999,,,,
48,0.8686320781707764,15049,,,,
48,0.9072824716567993,15099,,,,
48,0.8304965496063232,15149,,,,
48,0.9551141858100891,15199,,,,
48,0.9053283929824829,15249,,,,
48,,15287,0.7692999839782715,1.7024298906326294,,
48,,15287,,,0.7649363875389099,0.8888000249862671
49,0.9100521206855774,15299,,,,
49,1.029382586479187,15349,,,,
49,0.910775899887085,15399,,,,
49,0.9986864328384399,15449,,,,
49,0.8724888563156128,15499,,,,
49,0.7574141025543213,15549,,,,
49,1.0821741819381714,15599,,,,
49,,15599,0.7635999917984009,1.7552343606948853,,
49,,15599,,,0.7654371857643127,0.8831999897956848
50,0.9220025539398193,15649,,,,
50,0.9361661672592163,15699,,,,
50,1.018701195716858,15749,,,,
50,0.9281212091445923,15799,,,,
50,1.0529885292053223,15849,,,,
50,1.136275291442871,15899,,,,
50,,15911,0.7613999843597412,1.6660923957824707,,
50,,15911,,,0.7654997706413269,0.8847000002861023
51,0.9756307601928711,15949,,,,
51,0.9788254499435425,15999,,,,
51,0.9215925931930542,16049,,,,
51,0.8025637269020081,16099,,,,
51,0.8214513063430786,16149,,,,
51,0.7865798473358154,16199,,,,
51,,16223,0.7644000053405762,1.6055104732513428,,
51,,16223,,,0.7658503651618958,0.8787000179290771
52,0.7938436269760132,16249,,,,
52,0.9656035900115967,16299,,,,
52,1.0430066585540771,16349,,,,
52,1.0247421264648438,16399,,,,
52,0.9915525913238525,16449,,,,
52,1.0087836980819702,16499,,,,
52,,16535,0.7799000144004822,1.6549668312072754,,
52,,16535,,,0.7672901749610901,0.9049999713897705
53,0.776450514793396,16549,,,,
53,0.9997786283493042,16599,,,,
53,0.9947222471237183,16649,,,,
53,0.9535534381866455,16699,,,,
53,0.8730111122131348,16749,,,,
53,0.9019951820373535,16799,,,,
53,,16847,0.76910001039505,1.6590211391448975,,
53,,16847,,,0.7652619481086731,0.8883000016212463
54,0.8218259811401367,16849,,,,
54,0.9647607803344727,16899,,,,
54,0.9788434505462646,16949,,,,
54,0.9410733580589294,16999,,,,
54,0.9113158583641052,17049,,,,
54,0.8784084320068359,17099,,,,
54,0.8788986802101135,17149,,,,
54,,17159,0.781499981880188,1.6475179195404053,,
54,,17159,,,0.7673402428627014,0.9056000113487244
55,0.9891644716262817,17199,,,,
55,0.7793691158294678,17249,,,,
55,0.8223012089729309,17299,,,,
55,0.8750050067901611,17349,,,,
55,0.8740680813789368,17399,,,,
55,0.8642770051956177,17449,,,,
55,,17471,0.7753999829292297,1.5999165773391724,,
55,,17471,,,0.7671524286270142,0.8998000025749207
56,0.954410195350647,17499,,,,
56,0.9451409578323364,17549,,,,
56,1.0454528331756592,17599,,,,
56,0.9283775091171265,17649,,,,
56,0.9650349617004395,17699,,,,
56,0.9262407422065735,17749,,,,
56,,17783,0.78329998254776,1.6261134147644043,,
56,,17783,,,0.7662009000778198,0.9071000218391418
57,1.004508137702942,17799,,,,
57,0.8895970582962036,17849,,,,
57,0.7647088766098022,17899,,,,
57,0.9626531600952148,17949,,,,
57,0.9104959964752197,17999,,,,
57,0.7786283493041992,18049,,,,
57,,18095,0.7817999720573425,1.5575809478759766,,
57,,18095,,,0.7670522928237915,0.900600016117096
58,0.7939600944519043,18099,,,,
58,0.8947830200195312,18149,,,,
58,0.9737813472747803,18199,,,,
58,0.9022984504699707,18249,,,,
58,0.9405903220176697,18299,,,,
58,0.7641993761062622,18349,,,,
58,0.972939133644104,18399,,,,
58,,18407,0.7759000062942505,1.6350748538970947,,
58,,18407,,,0.7682041525840759,0.8998000025749207
59,0.863266110420227,18449,,,,
59,0.761722207069397,18499,,,,
59,0.93332839012146,18549,,,,
59,0.8300247192382812,18599,,,,
59,0.9989007711410522,18649,,,,
59,1.1154695749282837,18699,,,,
59,,18719,0.781499981880188,1.599117398262024,,
59,,18719,,,0.7684921026229858,0.9023000001907349
60,0.9330167174339294,18749,,,,
60,0.8379117846488953,18799,,,,
60,0.7683820724487305,18849,,,,
60,0.90614253282547,18899,,,,
60,0.8308455944061279,18949,,,,
60,0.9579119682312012,18999,,,,
60,,19031,0.7724000215530396,1.6991385221481323,,
60,,19031,,,0.7690805196762085,0.8967000246047974
61,1.0998611450195312,19049,,,,
61,0.926484227180481,19099,,,,
61,0.8077681064605713,19149,,,,
61,1.046616554260254,19199,,,,
61,0.8758007287979126,19249,,,,
61,0.8196809887886047,19299,,,,
61,,19343,0.78329998254776,1.5620168447494507,,
61,,19343,,,0.7696313858032227,0.9079999923706055
62,0.9424635171890259,19349,,,,
62,0.9656533002853394,19399,,,,
62,0.9741989970207214,19449,,,,
62,0.8488542437553406,19499,,,,
62,1.1400067806243896,19549,,,,
62,0.883491575717926,19599,,,,
62,1.0690420866012573,19649,,,,
62,,19655,0.7839000225067139,1.6414082050323486,,
62,,19655,,,0.7714968919754028,0.9043999910354614
63,0.847411036491394,19699,,,,
63,0.8803006410598755,19749,,,,
63,0.9916552901268005,19799,,,,
63,1.0683176517486572,19849,,,,
63,0.8484805822372437,19899,,,,
63,0.7755430936813354,19949,,,,
63,,19967,0.7799000144004822,1.6421360969543457,,
63,,19967,,,0.7692808508872986,0.9088000059127808
64,0.7853953242301941,19999,,,,
64,0.9236515760421753,20049,,,,
64,0.8937317132949829,20099,,,,
64,0.7454258799552917,20149,,,,
64,0.9386916160583496,20199,,,,
64,0.803520917892456,20249,,,,
64,,20279,0.7785000205039978,1.5913885831832886,,
64,,20279,,,0.7703700661659241,0.8986999988555908
65,0.7486562728881836,20299,,,,
65,1.0702791213989258,20349,,,,
65,0.8646656274795532,20399,,,,
65,0.9527479410171509,20449,,,,
65,0.9451594948768616,20499,,,,
65,0.8929819464683533,20549,,,,
65,,20591,0.7888000011444092,1.566215991973877,,
65,,20591,,,0.7697315812110901,0.9120000004768372
66,0.7265769839286804,20599,,,,
66,0.9284789562225342,20649,,,,
66,0.9338563680648804,20699,,,,
66,0.6984972953796387,20749,,,,
66,0.7792502641677856,20799,,,,
66,0.7247887849807739,20849,,,,
66,0.8614996075630188,20899,,,,
66,,20903,0.7803999781608582,1.5948601961135864,,
66,,20903,,,0.7707456946372986,0.9063000082969666
67,1.011837363243103,20949,,,,
67,0.6856006383895874,20999,,,,
67,0.7948565483093262,21049,,,,
67,0.7318768501281738,21099,,,,
67,0.886786162853241,21149,,,,
67,0.8362348079681396,21199,,,,
67,,21215,0.7865999937057495,1.541007161140442,,
67,,21215,,,0.7717472910881042,0.9120000004768372
68,0.7841169238090515,21249,,,,
68,0.7526243329048157,21299,,,,
68,0.9523777961730957,21349,,,,
68,0.8424233794212341,21399,,,,
68,1.1456069946289062,21449,,,,
68,0.9116407632827759,21499,,,,
68,,21527,0.7771000266075134,1.6584442853927612,,
68,,21527,,,0.7704201936721802,0.8986999988555908
69,0.7335080504417419,21549,,,,
69,0.7403692007064819,21599,,,,
69,0.8482788801193237,21649,,,,
69,0.8887369632720947,21699,,,,
69,0.838937520980835,21749,,,,
69,0.8707033395767212,21799,,,,
69,,21839,0.7734000086784363,1.6428847312927246,,
69,,21839,,,0.7709585428237915,0.8952999711036682
70,0.8912700414657593,21849,,,,
70,1.0174669027328491,21899,,,,
70,0.8291289806365967,21949,,,,
70,0.8126500844955444,21999,,,,
70,0.9695783853530884,22049,,,,
70,0.7073763608932495,22099,,,,
70,0.6931638121604919,22149,,,,
70,,22151,0.7760000228881836,1.6217315196990967,,
70,,22151,,,0.7733999490737915,0.8920999765396118
71,0.8419591188430786,22199,,,,
71,0.9721742868423462,22249,,,,
71,0.7393739223480225,22299,,,,
71,0.7737064361572266,22349,,,,
71,0.6771160364151001,22399,,,,
71,0.881352424621582,22449,,,,
71,,22463,0.772599995136261,1.5988940000534058,,
71,,22463,,,0.7730744481086731,0.8996000289916992
72,0.9102322459220886,22499,,,,
72,0.6739414930343628,22549,,,,
72,0.7648493051528931,22599,,,,
72,0.7621063590049744,22649,,,,
72,0.8231256604194641,22699,,,,
72,0.7528332471847534,22749,,,,
72,,22775,0.7820000052452087,1.568796157836914,,
72,,22775,,,0.7729992866516113,0.9047999978065491
73,0.8687045574188232,22799,,,,
73,0.7418064475059509,22849,,,,
73,0.7784796953201294,22899,,,,
73,0.7120658159255981,22949,,,,
73,0.7758049964904785,22999,,,,
73,0.8771287798881531,23049,,,,
73,,23087,0.7796000242233276,1.5557117462158203,,
73,,23087,,,0.7735877633094788,0.9063000082969666
74,0.6495291590690613,23099,,,,
74,0.7206075191497803,23149,,,,
74,0.7162734866142273,23199,,,,
74,0.6042213439941406,23249,,,,
74,0.754077672958374,23299,,,,
74,0.8148428201675415,23349,,,,
74,0.7904187440872192,23399,,,,
74,,23399,0.7918999791145325,1.617769479751587,,
74,,23399,,,0.7718850374221802,0.9117000102996826
75,0.7970430850982666,23449,,,,
75,0.7448188066482544,23499,,,,
75,0.7092736959457397,23549,,,,
75,0.940253734588623,23599,,,,
75,0.7772444486618042,23649,,,,
75,0.8245674967765808,23699,,,,
75,,23711,0.7620999813079834,1.7751517295837402,,
75,,23711,,,0.7742137312889099,0.8794999718666077
76,0.7781322598457336,23749,,,,
76,0.8614166975021362,23799,,,,
76,0.7321571707725525,23849,,,,
76,0.9633592367172241,23899,,,,
76,0.7624233961105347,23949,,,,
76,0.775485098361969,23999,,,,
76,,24023,0.7843000292778015,1.5468829870224,,
76,,24023,,,0.7730994820594788,0.9101999998092651
77,0.8080462217330933,24049,,,,
77,0.7422044277191162,24099,,,,
77,0.8005237579345703,24149,,,,
77,0.7461466193199158,24199,,,,
77,0.7933334708213806,24249,,,,
77,0.9045661687850952,24299,,,,
77,,24335,0.7810999751091003,1.6033002138137817,,
77,,24335,,,0.7728490829467773,0.9063000082969666
78,0.7188670039176941,24349,,,,
78,0.7216315865516663,24399,,,,
78,0.6359301209449768,24449,,,,
78,0.6558759212493896,24499,,,,
78,0.7619830369949341,24549,,,,
78,0.806694746017456,24599,,,,
78,,24647,0.7883999943733215,1.4744508266448975,,
78,,24647,,,0.7757536768913269,0.9122999906539917
79,0.7494620084762573,24649,,,,
79,0.8181085586547852,24699,,,,
79,0.71274334192276,24749,,,,
79,0.7673871517181396,24799,,,,
79,0.8756464123725891,24849,,,,
79,0.8520961999893188,24899,,,,
79,0.720538854598999,24949,,,,
79,,24959,0.7901999950408936,1.5574074983596802,,
79,,24959,,,0.7761042714118958,0.9125999808311462
80,0.6474812030792236,24999,,,,
80,0.6448514461517334,25049,,,,
80,0.5842679142951965,25099,,,,
80,0.5858016610145569,25149,,,,
80,0.75835120677948,25199,,,,
80,0.5731423497200012,25249,,,,
80,,25271,0.7872999906539917,1.635283350944519,,
80,,25271,,,0.774977445602417,0.9101999998092651
81,0.6699206829071045,25299,,,,
81,0.6990216374397278,25349,,,,
81,0.6322295665740967,25399,,,,
81,0.8661617040634155,25449,,,,
81,0.6976172924041748,25499,,,,
81,0.6030420660972595,25549,,,,
81,,25583,0.7694000005722046,1.6492035388946533,,
81,,25583,,,0.775390625,0.8914999961853027
82,0.7672803401947021,25599,,,,
82,0.7239540815353394,25649,,,,
82,0.8840463161468506,25699,,,,
82,0.6996409893035889,25749,,,,
82,0.6297215819358826,25799,,,,
82,0.6115963459014893,25849,,,,
82,,25895,0.7889999747276306,1.5761452913284302,,
82,,25895,,,0.7762419581413269,0.9162999987602234
83,0.7725263237953186,25899,,,,
83,0.5998845100402832,25949,,,,
83,0.6460938453674316,25999,,,,
83,0.7174115777015686,26049,,,,
83,0.807615339756012,26099,,,,
83,0.7424111366271973,26149,,,,
83,0.7622978091239929,26199,,,,
83,,26207,0.7888000011444092,1.6769704818725586,,
83,,26207,,,0.7751277089118958,0.9125000238418579
84,0.7040629982948303,26249,,,,
84,0.7917779684066772,26299,,,,
84,0.7513563632965088,26349,,,,
84,0.7689249515533447,26399,,,,
84,0.7822296619415283,26449,,,,
84,0.6875835657119751,26499,,,,
84,,26519,0.7850000262260437,1.6071823835372925,,
84,,26519,,,0.7755659222602844,0.9039000272750854
85,0.6319879293441772,26549,,,,
85,0.7743051052093506,26599,,,,
85,0.5159099102020264,26649,,,,
85,0.6065719723701477,26699,,,,
85,0.6674092411994934,26749,,,,
85,0.6090197563171387,26799,,,,
85,,26831,0.7795000076293945,1.6285916566848755,,
85,,26831,,,0.7774313688278198,0.9063000082969666
86,0.8366779685020447,26849,,,,
86,0.6852893829345703,26899,,,,
86,0.6845436096191406,26949,,,,
86,0.6535029411315918,26999,,,,
86,0.7317665815353394,27049,,,,
86,0.6525876522064209,27099,,,,
86,,27143,0.7875000238418579,1.6456339359283447,,
86,,27143,,,0.7769055366516113,0.9160000085830688
87,0.7060613632202148,27149,,,,
87,0.6857956647872925,27199,,,,
87,0.6954906582832336,27249,,,,
87,0.8204087018966675,27299,,,,
87,0.7470736503601074,27349,,,,
87,0.791580319404602,27399,,,,
87,0.7389301061630249,27449,,,,
87,,27455,0.7846999764442444,1.6550339460372925,,
87,,27455,,,0.7762294411659241,0.909600019454956
88,0.6802738904953003,27499,,,,
88,0.649133026599884,27549,,,,
88,0.5945830941200256,27599,,,,
88,0.5842472910881042,27649,,,,
88,0.6109384298324585,27699,,,,
88,0.6392906904220581,27749,,,,
88,,27767,0.7847999930381775,1.5749620199203491,,
88,,27767,,,0.7761543393135071,0.9060999751091003
89,0.7057549357414246,27799,,,,
89,0.7493883967399597,27849,,,,
89,0.6319169998168945,27899,,,,
89,0.8089888095855713,27949,,,,
89,0.7401577234268188,27999,,,,
89,0.6560760736465454,28049,,,,
89,,28079,0.7849000096321106,1.643268346786499,,
89,,28079,,,0.7774814963340759,0.909500002861023
90,0.6043925285339355,28099,,,,
90,0.6420536041259766,28149,,,,
90,0.6101064682006836,28199,,,,
90,0.6050883531570435,28249,,,,
90,0.5519761443138123,28299,,,,
90,0.7576412558555603,28349,,,,
90,,28391,0.7875999808311462,1.6470788717269897,,
90,,28391,,,0.7778570652008057,0.9121999740600586
91,0.6737143397331238,28399,,,,
91,0.6172640323638916,28449,,,,
91,0.5759416818618774,28499,,,,
91,0.745354175567627,28549,,,,
91,0.6095062494277954,28599,,,,
91,0.6866462230682373,28649,,,,
91,0.8066073656082153,28699,,,,
91,,28703,0.7850000262260437,1.6192445755004883,,
91,,28703,,,0.7800355553627014,0.9088000059127808
92,0.5923272371292114,28749,,,,
92,0.556726336479187,28799,,,,
92,0.6555665135383606,28849,,,,
92,0.5777221918106079,28899,,,,
92,0.7377375960350037,28949,,,,
92,0.6023751497268677,28999,,,,
92,,29015,0.7915999889373779,1.6524903774261475,,
92,,29015,,,0.7787084579467773,0.9189000129699707
93,0.579571008682251,29049,,,,
93,0.6360620260238647,29099,,,,
93,0.680305540561676,29149,,,,
93,0.682876467704773,29199,,,,
93,0.7382417321205139,29249,,,,
93,0.8648492097854614,29299,,,,
93,,29327,0.7919999957084656,1.7023556232452393,,
93,,29327,,,0.7777694463729858,0.9146000146865845
94,0.792896032333374,29349,,,,
94,0.7235617637634277,29399,,,,
94,0.670235276222229,29449,,,,
94,0.6717149019241333,29499,,,,
94,0.5990582704544067,29549,,,,
94,0.7292071580886841,29599,,,,
94,,29639,0.7922000288963318,1.6642940044403076,,
94,,29639,,,0.7778695821762085,0.9157999753952026
95,0.576351523399353,29649,,,,
95,0.8087489604949951,29699,,,,
95,0.6051754951477051,29749,,,,
95,0.7272235155105591,29799,,,,
95,0.6861667037010193,29849,,,,
95,0.7547997236251831,29899,,,,
95,0.5893431305885315,29949,,,,
95,,29951,0.7799000144004822,1.6792875528335571,,
95,,29951,,,0.7775691151618958,0.9049999713897705
96,0.7217640280723572,29999,,,,
96,0.6435995697975159,30049,,,,
96,0.5416282415390015,30099,,,,
96,0.5975286960601807,30149,,,,
96,0.730426013469696,30199,,,,
96,0.6331697106361389,30249,,,,
96,,30263,0.7928000092506409,1.673561930656433,,
96,,30263,,,0.7791842222213745,0.9229000210762024
97,0.7572406530380249,30299,,,,
97,0.6062177419662476,30349,,,,
97,0.5720781087875366,30399,,,,
97,0.6229982972145081,30449,,,,
97,0.7801874876022339,30499,,,,
97,0.6395021677017212,30549,,,,
97,,30575,0.7901999950408936,1.6412830352783203,,
97,,30575,,,0.7801607847213745,0.9150000214576721
98,0.6607142686843872,30599,,,,
98,0.7055044174194336,30649,,,,
98,0.7313867807388306,30699,,,,
98,0.5787246823310852,30749,,,,
98,0.5906065702438354,30799,,,,
98,0.7997523546218872,30849,,,,
98,,30887,0.7857999801635742,1.6250723600387573,,
98,,30887,,,0.7783077955245972,0.91839998960495
99,0.6114391088485718,30899,,,,
99,0.6669052839279175,30949,,,,
99,0.6143218874931335,30999,,,,
99,0.7038997411727905,31049,,,,
99,0.7326971888542175,31099,,,,
99,0.5762871503829956,31149,,,,
99,0.606742262840271,31199,,,,
99,,31199,0.7883999943733215,1.5724722146987915,,
99,,31199,,,0.7796850204467773,0.9093000292778015
100,0.4320741593837738,31249,,,,
100,0.7137957811355591,31299,,,,
100,0.6035316586494446,31349,,,,
100,0.8212268352508545,31399,,,,
100,0.7074147462844849,31449,,,,
100,0.650565505027771,31499,,,,
100,,31511,0.7813000082969666,1.6758133172988892,,
100,,31511,,,0.7802734375,0.9013000130653381
101,0.7640672922134399,31549,,,,
101,0.6400352716445923,31599,,,,
101,0.6913833022117615,31649,,,,
101,0.660415530204773,31699,,,,
101,0.5265489220619202,31749,,,,
101,0.6680880784988403,31799,,,,
101,,31823,0.7782999873161316,1.5904982089996338,,
101,,31823,,,0.7802734375,0.9007999897003174
102,0.7637991905212402,31849,,,,
102,0.663119912147522,31899,,,,
102,0.6468523144721985,31949,,,,
102,0.5560466051101685,31999,,,,
102,0.5709707736968994,32049,,,,
102,0.5145822763442993,32099,,,,
102,,32135,0.7904999852180481,1.6600611209869385,,
102,,32135,,,0.780836820602417,0.9182000160217285
103,0.6569843292236328,32149,,,,
103,0.72275710105896,32199,,,,
103,0.6695400476455688,32249,,,,
103,0.7287589311599731,32299,,,,
103,0.5494760274887085,32349,,,,
103,0.5806565284729004,32399,,,,
103,,32447,0.7922000288963318,1.555548906326294,,
103,,32447,,,0.7826021909713745,0.9143000245094299
104,0.7438111305236816,32449,,,,
104,0.6833149194717407,32499,,,,
104,0.5640932321548462,32549,,,,
104,0.6288208961486816,32599,,,,
104,0.5226669907569885,32649,,,,
104,0.6448378562927246,32699,,,,
104,0.6442582011222839,32749,,,,
104,,32759,0.7903000116348267,1.620672583580017,,
104,,32759,,,0.7825896143913269,0.9128999710083008
105,0.7397579550743103,32799,,,,
105,0.7307054996490479,32849,,,,
105,0.6027018427848816,32899,,,,
105,0.7666491866111755,32949,,,,
105,0.6282874345779419,32999,,,,
105,0.678085446357727,33049,,,,
105,,33071,0.7893999814987183,1.6368727684020996,,
105,,33071,,,0.7810872197151184,0.9192000031471252
106,0.6263693571090698,33099,,,,
106,0.6061320900917053,33149,,,,
106,0.5847043395042419,33199,,,,
106,0.8040680885314941,33249,,,,
106,0.5998467206954956,33299,,,,
106,0.5362197756767273,33349,,,,
106,,33383,0.7968000173568726,1.6087571382522583,,
106,,33383,,,0.783203125,0.9215999841690063
107,0.687217116355896,33399,,,,
107,0.8176230788230896,33449,,,,
107,0.6197806596755981,33499,,,,
107,0.6573173999786377,33549,,,,
107,0.5834355354309082,33599,,,,
107,0.578585147857666,33649,,,,
107,,33695,0.794700026512146,1.6534643173217773,,
107,,33695,,,0.7831405401229858,0.9243000149726868
108,0.5452939867973328,33699,,,,
108,0.547020673751831,33749,,,,
108,0.6620446443557739,33799,,,,
108,0.5217655897140503,33849,,,,
108,0.6311967372894287,33899,,,,
108,0.5858438014984131,33949,,,,
108,0.4755539298057556,33999,,,,
108,,34007,0.7925999760627747,1.6684362888336182,,
108,,34007,,,0.7825395464897156,0.9205999970436096
109,0.6964384317398071,34049,,,,
109,0.5852535367012024,34099,,,,
109,0.6651838421821594,34149,,,,
109,0.5490150451660156,34199,,,,
109,0.47977912425994873,34249,,,,
109,0.626155436038971,34299,,,,
109,,34319,0.7907000184059143,1.648579716682434,,
109,,34319,,,0.7827023267745972,0.920199990272522
110,0.6243823170661926,34349,,,,
110,0.6041887998580933,34399,,,,
110,0.700870156288147,34449,,,,
110,0.712603747844696,34499,,,,
110,0.6050171852111816,34549,,,,
110,0.5301864147186279,34599,,,,
110,,34631,0.7885000109672546,1.623327612876892,,
110,,34631,,,0.7814753651618958,0.9154999852180481
111,0.5370843410491943,34649,,,,
111,0.5557754039764404,34699,,,,
111,0.6548178791999817,34749,,,,
111,0.5493132472038269,34799,,,,
111,0.5491539239883423,34849,,,,
111,0.694757342338562,34899,,,,
111,,34943,0.7870000004768372,1.7088490724563599,,
111,,34943,,,0.7837790250778198,0.9150000214576721
112,0.5706474781036377,34949,,,,
112,0.6425968408584595,34999,,,,
112,0.6999639272689819,35049,,,,
112,0.5788443088531494,35099,,,,
112,0.6586679816246033,35149,,,,
112,0.6529516577720642,35199,,,,
112,0.5951972007751465,35249,,,,
112,,35255,0.7950999736785889,1.6263668537139893,,
112,,35255,,,0.7832406759262085,0.9244999885559082
113,0.5611656904220581,35299,,,,
113,0.511776864528656,35349,,,,
113,0.4990805983543396,35399,,,,
113,0.47742462158203125,35449,,,,
113,0.7857588529586792,35499,,,,
113,0.6489704847335815,35549,,,,
113,,35567,0.7914999723434448,1.6949388980865479,,
113,,35567,,,0.7853065133094788,0.9150000214576721
114,0.6397867202758789,35599,,,,
114,0.6910871267318726,35649,,,,
114,0.5631861686706543,35699,,,,
114,0.6858169436454773,35749,,,,
114,0.641953706741333,35799,,,,
114,0.47298020124435425,35849,,,,
114,,35879,0.7878000140190125,1.698253870010376,,
114,,35879,,,0.7832531929016113,0.9161999821662903
115,0.6829859018325806,35899,,,,
115,0.6435853242874146,35949,,,,
115,0.5440472364425659,35999,,,,
115,0.4872334897518158,36049,,,,
115,0.6028249859809875,36099,,,,
115,0.7442355155944824,36149,,,,
115,,36191,0.792900025844574,1.6499996185302734,,
115,,36191,,,0.7844801545143127,0.920199990272522
116,0.6157948970794678,36199,,,,
116,0.45517563819885254,36249,,,,
116,0.6326180696487427,36299,,,,
116,0.5301878452301025,36349,,,,
116,0.7373288869857788,36399,,,,
116,0.4985843896865845,36449,,,,
116,0.6118882894515991,36499,,,,
116,,36503,0.7930999994277954,1.7152031660079956,,
116,,36503,,,0.7849934697151184,0.916700005531311
117,0.7375525236129761,36549,,,,
117,0.5635635256767273,36599,,,,
117,0.5194402933120728,36649,,,,
117,0.49582576751708984,36699,,,,
117,0.8213362097740173,36749,,,,
117,0.6441745758056641,36799,,,,
117,,36815,0.7961999773979187,1.622165322303772,,
117,,36815,,,0.7851812839508057,0.925000011920929
118,0.5568350553512573,36849,,,,
118,0.6464241743087769,36899,,,,
118,0.4616823196411133,36949,,,,
118,0.7254310846328735,36999,,,,
118,0.7589654922485352,37049,,,,
118,0.613784909248352,37099,,,,
118,,37127,0.7907999753952026,1.6610584259033203,,
118,,37127,,,0.7853315472602844,0.9212999939918518
119,0.5548089742660522,37149,,,,
119,0.6412703990936279,37199,,,,
119,0.670135498046875,37249,,,,
119,0.6969139575958252,37299,,,,
119,0.6462975144386292,37349,,,,
119,0.5848487615585327,37399,,,,
119,,37439,0.7980999946594238,1.6029925346374512,,
119,,37439,,,0.7845678329467773,0.9283000230789185
120,0.551201343536377,37449,,,,
120,0.6435762047767639,37499,,,,
120,0.5482861399650574,37549,,,,
120,0.5118007659912109,37599,,,,
120,0.534646213054657,37649,,,,
120,0.5129018425941467,37699,,,,
120,0.681922197341919,37749,,,,
120,,37751,0.796999990940094,1.641613483428955,,
120,,37751,,,0.7853440642356873,0.9276000261306763
121,0.5498408079147339,37799,,,,
121,0.5413981080055237,37849,,,,
121,0.5603688955307007,37899,,,,
121,0.7612632513046265,37949,,,,
121,0.5265247821807861,37999,,,,
121,0.6303435564041138,38049,,,,
121,,38063,0.7936000227928162,1.6375880241394043,,
121,,38063,,,0.7854817509651184,0.9192000031471252
122,0.5664666891098022,38099,,,,
122,0.5594159364700317,38149,,,,
122,0.6305581331253052,38199,,,,
122,0.8464128971099854,38249,,,,
122,0.6332316398620605,38299,,,,
122,0.5384975075721741,38349,,,,
122,,38375,0.794700026512146,1.6906826496124268,,
122,,38375,,,0.7864207625389099,0.9215999841690063
123,0.5504159927368164,38399,,,,
123,0.47677791118621826,38449,,,,
123,0.5212714672088623,38499,,,,
123,0.7030949592590332,38549,,,,
123,0.5500065088272095,38599,,,,
123,0.702670693397522,38649,,,,
123,,38687,0.795799970626831,1.6692099571228027,,
123,,38687,,,0.7868214249610901,0.9223999977111816
124,0.4858871102333069,38699,,,,
124,0.5835121273994446,38749,,,,
124,0.5954105854034424,38799,,,,
124,0.6043291091918945,38849,,,,
124,0.7017920017242432,38899,,,,
124,0.5134616494178772,38949,,,,
124,0.5701782703399658,38999,,,,
124,,38999,0.7921000123023987,1.6953349113464355,,
124,,38999,,,0.7858949303627014,0.9180999994277954
125,0.6590542793273926,39049,,,,
125,0.6601361036300659,39099,,,,
125,0.6967240571975708,39149,,,,
125,0.5919914245605469,39199,,,,
125,0.6847989559173584,39249,,,,
125,0.6076314449310303,39299,,,,
125,,39311,0.7949000000953674,1.6178438663482666,,
125,,39311,,,0.7872346043586731,0.925000011920929
126,0.5734971761703491,39349,,,,
126,0.5323165655136108,39399,,,,
126,0.5442928671836853,39449,,,,
126,0.6271592378616333,39499,,,,
126,0.6840317249298096,39549,,,,
126,0.47942835092544556,39599,,,,
126,,39623,0.7915999889373779,1.6546854972839355,,
126,,39623,,,0.7873722910881042,0.9204000234603882
127,0.5336165428161621,39649,,,,
127,0.6226434111595154,39699,,,,
127,0.6561389565467834,39749,,,,
127,0.5601025819778442,39799,,,,
127,0.49682146310806274,39849,,,,
127,0.6976348161697388,39899,,,,
127,,39935,0.7950999736785889,1.6677649021148682,,
127,,39935,,,0.7865209579467773,0.9272000193595886
128,0.5035923719406128,39949,,,,
128,0.5480679273605347,39999,,,,
128,0.5519817471504211,40049,,,,
128,0.5439522862434387,40099,,,,
128,0.6826006174087524,40149,,,,
128,0.50390625,40199,,,,
128,,40247,0.7950999736785889,1.5966795682907104,,
128,,40247,,,0.7867588400840759,0.9218999743461609
129,0.4148334264755249,40249,,,,
129,0.6224474906921387,40299,,,,
129,0.683740496635437,40349,,,,
129,0.638946533203125,40399,,,,
129,0.6101626753807068,40449,,,,
129,0.5782923698425293,40499,,,,
129,0.5696430802345276,40549,,,,
129,,40559,0.7892000079154968,1.7427232265472412,,
129,,40559,,,0.7881109714508057,0.921999990940094
130,0.5590165853500366,40599,,,,
130,0.4984802007675171,40649,,,,
130,0.4923652410507202,40699,,,,
130,0.5082871913909912,40749,,,,
130,0.4929760694503784,40799,,,,
130,0.6375755071640015,40849,,,,
130,,40871,0.7940000295639038,1.6549005508422852,,
130,,40871,,,0.7874850034713745,0.9192000031471252
131,0.6536401510238647,40899,,,,
131,0.5463420748710632,40949,,,,
131,0.4823085069656372,40999,,,,
131,0.6279309988021851,41049,,,,
131,0.5956180691719055,41099,,,,
131,0.6132934093475342,41149,,,,
131,,41183,0.7940000295639038,1.7279845476150513,,
131,,41183,,,0.7869465947151184,0.9266999959945679
132,0.5159217119216919,41199,,,,
132,0.5616937875747681,41249,,,,
132,0.5677622556686401,41299,,,,
132,0.645236074924469,41349,,,,
132,0.6249209642410278,41399,,,,
132,0.5729650259017944,41449,,,,
132,,41495,0.7919999957084656,1.6913408041000366,,
132,,41495,,,0.7872471213340759,0.9214000105857849
133,0.4911739230155945,41499,,,,
133,0.6245038509368896,41549,,,,
133,0.6222281455993652,41599,,,,
133,0.5737705230712891,41649,,,,
133,0.5552369356155396,41699,,,,
133,0.4565790891647339,41749,,,,
133,0.5460749864578247,41799,,,,
133,,41807,0.7986999750137329,1.6834591627120972,,
133,,41807,,,0.7883989214897156,0.9312999844551086
134,0.5703717470169067,41849,,,,
134,0.618916392326355,41899,,,,
134,0.48099997639656067,41949,,,,
134,0.4669229984283447,41999,,,,
134,0.5750890374183655,42049,,,,
134,0.4431617259979248,42099,,,,
134,,42119,0.7900000214576721,1.6890273094177246,,
134,,42119,,,0.7897010445594788,0.9197999835014343
135,0.5323730707168579,42149,,,,
135,0.6281217336654663,42199,,,,
135,0.5486359000205994,42249,,,,
135,0.6676274538040161,42299,,,,
135,0.762643039226532,42349,,,,
135,0.6228225827217102,42399,,,,
135,,42431,0.7946000099182129,1.6425777673721313,,
135,,42431,,,0.7895007133483887,0.9251000285148621
136,0.5218480229377747,42449,,,,
136,0.5030326843261719,42499,,,,
136,0.6115555167198181,42549,,,,
136,0.5749541521072388,42599,,,,
136,0.6576480865478516,42649,,,,
136,0.5367391705513,42699,,,,
136,,42743,0.7993000149726868,1.6532882452011108,,
136,,42743,,,0.7893128991127014,0.9314000010490417
137,0.5284106135368347,42749,,,,
137,0.6000456809997559,42799,,,,
137,0.7214395403862,42849,,,,
137,0.5591335892677307,42899,,,,
137,0.5573953986167908,42949,,,,
137,0.7431502342224121,42999,,,,
137,0.5893228054046631,43049,,,,
137,,43055,0.7936000227928162,1.6935480833053589,,
137,,43055,,,0.7895382642745972,0.92330002784729
138,0.5225838422775269,43099,,,,
138,0.5418691635131836,43149,,,,
138,0.4773472547531128,43199,,,,
138,0.5151152610778809,43249,,,,
138,0.567741334438324,43299,,,,
138,0.6333199143409729,43349,,,,
138,,43367,0.7908999919891357,1.6930550336837769,,
138,,43367,,,0.7897010445594788,0.9217000007629395
139,0.5609548687934875,43399,,,,
139,0.590736985206604,43449,,,,
139,0.5919102430343628,43499,,,,
139,0.5587499141693115,43549,,,,
139,0.6803604960441589,43599,,,,
139,0.5858311653137207,43649,,,,
139,,43679,0.7919999957084656,1.6534126996994019,,
139,,43679,,,0.7900390625,0.9243999719619751
140,0.5081456899642944,43699,,,,
140,0.5687991976737976,43749,,,,
140,0.5040820240974426,43799,,,,
140,0.5457795858383179,43849,,,,
140,0.4251338541507721,43899,,,,
140,0.47922369837760925,43949,,,,
140,,43991,0.7897999882698059,1.6721185445785522,,
140,,43991,,,0.7914788722991943,0.9228000044822693
141,0.6065168976783752,43999,,,,
141,0.5306373238563538,44049,,,,
141,0.4796329736709595,44099,,,,
141,0.5609775185585022,44149,,,,
141,0.5325384736061096,44199,,,,
141,0.5052288174629211,44249,,,,
141,0.5454869866371155,44299,,,,
141,,44303,0.7979000210762024,1.7137043476104736,,
141,,44303,,,0.7910782098770142,0.9294999837875366
142,0.6286547183990479,44349,,,,
142,0.5016512870788574,44399,,,,
142,0.6741738319396973,44449,,,,
142,0.5517289638519287,44499,,,,
142,0.5251076221466064,44549,,,,
142,0.5101314187049866,44599,,,,
142,,44615,0.7929999828338623,1.70662522315979,,
142,,44615,,,0.7913912534713745,0.9259999990463257
143,0.605097234249115,44649,,,,
143,0.5636934638023376,44699,,,,
143,0.5845819711685181,44749,,,,
143,0.5914642810821533,44799,,,,
143,0.7099988460540771,44849,,,,
143,0.6877212524414062,44899,,,,
143,,44927,0.7983999848365784,1.7198171615600586,,
143,,44927,,,0.7913286089897156,0.930899977684021
144,0.6051602363586426,44949,,,,
144,0.5942676067352295,44999,,,,
144,0.5253227353096008,45049,,,,
144,0.49809515476226807,45099,,,,
144,0.5041025876998901,45149,,,,
144,0.5153332948684692,45199,,,,
144,,45239,0.7954000234603882,1.78657066822052,,
144,,45239,,,0.7913912534713745,0.9283999800682068
145,0.5373050570487976,45249,,,,
145,0.5928322076797485,45299,,,,
145,0.5826045274734497,45349,,,,
145,0.5196567177772522,45399,,,,
145,0.5268071889877319,45449,,,,
145,0.5629539489746094,45499,,,,
145,0.478144109249115,45549,,,,
145,,45551,0.7935000061988831,1.6637510061264038,,
145,,45551,,,0.7917918562889099,0.9203000068664551
146,0.4925105571746826,45599,,,,
146,0.5329263210296631,45649,,,,
146,0.43069347739219666,45699,,,,
146,0.6062304973602295,45749,,,,
146,0.5192285776138306,45799,,,,
146,0.6337153911590576,45849,,,,
146,,45863,0.7962999939918518,1.7042012214660645,,
146,,45863,,,0.7924429178237915,0.9269999861717224
147,0.5859030485153198,45899,,,,
147,0.5158575773239136,45949,,,,
147,0.5813764333724976,45999,,,,
147,0.5357229709625244,46049,,,,
147,0.6231167316436768,46099,,,,
147,0.60074383020401,46149,,,,
147,,46175,0.7972999811172485,1.655425786972046,,
147,,46175,,,0.7934695482254028,0.932699978351593
148,0.5324361324310303,46199,,,,
148,0.5636540055274963,46249,,,,
148,0.46754562854766846,46299,,,,
148,0.45728540420532227,46349,,,,
148,0.5606347322463989,46399,,,,
148,0.5628143548965454,46449,,,,
148,,46487,0.8001000285148621,1.6353694200515747,,
148,,46487,,,0.792893648147583,0.930400013923645
149,0.5415973663330078,46499,,,,
149,0.4364624619483948,46549,,,,
149,0.578731119632721,46599,,,,
149,0.48349666595458984,46649,,,,
149,0.49159112572669983,46699,,,,
149,0.48072242736816406,46749,,,,
149,0.6858254671096802,46799,,,,
149,,46799,0.8008999824523926,1.6876299381256104,,
149,,46799,,,0.793381929397583,0.9340999722480774
150,0.6111800670623779,46849,,,,
150,0.6252994537353516,46899,,,,
150,0.5665568113327026,46949,,,,
150,0.5104228854179382,46999,,,,
150,0.5013821125030518,47049,,,,
150,0.52180016040802,47099,,,,
150,,47111,0.7953000068664551,1.6598714590072632,,
150,,47111,,,0.7944836616516113,0.9316999912261963
151,0.5538246631622314,47149,,,,
151,0.46123743057250977,47199,,,,
151,0.4974961280822754,47249,,,,
151,0.6006352305412292,47299,,,,
151,0.5903792977333069,47349,,,,
151,0.5371348261833191,47399,,,,
151,,47423,0.7975000143051147,1.7377339601516724,,
151,,47423,,,0.7921174168586731,0.9308000206947327
152,0.48012709617614746,47449,,,,
152,0.4898874759674072,47499,,,,
152,0.5336564779281616,47549,,,,
152,0.5888142585754395,47599,,,,
152,0.5226908922195435,47649,,,,
152,0.5058310031890869,47699,,,,
152,,47735,0.7996000051498413,1.7239900827407837,,
152,,47735,,,0.7942207455635071,0.9312999844551086
153,0.6252037882804871,47749,,,,
153,0.60889732837677,47799,,,,
153,0.652284562587738,47849,,,,
153,0.5864537358283997,47899,,,,
153,0.5600011348724365,47949,,,,
153,0.5115628242492676,47999,,,,
153,,48047,0.7982000112533569,1.6231629848480225,,
153,,48047,,,0.7944711446762085,0.9355999827384949
154,0.6156174540519714,48049,,,,
154,0.7973954081535339,48099,,,,
154,0.5281327962875366,48149,,,,
154,0.5540001392364502,48199,,,,
154,0.47118860483169556,48249,,,,
154,0.46662378311157227,48299,,,,
154,0.40186184644699097,48349,,,,
154,,48359,0.7979000210762024,1.7116870880126953,,
154,,48359,,,0.7947465777397156,0.9264000058174133
155,0.5417544841766357,48399,,,,
155,0.5141444802284241,48449,,,,
155,0.5215141773223877,48499,,,,
155,0.6829617023468018,48549,,,,
155,0.5417487025260925,48599,,,,
155,0.6232946515083313,48649,,,,
155,,48671,0.7990000247955322,1.6002918481826782,,
155,,48671,,,0.7950345277786255,0.9340000152587891
156,0.5471681356430054,48699,,,,
156,0.48791253566741943,48749,,,,
156,0.5743026733398438,48799,,,,
156,0.5447720885276794,48849,,,,
156,0.43203818798065186,48899,,,,
156,0.5587961673736572,48949,,,,
156,,48983,0.7996000051498413,1.7288864850997925,,
156,,48983,,,0.7950220108032227,0.9363999962806702
157,0.4503416419029236,48999,,,,
157,0.6772894859313965,49049,,,,
157,0.5533064603805542,49099,,,,
157,0.5731232166290283,49149,,,,
157,0.4621425271034241,49199,,,,
157,0.4461643099784851,49249,,,,
157,,49295,0.7975999712944031,1.7165677547454834,,
157,,49295,,,0.7952348589897156,0.930899977684021
158,0.5800304412841797,49299,,,,
158,0.5126838684082031,49349,,,,
158,0.4986181855201721,49399,,,,
158,0.5931588411331177,49449,,,,
158,0.5390855073928833,49499,,,,
158,0.5187853574752808,49549,,,,
158,0.5552718639373779,49599,,,,
158,,49607,0.798799991607666,1.7093805074691772,,
158,,49607,,,0.794020414352417,0.9302999973297119
159,0.5024584531784058,49649,,,,
159,0.571371853351593,49699,,,,
159,0.5018135905265808,49749,,,,
159,0.44429516792297363,49799,,,,
159,0.5398135781288147,49849,,,,
159,0.4378257095813751,49899,,,,
159,,49919,0.8012999892234802,1.6690226793289185,,
159,,49919,,,0.7967247366905212,0.9359999895095825
160,0.5273001194000244,49949,,,,
160,0.4906856119632721,49999,,,,
160,0.5921028256416321,50049,,,,
160,0.5647159218788147,50099,,,,
160,0.5210702419281006,50149,,,,
160,0.49411940574645996,50199,,,,
160,,50231,0.7972000241279602,1.6301895380020142,,
160,,50231,,,0.7964743375778198,0.9297999739646912
161,0.5441970229148865,50249,,,,
161,0.6186903715133667,50299,,,,
161,0.5998326539993286,50349,,,,
161,0.552379846572876,50399,,,,
161,0.5094861388206482,50449,,,,
161,0.5947055816650391,50499,,,,
161,,50543,0.7976999878883362,1.673446536064148,,
161,,50543,,,0.7956355214118958,0.9351999759674072
162,0.5149394273757935,50549,,,,
162,0.6890017986297607,50599,,,,
162,0.48820960521698,50649,,,,
162,0.4510836899280548,50699,,,,
162,0.4833122491836548,50749,,,,
162,0.4681239128112793,50799,,,,
162,0.48308613896369934,50849,,,,
162,,50855,0.7980999946594238,1.5968111753463745,,
162,,50855,,,0.7970252633094788,0.9277999997138977
163,0.5606993436813354,50899,,,,
163,0.45467472076416016,50949,,,,
163,0.4912841022014618,50999,,,,
163,0.5505069494247437,51049,,,,
163,0.4041198492050171,51099,,,,
163,0.47001275420188904,51149,,,,
163,,51167,0.800599992275238,1.712092399597168,,
163,,51167,,,0.7980018258094788,0.9376999735832214
164,0.5989770293235779,51199,,,,
164,0.3940922021865845,51249,,,,
164,0.5094599723815918,51299,,,,
164,0.4847048819065094,51349,,,,
164,0.6130526065826416,51399,,,,
164,0.5626952648162842,51449,,,,
164,,51479,0.79830002784729,1.6383923292160034,,
164,,51479,,,0.7975510954856873,0.9341999888420105
165,0.5115311145782471,51499,,,,
165,0.6571027636528015,51549,,,,
165,0.5632426738739014,51599,,,,
165,0.47034114599227905,51649,,,,
165,0.5182244181632996,51699,,,,
165,0.4729989469051361,51749,,,,
165,,51791,0.8021000027656555,1.6760064363479614,,
165,,51791,,,0.7971754670143127,0.9351000189781189
166,0.4871072471141815,51799,,,,
166,0.45744001865386963,51849,,,,
166,0.5268556475639343,51899,,,,
166,0.4581615924835205,51949,,,,
166,0.4879147410392761,51999,,,,
166,0.5752260088920593,52049,,,,
166,0.5469580888748169,52099,,,,
166,,52103,0.7947999835014343,1.6600896120071411,,
166,,52103,,,0.7967623472213745,0.9297999739646912
167,0.4154947102069855,52149,,,,
167,0.5167410373687744,52199,,,,
167,0.5409897565841675,52249,,,,
167,0.4670092463493347,52299,,,,
167,0.47268640995025635,52349,,,,
167,0.5392512083053589,52399,,,,
167,,52415,0.800599992275238,1.6968191862106323,,
167,,52415,,,0.7982271909713745,0.9337999820709229
168,0.49065881967544556,52449,,,,
168,0.5227120518684387,52499,,,,
168,0.5317736864089966,52549,,,,
168,0.4858623147010803,52599,,,,
168,0.519572377204895,52649,,,,
168,0.5434087514877319,52699,,,,
168,,52727,0.8009999990463257,1.7420088052749634,,
168,,52727,,,0.7991160750389099,0.932699978351593
169,0.49943807721138,52749,,,,
169,0.5735799074172974,52799,,,,
169,0.4359554350376129,52849,,,,
169,0.4475606083869934,52899,,,,
169,0.43755489587783813,52949,,,,
169,0.43135008215904236,52999,,,,
169,,53039,0.7993999719619751,1.6950918436050415,,
169,,53039,,,0.7995918393135071,0.9312000274658203
170,0.5487889647483826,53049,,,,
170,0.47148412466049194,53099,,,,
170,0.6514427661895752,53149,,,,
170,0.6584737300872803,53199,,,,
170,0.39889946579933167,53249,,,,
170,0.5403659343719482,53299,,,,
170,0.4570486843585968,53349,,,,
170,,53351,0.798799991607666,1.6371688842773438,,
170,,53351,,,0.7997421026229858,0.9337999820709229
171,0.530051589012146,53399,,,,
171,0.5466734170913696,53449,,,,
171,0.5402812957763672,53499,,,,
171,0.503381073474884,53549,,,,
171,0.5438916087150574,53599,,,,
171,0.5053259134292603,53649,,,,
171,,53663,0.8004000186920166,1.606580376625061,,
171,,53663,,,0.7988781929016113,0.9348999857902527
172,0.5201100707054138,53699,,,,
172,0.4284111559391022,53749,,,,
172,0.4138376712799072,53799,,,,
172,0.4797179698944092,53849,,,,
172,0.4870934784412384,53899,,,,
172,0.5229066610336304,53949,,,,
172,,53975,0.7994999885559082,1.654504656791687,,
172,,53975,,,0.7982522249221802,0.9347000122070312
173,0.3847920894622803,53999,,,,
173,0.5178633332252502,54049,,,,
173,0.5489961504936218,54099,,,,
173,0.47577613592147827,54149,,,,
173,0.5940674543380737,54199,,,,
173,0.5131151080131531,54249,,,,
173,,54287,0.7962999939918518,1.6895501613616943,,
173,,54287,,,0.8011067509651184,0.9370999932289124
174,0.5133156180381775,54299,,,,
174,0.4638277292251587,54349,,,,
174,0.5021322965621948,54399,,,,
174,0.5458382368087769,54449,,,,
174,0.411457359790802,54499,,,,
174,0.6866500973701477,54549,,,,
174,0.5331161022186279,54599,,,,
174,,54599,0.7997000217437744,1.728567361831665,,
174,,54599,,,0.8004432320594788,0.9320999979972839
175,0.43085944652557373,54649,,,,
175,0.47278809547424316,54699,,,,
175,0.5337854623794556,54749,,,,
175,0.556252121925354,54799,,,,
175,0.5807309150695801,54849,,,,
175,0.5141965746879578,54899,,,,
175,,54911,0.8021000027656555,1.626468300819397,,
175,,54911,,,0.8006685972213745,0.9330000281333923
176,0.4341217279434204,54949,,,,
176,0.5038419365882874,54999,,,,
176,0.4838830828666687,55049,,,,
176,0.615119457244873,55099,,,,
176,0.5651930570602417,55149,,,,
176,0.5346506834030151,55199,,,,
176,,55223,0.8037999868392944,1.6385234594345093,,
176,,55223,,,0.8003555536270142,0.9388999938964844
177,0.420828640460968,55249,,,,
177,0.5269377827644348,55299,,,,
177,0.4474533200263977,55349,,,,
177,0.4778030514717102,55399,,,,
177,0.6116101741790771,55449,,,,
177,0.43376219272613525,55499,,,,
177,,55535,0.8033999800682068,1.695006012916565,,
177,,55535,,,0.8014823794364929,0.9341999888420105
178,0.46978306770324707,55549,,,,
178,0.5365582704544067,55599,,,,
178,0.41979676485061646,55649,,,,
178,0.4437903165817261,55699,,,,
178,0.5112558603286743,55749,,,,
178,0.4816317558288574,55799,,,,
178,,55847,0.8023999929428101,1.616347074508667,,
178,,55847,,,0.8017953634262085,0.9375
179,0.4891306757926941,55849,,,,
179,0.388899564743042,55899,,,,
179,0.48141616582870483,55949,,,,
179,0.4376310706138611,55999,,,,
179,0.47306302189826965,56049,,,,
179,0.44736728072166443,56099,,,,
179,0.5090223550796509,56149,,,,
179,,56159,0.8011999726295471,1.709128737449646,,
179,,56159,,,0.8035982847213745,0.9366999864578247
180,0.5071697235107422,56199,,,,
180,0.49327075481414795,56249,,,,
180,0.4891533851623535,56299,,,,
180,0.4869785010814667,56349,,,,
180,0.5294356942176819,56399,,,,
180,0.4702184796333313,56449,,,,
180,,56471,0.8008999824523926,1.6079143285751343,,
180,,56471,,,0.8010441660881042,0.9341999888420105
181,0.4364212155342102,56499,,,,
181,0.45131027698516846,56549,,,,
181,0.46166691184043884,56599,,,,
181,0.46266108751296997,56649,,,,
181,0.4837692379951477,56699,,,,
181,0.5271404385566711,56749,,,,
181,,56783,0.8022000193595886,1.6343872547149658,,
181,,56783,,,0.8020958304405212,0.9376000165939331
182,0.41884729266166687,56799,,,,
182,0.5062167644500732,56849,,,,
182,0.42034485936164856,56899,,,,
182,0.5961730480194092,56949,,,,
182,0.524463415145874,56999,,,,
182,0.45323678851127625,57049,,,,
182,,57095,0.8026000261306763,1.6179990768432617,,
182,,57095,,,0.8024213910102844,0.9369999766349792
183,0.550194263458252,57099,,,,
183,0.46903249621391296,57149,,,,
183,0.39437878131866455,57199,,,,
183,0.5675512552261353,57249,,,,
183,0.5474189519882202,57299,,,,
183,0.43879348039627075,57349,,,,
183,0.5968290567398071,57399,,,,
183,,57407,0.8027999997138977,1.7017769813537598,,
183,,57407,,,0.8025590777397156,0.9355999827384949
184,0.4597761332988739,57449,,,,
184,0.45742419362068176,57499,,,,
184,0.5097572207450867,57549,,,,
184,0.4554089307785034,57599,,,,
184,0.4345535933971405,57649,,,,
184,0.5857704877853394,57699,,,,
184,,57719,0.8032000064849854,1.7003201246261597,,
184,,57719,,,0.8033102750778198,0.935699999332428
185,0.4812161326408386,57749,,,,
185,0.5121506452560425,57799,,,,
185,0.47994598746299744,57849,,,,
185,0.48972296714782715,57899,,,,
185,0.3724258542060852,57949,,,,
185,0.475894033908844,57999,,,,
185,,58031,0.8039000034332275,1.6027990579605103,,
185,,58031,,,0.8029347062110901,0.940500020980835
186,0.44444483518600464,58049,,,,
186,0.6342493295669556,58099,,,,
186,0.4804709553718567,58149,,,,
186,0.47625964879989624,58199,,,,
186,0.47931843996047974,58249,,,,
186,0.5470137596130371,58299,,,,
186,,58343,0.8011999726295471,1.6572715044021606,,
186,,58343,,,0.8030348420143127,0.9376999735832214
187,0.4837700128555298,58349,,,,
187,0.4564080238342285,58399,,,,
187,0.499642550945282,58449,,,,
187,0.41443872451782227,58499,,,,
187,0.4869861602783203,58549,,,,
187,0.5254102945327759,58599,,,,
187,0.449777215719223,58649,,,,
187,,58655,0.8016999959945679,1.6867526769638062,,
187,,58655,,,0.8031600713729858,0.9366999864578247
188,0.4477410912513733,58699,,,,
188,0.5952703952789307,58749,,,,
188,0.4025026559829712,58799,,,,
188,0.4494699239730835,58849,,,,
188,0.45123541355133057,58899,,,,
188,0.41318756341934204,58949,,,,
188,,58967,0.8008000254631042,1.6208009719848633,,
188,,58967,,,0.8031725883483887,0.9376999735832214
189,0.5523923635482788,58999,,,,
189,0.4542543888092041,59049,,,,
189,0.4608120322227478,59099,,,,
189,0.4368389844894409,59149,,,,
189,0.40496915578842163,59199,,,,
189,0.4886110723018646,59249,,,,
189,,59279,0.8040000200271606,1.603945016860962,,
189,,59279,,,0.8037610054016113,0.9373000264167786
190,0.41609564423561096,59299,,,,
190,0.41048502922058105,59349,,,,
190,0.5348038077354431,59399,,,,
190,0.4814463257789612,59449,,,,
190,0.47505679726600647,59499,,,,
190,0.4385691285133362,59549,,,,
190,,59591,0.8036999702453613,1.6713781356811523,,
190,,59591,,,0.8041867017745972,0.9369000196456909
191,0.49580591917037964,59599,,,,
191,0.4891819357872009,59649,,,,
191,0.4575498700141907,59699,,,,
191,0.5483020544052124,59749,,,,
191,0.4842633605003357,59799,,,,
191,0.3980865478515625,59849,,,,
191,0.4617353677749634,59899,,,,
191,,59903,0.8062999844551086,1.6509603261947632,,
191,,59903,,,0.8046749830245972,0.9402999877929688
192,0.47135478258132935,59949,,,,
192,0.40932443737983704,59999,,,,
192,0.49168503284454346,60049,,,,
192,0.42744556069374084,60099,,,,
192,0.5017105340957642,60149,,,,
192,0.4719403386116028,60199,,,,
192,,60215,0.798799991607666,1.674174189567566,,
192,,60215,,,0.8043118715286255,0.9355000257492065
193,0.49950850009918213,60249,,,,
193,0.4590550661087036,60299,,,,
193,0.44895660877227783,60349,,,,
193,0.4334619343280792,60399,,,,
193,0.514382541179657,60449,,,,
193,0.5631940960884094,60499,,,,
193,,60527,0.8050000071525574,1.7013816833496094,,
193,,60527,,,0.8050505518913269,0.941100001335144
194,0.45338112115859985,60549,,,,
194,0.5208275318145752,60599,,,,
194,0.44223859906196594,60649,,,,
194,0.4715149402618408,60699,,,,
194,0.4573213458061218,60749,,,,
194,0.5605469942092896,60799,,,,
194,,60839,0.8043000102043152,1.6160688400268555,,
194,,60839,,,0.8058018088340759,0.9422000050544739
195,0.505772590637207,60849,,,,
195,0.351696252822876,60899,,,,
195,0.5971292853355408,60949,,,,
195,0.44939419627189636,60999,,,,
195,0.515339732170105,61049,,,,
195,0.4995337128639221,61099,,,,
195,0.4605935513973236,61149,,,,
195,,61151,0.8034999966621399,1.6619539260864258,,
195,,61151,,,0.8053761124610901,0.9362999796867371
196,0.5313303470611572,61199,,,,
196,0.4220946729183197,61249,,,,
196,0.4896210730075836,61299,,,,
196,0.47870486974716187,61349,,,,
196,0.5649628043174744,61399,,,,
196,0.5346173048019409,61449,,,,
196,,61463,0.8021000027656555,1.6317572593688965,,
196,,61463,,,0.8066656589508057,0.941100001335144
197,0.5131268501281738,61499,,,,
197,0.45897793769836426,61549,,,,
197,0.5358251333236694,61599,,,,
197,0.5103741884231567,61649,,,,
197,0.44034186005592346,61699,,,,
197,0.5225527286529541,61749,,,,
197,,61775,0.8019000291824341,1.6852436065673828,,
197,,61775,,,0.8062900900840759,0.9412999749183655
198,0.5133847594261169,61799,,,,
198,0.45101457834243774,61849,,,,
198,0.3790244162082672,61899,,,,
198,0.5100911259651184,61949,,,,
198,0.4876291751861572,61999,,,,
198,0.497555136680603,62049,,,,
198,,62087,0.8008999824523926,1.669726014137268,,
198,,62087,,,0.8062524795532227,0.9427000284194946
199,0.5465117692947388,62099,,,,
199,0.4102543592453003,62149,,,,
199,0.47477275133132935,62199,,,,
199,0.5793492794036865,62249,,,,
199,0.3961164951324463,62299,,,,
199,0.6202024817466736,62349,,,,
199,0.4864537715911865,62399,,,,
199,,62399,0.8051999807357788,1.634507656097412,,
199,,62399,,,0.8067282438278198,0.9420999884605408
200,0.493427038192749,62449,,,,
200,0.47127217054367065,62499,,,,
200,0.4896891117095947,62549,,,,
200,0.4539666771888733,62599,,,,
200,0.4609420895576477,62649,,,,
200,0.31976020336151123,62699,,,,
200,,62711,0.8047000169754028,1.6307123899459839,,
200,,62711,,,0.8067532777786255,0.9404000043869019
201,0.4763220548629761,62749,,,,
201,0.4219428300857544,62799,,,,
201,0.5278007984161377,62849,,,,
201,0.5263528823852539,62899,,,,
201,0.41253548860549927,62949,,,,
201,0.515268862247467,62999,,,,
201,,63023,0.807699978351593,1.6112356185913086,,
201,,63023,,,0.8077674508094788,0.9427000284194946
202,0.43813663721084595,63049,,,,
202,0.5413117408752441,63099,,,,
202,0.4638746380805969,63149,,,,
202,0.5552723407745361,63199,,,,
202,0.3795959949493408,63249,,,,
202,0.41190096735954285,63299,,,,
202,,63335,0.8079000115394592,1.6187729835510254,,
202,,63335,,,0.8073042035102844,0.9415000081062317
203,0.46163004636764526,63349,,,,
203,0.46832066774368286,63399,,,,
203,0.4917508065700531,63449,,,,
203,0.4840220808982849,63499,,,,
203,0.4171099364757538,63549,,,,
203,0.5077829360961914,63599,,,,
203,,63647,0.8039000034332275,1.6645207405090332,,
203,,63647,,,0.8080804347991943,0.9408000111579895
204,0.5664793252944946,63649,,,,
204,0.4462965130805969,63699,,,,
204,0.4280385971069336,63749,,,,
204,0.4378794729709625,63799,,,,
204,0.4531644582748413,63849,,,,
204,0.5220538377761841,63899,,,,
204,0.5512135028839111,63949,,,,
204,,63959,0.8054999709129333,1.6582328081130981,,
204,,63959,,,0.8083934187889099,0.9434999823570251
205,0.4215623140335083,63999,,,,
205,0.45242518186569214,64049,,,,
205,0.49343571066856384,64099,,,,
205,0.4975767135620117,64149,,,,
205,0.5551803112030029,64199,,,,
205,0.557710587978363,64249,,,,
205,,64271,0.8043000102043152,1.6654456853866577,,
205,,64271,,,0.8074919581413269,0.9369000196456909
206,0.5595216751098633,64299,,,,
206,0.3859250545501709,64349,,,,
206,0.44800859689712524,64399,,,,
206,0.5158505439758301,64449,,,,
206,0.39880019426345825,64499,,,,
206,0.45994704961776733,64549,,,,
206,,64583,0.8065000176429749,1.6529853343963623,,
206,,64583,,,0.8089067339897156,0.9417999982833862
207,0.5547634363174438,64599,,,,
207,0.4427359104156494,64649,,,,
207,0.3895549774169922,64699,,,,
207,0.4278971552848816,64749,,,,
207,0.39603549242019653,64799,,,,
207,0.445961058139801,64849,,,,
207,,64895,0.8039000034332275,1.6232600212097168,,
207,,64895,,,0.8091946840286255,0.9391000270843506
208,0.5062687993049622,64899,,,,
208,0.49953532218933105,64949,,,,
208,0.4764910936355591,64999,,,,
208,0.44535383582115173,65049,,,,
208,0.44372671842575073,65099,,,,
208,0.4632285237312317,65149,,,,
208,0.4712766408920288,65199,,,,
208,,65207,0.8069000244140625,1.633586049079895,,
208,,65207,,,0.8087565302848816,0.9435999989509583
209,0.44955071806907654,65249,,,,
209,0.37607884407043457,65299,,,,
209,0.4593191146850586,65349,,,,
209,0.4735087752342224,65399,,,,
209,0.42389366030693054,65449,,,,
209,0.46916139125823975,65499,,,,
209,,65519,0.805400013923645,1.614341139793396,,
209,,65519,,,0.8108097910881042,0.9420999884605408
210,0.5515158176422119,65549,,,,
210,0.47151076793670654,65599,,,,
210,0.527873158454895,65649,,,,
210,0.5135399699211121,65699,,,,
210,0.5147687792778015,65749,,,,
210,0.5194299817085266,65799,,,,
210,,65831,0.8051999807357788,1.692236304283142,,
210,,65831,,,0.8100085258483887,0.947700023651123
211,0.3928869068622589,65849,,,,
211,0.4416891932487488,65899,,,,
211,0.48052477836608887,65949,,,,
211,0.42235249280929565,65999,,,,
211,0.492492139339447,66049,,,,
211,0.4568716287612915,66099,,,,
211,,66143,0.8058000206947327,1.6324344873428345,,
211,,66143,,,0.810546875,0.9383000135421753
212,0.6150751113891602,66149,,,,
212,0.5015288591384888,66199,,,,
212,0.4027451276779175,66249,,,,
212,0.4807002544403076,66299,,,,
212,0.4237346649169922,66349,,,,
212,0.45301714539527893,66399,,,,
212,0.4487273693084717,66449,,,,
212,,66455,0.8077999949455261,1.6213514804840088,,
212,,66455,,,0.8096203804016113,0.9431999921798706
213,0.40257373452186584,66499,,,,
213,0.4389662742614746,66549,,,,
213,0.48636195063591003,66599,,,,
213,0.49307408928871155,66649,,,,
213,0.4835202395915985,66699,,,,
213,0.45910900831222534,66749,,,,
213,,66767,0.805899977684021,1.6844675540924072,,
213,,66767,,,0.8106721043586731,0.9406999945640564
214,0.46462205052375793,66799,,,,
214,0.46053606271743774,66849,,,,
214,0.3851526379585266,66899,,,,
214,0.49264705181121826,66949,,,,
214,0.40630441904067993,66999,,,,
214,0.4399115741252899,67049,,,,
214,,67079,0.8072999715805054,1.6623458862304688,,
214,,67079,,,0.8100085258483887,0.9463000297546387
215,0.41548314690589905,67099,,,,
215,0.4261208176612854,67149,,,,
215,0.4240944981575012,67199,,,,
215,0.4530172049999237,67249,,,,
215,0.4038405418395996,67299,,,,
215,0.3802175521850586,67349,,,,
215,,67391,0.8069000244140625,1.6218475103378296,,
215,,67391,,,0.8106470108032227,0.9452000260353088
216,0.4746354818344116,67399,,,,
216,0.43314075469970703,67449,,,,
216,0.4311230480670929,67499,,,,
216,0.37993139028549194,67549,,,,
216,0.4508075416088104,67599,,,,
216,0.4379490315914154,67649,,,,
216,0.478348970413208,67699,,,,
216,,67703,0.8062000274658203,1.6165812015533447,,
216,,67703,,,0.809983491897583,0.9437999725341797
217,0.4124029278755188,67749,,,,
217,0.3201547861099243,67799,,,,
217,0.44679030776023865,67849,,,,
217,0.4896429181098938,67899,,,,
217,0.5109418630599976,67949,,,,
217,0.4314773976802826,67999,,,,
217,,68015,0.805899977684021,1.6471678018569946,,
217,,68015,,,0.811598539352417,0.944100022315979
218,0.44444572925567627,68049,,,,
218,0.43658483028411865,68099,,,,
218,0.44946956634521484,68149,,,,
218,0.4660726487636566,68199,,,,
218,0.4424114227294922,68249,,,,
218,0.4610731303691864,68299,,,,
218,,68327,0.8075000047683716,1.6270099878311157,,
218,,68327,,,0.8113105893135071,0.9430000185966492
219,0.5125004053115845,68349,,,,
219,0.5084836483001709,68399,,,,
219,0.4257505238056183,68449,,,,
219,0.39552050828933716,68499,,,,
219,0.37238696217536926,68549,,,,
219,0.3543659448623657,68599,,,,
219,,68639,0.8055999875068665,1.6371673345565796,,
219,,68639,,,0.8121118545532227,0.9437999725341797
220,0.45871269702911377,68649,,,,
220,0.37645646929740906,68699,,,,
220,0.42183518409729004,68749,,,,
220,0.4465982913970947,68799,,,,
220,0.46982496976852417,68849,,,,
220,0.4213937222957611,68899,,,,
220,0.4624638557434082,68949,,,,
220,,68951,0.8065999746322632,1.59669828414917,,
220,,68951,,,0.8128756284713745,0.9448000192642212
221,0.41848236322402954,68999,,,,
221,0.40328824520111084,69049,,,,
221,0.3563622236251831,69099,,,,
221,0.40042799711227417,69149,,,,
221,0.46643340587615967,69199,,,,
221,0.37935054302215576,69249,,,,
221,,69263,0.8055999875068665,1.5994298458099365,,
221,,69263,,,0.8114858865737915,0.9452000260353088
222,0.4398852586746216,69299,,,,
222,0.5199692845344543,69349,,,,
222,0.5012107491493225,69399,,,,
222,0.4735182523727417,69449,,,,
222,0.4232019782066345,69499,,,,
222,0.46744656562805176,69549,,,,
222,,69575,0.8070999979972839,1.6092326641082764,,
222,,69575,,,0.8125625848770142,0.9445000290870667
223,0.4397219121456146,69599,,,,
223,0.41519346833229065,69649,,,,
223,0.44903209805488586,69699,,,,
223,0.5344406366348267,69749,,,,
223,0.3805885314941406,69799,,,,
223,0.5628170967102051,69849,,,,
223,,69887,0.8079000115394592,1.601494550704956,,
223,,69887,,,0.8133012652397156,0.9453999996185303
224,0.48084408044815063,69899,,,,
224,0.41917145252227783,69949,,,,
224,0.48193979263305664,69999,,,,
224,0.5721719861030579,70049,,,,
224,0.36343032121658325,70099,,,,
224,0.4014437198638916,70149,,,,
224,0.506401002407074,70199,,,,
224,,70199,0.8065999746322632,1.6356252431869507,,
224,,70199,,,0.8130759000778198,0.942300021648407
225,0.4044443964958191,70249,,,,
225,0.4025341272354126,70299,,,,
225,0.41783541440963745,70349,,,,
225,0.43972718715667725,70399,,,,
225,0.4602726697921753,70449,,,,
225,0.5408577919006348,70499,,,,
225,,70511,0.8082000017166138,1.6057813167572021,,
225,,70511,,,0.8126502633094788,0.9463000297546387
226,0.45700693130493164,70549,,,,
226,0.5324071645736694,70599,,,,
226,0.5672234296798706,70649,,,,
226,0.4240339398384094,70699,,,,
226,0.4954037368297577,70749,,,,
226,0.4353141784667969,70799,,,,
226,,70823,0.808899998664856,1.6051063537597656,,
226,,70823,,,0.8140900731086731,0.9467999935150146
227,0.47089147567749023,70849,,,,
227,0.45022833347320557,70899,,,,
227,0.5043492317199707,70949,,,,
227,0.5184794664382935,70999,,,,
227,0.4131541848182678,71049,,,,
227,0.37723687291145325,71099,,,,
227,,71135,0.8105999827384949,1.6221834421157837,,
227,,71135,,,0.8129757642745972,0.9445000290870667
228,0.47646868228912354,71149,,,,
228,0.425998330116272,71199,,,,
228,0.40353453159332275,71249,,,,
228,0.4035995602607727,71299,,,,
228,0.46169501543045044,71349,,,,
228,0.3689952492713928,71399,,,,
228,,71447,0.8075000047683716,1.6245641708374023,,
228,,71447,,,0.8140023946762085,0.9466999769210815
229,0.400420218706131,71449,,,,
229,0.4037467837333679,71499,,,,
229,0.3490586280822754,71549,,,,
229,0.43682315945625305,71599,,,,
229,0.3654375970363617,71649,,,,
229,0.4356299042701721,71699,,,,
229,0.4480157494544983,71749,,,,
229,,71759,0.8094000220298767,1.6164467334747314,,
229,,71759,,,0.8157426714897156,0.9467999935150146
230,0.41675063967704773,71799,,,,
230,0.43745720386505127,71849,,,,
230,0.4294559061527252,71899,,,,
230,0.5135743618011475,71949,,,,
230,0.423285573720932,71999,,,,
230,0.424990177154541,72049,,,,
230,,72071,0.8083000183105469,1.6702076196670532,,
230,,72071,,,0.8153921365737915,0.9455999732017517
231,0.4492532014846802,72099,,,,
231,0.5306532382965088,72149,,,,
231,0.37762048840522766,72199,,,,
231,0.35513758659362793,72249,,,,
231,0.4097975492477417,72299,,,,
231,0.3784562945365906,72349,,,,
231,,72383,0.8093000054359436,1.6207640171051025,,
231,,72383,,,0.8143905401229858,0.9473000168800354
232,0.4260573983192444,72399,,,,
232,0.3533960282802582,72449,,,,
232,0.4212563633918762,72499,,,,
232,0.34627747535705566,72549,,,,
232,0.4201158881187439,72599,,,,
232,0.39967870712280273,72649,,,,
232,,72695,0.8090999722480774,1.5843886137008667,,
232,,72695,,,0.8162184357643127,0.9441999793052673
233,0.46587252616882324,72699,,,,
233,0.3727339506149292,72749,,,,
233,0.3719193637371063,72799,,,,
233,0.3273528814315796,72849,,,,
233,0.37384918332099915,72899,,,,
233,0.4639793932437897,72949,,,,
233,0.41241323947906494,72999,,,,
233,,73007,0.8062999844551086,1.605247974395752,,
233,,73007,,,0.8154672384262085,0.9438999891281128
234,0.4725211262702942,73049,,,,
234,0.37436944246292114,73099,,,,
234,0.44827598333358765,73149,,,,
234,0.46616119146347046,73199,,,,
234,0.42274922132492065,73249,,,,
234,0.4844680428504944,73299,,,,
234,,73319,0.8090999722480774,1.591440200805664,,
234,,73319,,,0.8153796195983887,0.945900022983551
235,0.43695634603500366,73349,,,,
235,0.38647520542144775,73399,,,,
235,0.4240912199020386,73449,,,,
235,0.5108495950698853,73499,,,,
235,0.4074048697948456,73549,,,,
235,0.39013057947158813,73599,,,,
235,,73631,0.8086000084877014,1.5973472595214844,,
235,,73631,,,0.8152043223381042,0.9459999799728394
236,0.38443875312805176,73649,,,,
236,0.38884299993515015,73699,,,,
236,0.450777143239975,73749,,,,
236,0.4516400694847107,73799,,,,
236,0.46538954973220825,73849,,,,
236,0.4128222167491913,73899,,,,
236,,73943,0.8093000054359436,1.5891661643981934,,
236,,73943,,,0.8158804178237915,0.9476000070571899
237,0.40275734663009644,73949,,,,
237,0.4396912455558777,73999,,,,
237,0.4276663362979889,74049,,,,
237,0.520047664642334,74099,,,,
237,0.4306407868862152,74149,,,,
237,0.38654348254203796,74199,,,,
237,0.4170147776603699,74249,,,,
237,,74255,0.8102999925613403,1.596284031867981,,
237,,74255,,,0.8156926035881042,0.9484000205993652
238,0.41255196928977966,74299,,,,
238,0.3207630515098572,74349,,,,
238,0.4376634359359741,74399,,,,
238,0.4566080570220947,74449,,,,
238,0.3787963092327118,74499,,,,
238,0.44029322266578674,74549,,,,
238,,74567,0.8105999827384949,1.601757526397705,,
238,,74567,,,0.8166566491127014,0.949999988079071
239,0.47938597202301025,74599,,,,
239,0.4138491749763489,74649,,,,
239,0.3906175196170807,74699,,,,
239,0.47625672817230225,74749,,,,
239,0.3388523757457733,74799,,,,
239,0.41263657808303833,74849,,,,
239,,74879,0.8097000122070312,1.6141499280929565,,
239,,74879,,,0.8167192339897156,0.9484000205993652
240,0.48749634623527527,74899,,,,
240,0.39610469341278076,74949,,,,
240,0.3435084819793701,74999,,,,
240,0.4811277389526367,75049,,,,
240,0.42163264751434326,75099,,,,
240,0.36634254455566406,75149,,,,
240,,75191,0.8113999962806702,1.6040427684783936,,
240,,75191,,,0.8167192339897156,0.9476000070571899
241,0.436733603477478,75199,,,,
241,0.3873743414878845,75249,,,,
241,0.3714686930179596,75299,,,,
241,0.37571418285369873,75349,,,,
241,0.35097700357437134,75399,,,,
241,0.5276650190353394,75449,,,,
241,0.3943057954311371,75499,,,,
241,,75503,0.8112000226974487,1.6099226474761963,,
241,,75503,,,0.8173327445983887,0.9506000280380249
242,0.49612313508987427,75549,,,,
242,0.46676796674728394,75599,,,,
242,0.4478592872619629,75649,,,,
242,0.3360607922077179,75699,,,,
242,0.48819267749786377,75749,,,,
242,0.3954199254512787,75799,,,,
242,,75815,0.8113999962806702,1.5899088382720947,,
242,,75815,,,0.8176832795143127,0.9498999714851379
243,0.3978178799152374,75849,,,,
243,0.39501601457595825,75899,,,,
243,0.4611510634422302,75949,,,,
243,0.3718051016330719,75999,,,,
243,0.49622437357902527,76049,,,,
243,0.3793759346008301,76099,,,,
243,,76127,0.8098999857902527,1.6128246784210205,,
243,,76127,,,0.8165189027786255,0.9506999850273132
244,0.39961323142051697,76149,,,,
244,0.4191584587097168,76199,,,,
244,0.36977654695510864,76249,,,,
244,0.3189540207386017,76299,,,,
244,0.44182294607162476,76349,,,,
244,0.3457767367362976,76399,,,,
244,,76439,0.8119000196456909,1.606933832168579,,
244,,76439,,,0.8166065812110901,0.9492999911308289
245,0.43548139929771423,76449,,,,
245,0.33308953046798706,76499,,,,
245,0.3434717655181885,76549,,,,
245,0.3900049328804016,76599,,,,
245,0.39482855796813965,76649,,,,
245,0.3853404223918915,76699,,,,
245,0.40754467248916626,76749,,,,
245,,76751,0.809499979019165,1.5985300540924072,,
245,,76751,,,0.8170573115348816,0.9490000009536743
246,0.3959060609340668,76799,,,,
246,0.48495474457740784,76849,,,,
246,0.3762929439544678,76899,,,,
246,0.4733832776546478,76949,,,,
246,0.3850434720516205,76999,,,,
246,0.39724522829055786,77049,,,,
246,,77063,0.8105000257492065,1.6015130281448364,,
246,,77063,,,0.8172951936721802,0.9503999948501587
247,0.38380277156829834,77099,,,,
247,0.3892504572868347,77149,,,,
247,0.37320393323898315,77199,,,,
247,0.4112217426300049,77249,,,,
247,0.3502916693687439,77299,,,,
247,0.4074045419692993,77349,,,,
247,,77375,0.8116999864578247,1.6101891994476318,,
247,,77375,,,0.8186598420143127,0.9502000212669373
248,0.37708818912506104,77399,,,,
248,0.45379626750946045,77449,,,,
248,0.33768847584724426,77499,,,,
248,0.45863157510757446,77549,,,,
248,0.4344838261604309,77599,,,,
248,0.3555629253387451,77649,,,,
248,,77687,0.8112999796867371,1.6199082136154175,,
248,,77687,,,0.8178085088729858,0.9527000188827515
249,0.372954785823822,77699,,,,
249,0.39399001002311707,77749,,,,
249,0.36418503522872925,77799,,,,
249,0.4174651503562927,77849,,,,
249,0.3694334030151367,77899,,,,
249,0.3556371331214905,77949,,,,
249,0.3350694477558136,77999,,,,
249,,77999,0.8111000061035156,1.6140894889831543,,
249,,77999,,,0.8185597062110901,0.9502999782562256
250,0.4204135537147522,78049,,,,
250,0.383879154920578,78099,,,,
250,0.3013947010040283,78149,,,,
250,0.42486727237701416,78199,,,,
250,0.3740021884441376,78249,,,,
250,0.41888564825057983,78299,,,,
250,,78311,0.8093000054359436,1.5858646631240845,,
250,,78311,,,0.8181465268135071,0.9477999806404114
251,0.42626953125,78349,,,,
251,0.3872256875038147,78399,,,,
251,0.4449983537197113,78449,,,,
251,0.3970835208892822,78499,,,,
251,0.3726048171520233,78549,,,,
251,0.4312126934528351,78599,,,,
251,,78623,0.8118000030517578,1.5752915143966675,,
251,,78623,,,0.8193985223770142,0.9524999856948853
252,0.3340050280094147,78649,,,,
252,0.4253324866294861,78699,,,,
252,0.41786354780197144,78749,,,,
252,0.459391325712204,78799,,,,
252,0.35208913683891296,78849,,,,
252,0.38509711623191833,78899,,,,
252,,78935,0.8098999857902527,1.5878081321716309,,
252,,78935,,,0.8188977241516113,0.9498999714851379
253,0.4915963113307953,78949,,,,
253,0.37890493869781494,78999,,,,
253,0.4356718361377716,79049,,,,
253,0.3829305171966553,79099,,,,
253,0.3803271949291229,79149,,,,
253,0.3641551434993744,79199,,,,
253,,79247,0.8109999895095825,1.575972318649292,,
253,,79247,,,0.8194862008094788,0.9519000053405762
254,0.3255626857280731,79249,,,,
254,0.4092973470687866,79299,,,,
254,0.42001840472221375,79349,,,,
254,0.4391258656978607,79399,,,,
254,0.3717420995235443,79449,,,,
254,0.41168415546417236,79499,,,,
254,0.32556259632110596,79549,,,,
254,,79559,0.8118000030517578,1.6066257953643799,,
254,,79559,,,0.8185346722602844,0.95169997215271
255,0.41267308592796326,79599,,,,
255,0.33461859822273254,79649,,,,
255,0.3699893653392792,79699,,,,
255,0.3807291090488434,79749,,,,
255,0.40588924288749695,79799,,,,
255,0.31824901700019836,79849,,,,
255,,79871,0.810699999332428,1.5954638719558716,,
255,,79871,,,0.8197115659713745,0.953000009059906
256,0.4315246641635895,79899,,,,
256,0.36130499839782715,79949,,,,
256,0.3064520061016083,79999,,,,
256,0.2985341250896454,80049,,,,
256,0.3980819284915924,80099,,,,
256,0.3203835189342499,80149,,,,
256,,80183,0.8116000294685364,1.61331307888031,,
256,,80183,,,0.8186848759651184,0.953000009059906
257,0.43654316663742065,80199,,,,
257,0.3425754904747009,80249,,,,
257,0.3168826997280121,80299,,,,
257,0.36194339394569397,80349,,,,
257,0.39158397912979126,80399,,,,
257,0.3937232196331024,80449,,,,
257,,80495,0.8111000061035156,1.6009883880615234,,
257,,80495,,,0.8193609714508057,0.9520000219345093
258,0.32940685749053955,80499,,,,
258,0.5321385860443115,80549,,,,
258,0.3128173351287842,80599,,,,
258,0.36687982082366943,80649,,,,
258,0.4194776117801666,80699,,,,
258,0.3498464822769165,80749,,,,
258,0.44409793615341187,80799,,,,
258,,80807,0.8136000037193298,1.5879775285720825,,
258,,80807,,,0.8203375339508057,0.9523000121116638
259,0.3804224729537964,80849,,,,
259,0.41770148277282715,80899,,,,
259,0.3957635164260864,80949,,,,
259,0.32682090997695923,80999,,,,
259,0.31818926334381104,81049,,,,
259,0.3744395077228546,81099,,,,
259,,81119,0.8104000091552734,1.5984737873077393,,
259,,81119,,,0.8191105723381042,0.9516000151634216
260,0.3883063793182373,81149,,,,
260,0.3317825496196747,81199,,,,
260,0.35728541016578674,81249,,,,
260,0.3848150074481964,81299,,,,
260,0.37988418340682983,81349,,,,
260,0.3426622450351715,81399,,,,
260,,81431,0.8136000037193298,1.5754451751708984,,
260,,81431,,,0.8205003142356873,0.9538999795913696
261,0.3930419683456421,81449,,,,
261,0.34835025668144226,81499,,,,
261,0.3304539918899536,81549,,,,
261,0.3565324544906616,81599,,,,
261,0.37683355808258057,81649,,,,
261,0.38149669766426086,81699,,,,
261,,81743,0.8133999705314636,1.5763185024261475,,
261,,81743,,,0.8203375339508057,0.9534000158309937
262,0.43166384100914,81749,,,,
262,0.3646250367164612,81799,,,,
262,0.4225638508796692,81849,,,,
262,0.3609326183795929,81899,,,,
262,0.42941921949386597,81949,,,,
262,0.3531002998352051,81999,,,,
262,0.4393865466117859,82049,,,,
262,,82055,0.8118000030517578,1.591522455215454,,
262,,82055,,,0.82080078125,0.95169997215271
263,0.3496108055114746,82099,,,,
263,0.38490647077560425,82149,,,,
263,0.46594271063804626,82199,,,,
263,0.3765750825405121,82249,,,,
263,0.41157734394073486,82299,,,,
263,0.3595277965068817,82349,,,,
263,,82367,0.8126000165939331,1.5892598628997803,,
263,,82367,,,0.8200621008872986,0.9509999752044678
264,0.38437730073928833,82399,,,,
264,0.3496622145175934,82449,,,,
264,0.34546399116516113,82499,,,,
264,0.39991796016693115,82549,,,,
264,0.3626343607902527,82599,,,,
264,0.40930241346359253,82649,,,,
264,,82679,0.8102999925613403,1.5864598751068115,,
264,,82679,,,0.8207757472991943,0.9509999752044678
265,0.3070397973060608,82699,,,,
265,0.3419222831726074,82749,,,,
265,0.37018314003944397,82799,,,,
265,0.3648431897163391,82849,,,,
265,0.39346185326576233,82899,,,,
265,0.40022414922714233,82949,,,,
265,,82991,0.8126999735832214,1.5886805057525635,,
265,,82991,,,0.8204126358032227,0.9535999894142151
266,0.382135808467865,82999,,,,
266,0.36401212215423584,83049,,,,
266,0.35613855719566345,83099,,,,
266,0.35219860076904297,83149,,,,
266,0.4129011631011963,83199,,,,
266,0.37170445919036865,83249,,,,
266,0.36871954798698425,83299,,,,
266,,83303,0.8130000233650208,1.5955095291137695,,
266,,83303,,,0.8205628991127014,0.9524999856948853
267,0.35088372230529785,83349,,,,
267,0.4006679654121399,83399,,,,
267,0.33647340536117554,83449,,,,
267,0.4061969518661499,83499,,,,
267,0.5190284848213196,83549,,,,
267,0.372353196144104,83599,,,,
267,,83615,0.8131999969482422,1.592254638671875,,
267,,83615,,,0.8212014436721802,0.9524999856948853
268,0.3527442216873169,83649,,,,
268,0.31953439116477966,83699,,,,
268,0.3888671398162842,83749,,,,
268,0.4367128014564514,83799,,,,
268,0.3679291605949402,83849,,,,
268,0.30806657671928406,83899,,,,
268,,83927,0.8122000098228455,1.5751745700836182,,
268,,83927,,,0.8199118375778198,0.95169997215271
269,0.4138834476470947,83949,,,,
269,0.3983553946018219,83999,,,,
269,0.42195606231689453,84049,,,,
269,0.3698679208755493,84099,,,,
269,0.37226319313049316,84149,,,,
269,0.3415853679180145,84199,,,,
269,,84239,0.8131999969482422,1.570053219795227,,
269,,84239,,,0.8212389945983887,0.95169997215271
270,0.3637324571609497,84249,,,,
270,0.4230883717536926,84299,,,,
270,0.3150983452796936,84349,,,,
270,0.3644888997077942,84399,,,,
270,0.35505178570747375,84449,,,,
270,0.4350680112838745,84499,,,,
270,0.3460733890533447,84549,,,,
270,,84551,0.8148000240325928,1.5804550647735596,,
270,,84551,,,0.8214518427848816,0.9534000158309937
271,0.35729190707206726,84599,,,,
271,0.4669807553291321,84649,,,,
271,0.5042847394943237,84699,,,,
271,0.3546609580516815,84749,,,,
271,0.36022496223449707,84799,,,,
271,0.35854750871658325,84849,,,,
271,,84863,0.8137999773025513,1.5870178937911987,,
271,,84863,,,0.8206630349159241,0.9538999795913696
272,0.4685889482498169,84899,,,,
272,0.3088911771774292,84949,,,,
272,0.3608786165714264,84999,,,,
272,0.4210242033004761,85049,,,,
272,0.3493746817111969,85099,,,,
272,0.37587764859199524,85149,,,,
272,,85175,0.8137000203132629,1.5662082433700562,,
272,,85175,,,0.8216646909713745,0.9520000219345093
273,0.38635408878326416,85199,,,,
273,0.347381055355072,85249,,,,
273,0.32764625549316406,85299,,,,
273,0.3616979718208313,85349,,,,
273,0.36483660340309143,85399,,,,
273,0.34390994906425476,85449,,,,
273,,85487,0.8144000172615051,1.5912177562713623,,
273,,85487,,,0.8207632303237915,0.9537000060081482
274,0.3217303156852722,85499,,,,
274,0.3600350320339203,85549,,,,
274,0.4267231225967407,85599,,,,
274,0.4078693985939026,85649,,,,
274,0.3182245194911957,85699,,,,
274,0.5204755067825317,85749,,,,
274,0.35619592666625977,85799,,,,
274,,85799,0.8140000104904175,1.5845625400543213,,
274,,85799,,,0.8215895295143127,0.9538999795913696
275,0.42763423919677734,85849,,,,
275,0.33793798089027405,85899,,,,
275,0.36183279752731323,85949,,,,
275,0.42364537715911865,85999,,,,
275,0.4248913526535034,86049,,,,
275,0.4009169340133667,86099,,,,
275,,86111,0.8148000240325928,1.5942813158035278,,
275,,86111,,,0.8218399286270142,0.9538000226020813
276,0.3915042281150818,86149,,,,
276,0.4175747036933899,86199,,,,
276,0.32089489698410034,86249,,,,
276,0.33367446064949036,86299,,,,
276,0.4048846662044525,86349,,,,
276,0.3399759531021118,86399,,,,
276,,86423,0.814300000667572,1.5925272703170776,,
276,,86423,,,0.8221403956413269,0.953499972820282
277,0.3109317421913147,86449,,,,
277,0.36207276582717896,86499,,,,
277,0.35603079199790955,86549,,,,
277,0.3306167721748352,86599,,,,
277,0.3752148449420929,86649,,,,
277,0.41392192244529724,86699,,,,
277,,86735,0.8123000264167786,1.5899797677993774,,
277,,86735,,,0.8220903277397156,0.9537000060081482
278,0.40365415811538696,86749,,,,
278,0.31967291235923767,86799,,,,
278,0.431607186794281,86849,,,,
278,0.3797011971473694,86899,,,,
278,0.3511621654033661,86949,,,,
278,0.4522223472595215,86999,,,,
278,,87047,0.8134999871253967,1.5876750946044922,,
278,,87047,,,0.8217147588729858,0.954200029373169
279,0.3721238374710083,87049,,,,
279,0.3893229067325592,87099,,,,
279,0.39816319942474365,87149,,,,
279,0.29363003373146057,87199,,,,
279,0.4385099709033966,87249,,,,
279,0.45678478479385376,87299,,,,
279,0.3775451183319092,87349,,,,
279,,87359,0.8148999810218811,1.5842866897583008,,
279,,87359,,,0.8217397928237915,0.9542999863624573
280,0.34371328353881836,87399,,,,
280,0.419576495885849,87449,,,,
280,0.31776729226112366,87499,,,,
280,0.36094361543655396,87549,,,,
280,0.4041796922683716,87599,,,,
280,0.36615368723869324,87649,,,,
280,,87671,0.8130999803543091,1.5775437355041504,,
280,,87671,,,0.8221780061721802,0.955299973487854
281,0.3804481327533722,87699,,,,
281,0.3077232241630554,87749,,,,
281,0.4892902672290802,87799,,,,
281,0.371990442276001,87849,,,,
281,0.4254663586616516,87899,,,,
281,0.3753077983856201,87949,,,,
281,,87983,0.8144000172615051,1.5775949954986572,,
281,,87983,,,0.8227038383483887,0.9538000226020813
282,0.39046090841293335,87999,,,,
282,0.35287386178970337,88049,,,,
282,0.4005542993545532,88099,,,,
282,0.33612143993377686,88149,,,,
282,0.3758029341697693,88199,,,,
282,0.36094847321510315,88249,,,,
282,,88295,0.8140000104904175,1.5882872343063354,,
282,,88295,,,0.8226412534713745,0.9557999968528748
283,0.37249237298965454,88299,,,,
283,0.403287798166275,88349,,,,
283,0.4138997793197632,88399,,,,
283,0.43439269065856934,88449,,,,
283,0.3822416067123413,88499,,,,
283,0.36688706278800964,88549,,,,
283,0.36811965703964233,88599,,,,
283,,88607,0.8141999840736389,1.586177945137024,,
283,,88607,,,0.8225285410881042,0.9541000127792358
284,0.313833624124527,88649,,,,
284,0.3305501639842987,88699,,,,
284,0.3029308319091797,88749,,,,
284,0.35901615023612976,88799,,,,
284,0.3687976896762848,88849,,,,
284,0.346429705619812,88899,,,,
284,,88919,0.8137000203132629,1.5862717628479004,,
284,,88919,,,0.8225535750389099,0.9531999826431274
285,0.4471210241317749,88949,,,,
285,0.365909606218338,88999,,,,
285,0.36562615633010864,89049,,,,
285,0.3987789452075958,89099,,,,
285,0.3749158978462219,89149,,,,
285,0.39281997084617615,89199,,,,
285,,89231,0.8131999969482422,1.5939363241195679,,
285,,89231,,,0.8223532438278198,0.9556999802589417
286,0.4020633101463318,89249,,,,
286,0.38886943459510803,89299,,,,
286,0.4230386018753052,89349,,,,
286,0.4348418712615967,89399,,,,
286,0.3957229256629944,89449,,,,
286,0.33805981278419495,89499,,,,
286,,89543,0.8133999705314636,1.5844314098358154,,
286,,89543,,,0.8218148946762085,0.9553999900817871
287,0.3439175486564636,89549,,,,
287,0.3547738194465637,89599,,,,
287,0.3456612527370453,89649,,,,
287,0.3688037693500519,89699,,,,
287,0.4447823166847229,89749,,,,
287,0.4124179184436798,89799,,,,
287,0.3697960078716278,89849,,,,
287,,89855,0.8131999969482422,1.5903046131134033,,
287,,89855,,,0.8228039741516113,0.9544000029563904
288,0.3323288559913635,89899,,,,
288,0.39528971910476685,89949,,,,
288,0.35833311080932617,89999,,,,
288,0.3884039521217346,90049,,,,
288,0.43489786982536316,90099,,,,
288,0.327736496925354,90149,,,,
288,,90167,0.8144000172615051,1.5891368389129639,,
288,,90167,,,0.8229542374610901,0.9535999894142151
289,0.3349060118198395,90199,,,,
289,0.34316712617874146,90249,,,,
289,0.40822046995162964,90299,,,,
289,0.45733678340911865,90349,,,,
289,0.32176080346107483,90399,,,,
289,0.38169848918914795,90449,,,,
289,,90479,0.8137000203132629,1.5842564105987549,,
289,,90479,,,0.8229166865348816,0.9527000188827515
290,0.42178860306739807,90499,,,,
290,0.3496640920639038,90549,,,,
290,0.37703806161880493,90599,,,,
290,0.30132997035980225,90649,,,,
290,0.36982613801956177,90699,,,,
290,0.4451567232608795,90749,,,,
290,,90791,0.8127999901771545,1.5851093530654907,,
290,,90791,,,0.8227664232254028,0.9532999992370605
291,0.3685096204280853,90799,,,,
291,0.34504446387290955,90849,,,,
291,0.36850541830062866,90899,,,,
291,0.4451090395450592,90949,,,,
291,0.3080345392227173,90999,,,,
291,0.33305245637893677,91049,,,,
291,0.34438347816467285,91099,,,,
291,,91103,0.8141000270843506,1.5813909769058228,,
291,,91103,,,0.8229292035102844,0.9531999826431274
292,0.34898489713668823,91149,,,,
292,0.3584977984428406,91199,,,,
292,0.37618738412857056,91249,,,,
292,0.296943724155426,91299,,,,
292,0.4207102358341217,91349,,,,
292,0.3889318108558655,91399,,,,
292,,91415,0.8133999705314636,1.5772658586502075,,
292,,91415,,,0.8227664232254028,0.953499972820282
293,0.3061152398586273,91449,,,,
293,0.41016167402267456,91499,,,,
293,0.310368150472641,91549,,,,
293,0.3886059820652008,91599,,,,
293,0.4363551735877991,91649,,,,
293,0.33072131872177124,91699,,,,
293,,91727,0.8140000104904175,1.5848839282989502,,
293,,91727,,,0.8231796026229858,0.9544000029563904
294,0.4205244481563568,91749,,,,
294,0.33391469717025757,91799,,,,
294,0.2839028537273407,91849,,,,
294,0.31808871030807495,91899,,,,
294,0.3497559130191803,91949,,,,
294,0.31659021973609924,91999,,,,
294,,92039,0.8133000135421753,1.5798262357711792,,
294,,92039,,,0.822829008102417,0.9545999765396118
295,0.3294427990913391,92049,,,,
295,0.3697148561477661,92099,,,,
295,0.3345079720020294,92149,,,,
295,0.371184766292572,92199,,,,
295,0.3888927698135376,92249,,,,
295,0.2986721098423004,92299,,,,
295,0.4039202332496643,92349,,,,
295,,92351,0.8149999976158142,1.5782593488693237,,
295,,92351,,,0.8228039741516113,0.9541000127792358
296,0.36156392097473145,92399,,,,
296,0.36087462306022644,92449,,,,
296,0.31086042523384094,92499,,,,
296,0.3586505055427551,92549,,,,
296,0.34386855363845825,92599,,,,
296,0.3751150667667389,92649,,,,
296,,92663,0.8148999810218811,1.586790680885315,,
296,,92663,,,0.8224534392356873,0.9527999758720398
297,0.3739241361618042,92699,,,,
297,0.31227147579193115,92749,,,,
297,0.45830613374710083,92799,,,,
297,0.32404735684394836,92849,,,,
297,0.3538516163825989,92899,,,,
297,0.3350621163845062,92949,,,,
297,,92975,0.8147000074386597,1.5788403749465942,,
297,,92975,,,0.8231545686721802,0.9528999924659729
298,0.37238338589668274,92999,,,,
298,0.44317352771759033,93049,,,,
298,0.3532889783382416,93099,,,,
298,0.4070640802383423,93149,,,,
298,0.35720157623291016,93199,,,,
298,0.4017433524131775,93249,,,,
298,,93287,0.8147000074386597,1.5879663228988647,,
298,,93287,,,0.8226412534713745,0.9542999863624573
299,0.37994611263275146,93299,,,,
299,0.3156783878803253,93349,,,,
299,0.4087774157524109,93399,,,,
299,0.32871028780937195,93449,,,,
299,0.3928029537200928,93499,,,,
299,0.33610740303993225,93549,,,,
299,0.3490771949291229,93599,,,,
299,,93599,0.8134999871253967,1.5835069417953491,,
299,,93599,,,0.8222030401229858,0.9538000226020813
