epoch,step,train_loss,train_acc,test_acc,mix_match_loss
0,49,1.9283421039581299,,,
0,99,1.8030643463134766,,,
0,149,1.7489272356033325,,,
0,199,1.7188259363174438,,,
0,249,1.518506646156311,,,
0,299,1.647586464881897,,,
0,349,1.6971241235733032,,,
0,389,,0.34425079822540283,0.4672999978065491,
1,399,1.6251212358474731,,,
1,449,1.5430736541748047,,,
1,499,1.676332712173462,,,
1,549,1.6956477165222168,,,
1,599,1.4203661680221558,,,
1,649,1.509528636932373,,,
1,699,1.5001153945922852,,,
1,749,1.3289854526519775,,,
1,779,,0.49222755432128906,0.5753999948501587,
2,799,1.3180526494979858,,,
2,849,1.2526235580444336,,,
2,899,1.2327286005020142,,,
2,949,1.3450626134872437,,,
2,999,1.4232152700424194,,,
2,1049,1.312013030052185,,,
2,1099,1.09822416305542,,,
2,1149,1.1244397163391113,,,
2,1169,,0.5681490302085876,0.6746000051498413,
3,1199,1.1427489519119263,,,
3,1249,1.1062551736831665,,,
3,1299,1.1103947162628174,,,
3,1349,1.183936595916748,,,
3,1399,1.2623722553253174,,,
3,1449,1.0842077732086182,,,
3,1499,1.182776927947998,,,
3,1549,1.0461422204971313,,,
3,1559,,0.6243789792060852,0.6769000291824341,
4,1599,1.0527102947235107,,,
4,1649,1.153311848640442,,,
4,1699,1.2643332481384277,,,
4,1749,1.008740782737732,,,
4,1799,1.381746530532837,,,
4,1849,1.1431975364685059,,,
4,1899,1.3201520442962646,,,
4,1949,1.1440742015838623,,,
4,1949,,0.6536057591438293,0.7289000153541565,
5,1999,1.0069544315338135,,,
5,2049,1.2203730344772339,,,
5,2099,1.1614558696746826,,,
5,2149,1.1284198760986328,,,
5,2199,1.2136000394821167,,,
5,2249,0.985417366027832,,,
5,2299,0.8296940326690674,,,
5,2339,,0.675040066242218,0.7390999794006348,
6,2349,0.9015848636627197,,,
6,2399,1.022186040878296,,,
6,2449,0.9847676157951355,,,
6,2499,0.9313556551933289,,,
6,2549,1.217015266418457,,,
6,2599,0.9637378454208374,,,
6,2649,0.8086687922477722,,,
6,2699,1.1476047039031982,,,
6,2729,,0.6903245449066162,0.7797999978065491,
7,2749,1.2623225450515747,,,
7,2799,1.0869650840759277,,,
7,2849,1.042283535003662,,,
7,2899,0.6786912679672241,,,
7,2949,1.0846366882324219,,,
7,2999,1.0793509483337402,,,
7,3049,0.9821888208389282,,,
7,3099,0.9318743348121643,,,
7,3119,,0.7013221383094788,0.7444000244140625,
8,3149,0.9363749623298645,,,
8,3199,1.0905746221542358,,,
8,3249,1.202141284942627,,,
8,3299,1.0063605308532715,,,
8,3349,0.9048208594322205,,,
8,3399,1.2425445318222046,,,
8,3449,0.9810087084770203,,,
8,3499,0.8724958300590515,,,
8,3509,,0.7130609154701233,0.7749000191688538,
9,3549,0.9563043117523193,,,
9,3599,0.9611306190490723,,,
9,3649,1.0083409547805786,,,
9,3699,0.9315738081932068,,,
9,3749,0.8195456266403198,,,
9,3799,1.0877952575683594,,,
9,3849,0.7426633238792419,,,
9,3899,1.1890194416046143,,,
9,3899,,0.7222957015037537,0.8149999976158142,
10,3949,1.115559458732605,,,
10,3999,1.0376222133636475,,,
10,4049,1.1446701288223267,,,
10,4099,0.6751713156700134,,,
10,4149,1.0446676015853882,,,
10,4199,0.9579479098320007,,,
10,4249,1.1776741743087769,,,
10,4289,,0.7294070720672607,0.7879999876022339,
11,4299,0.9093332886695862,,,
11,4349,0.822568416595459,,,
11,4399,0.7296716570854187,,,
11,4449,0.8982976078987122,,,
11,4499,0.984261155128479,,,
11,4549,0.7891945242881775,,,
11,4599,1.099104881286621,,,
11,4649,0.9922704100608826,,,
11,4679,,0.7366987466812134,0.7996000051498413,
12,4699,0.8828138113021851,,,
12,4749,1.0359785556793213,,,
12,4799,0.8368722796440125,,,
12,4849,0.9515215754508972,,,
12,4899,0.9234172105789185,,,
12,4949,0.8531962633132935,,,
12,4999,0.8404183983802795,,,
12,5049,0.9200829863548279,,,
12,5069,,0.7421073913574219,0.8012999892234802,
13,5099,0.8388275504112244,,,
13,5149,0.9796640276908875,,,
13,5199,0.7507161498069763,,,
13,5249,0.8612968921661377,,,
13,5299,0.9252516627311707,,,
13,5349,0.7044859528541565,,,
13,5399,0.9642232060432434,,,
13,5449,0.9992456436157227,,,
13,5459,,0.7458133101463318,0.8454999923706055,
14,5499,0.9588714838027954,,,
14,5549,0.8501695990562439,,,
14,5599,0.8595519661903381,,,
14,5649,0.9470503330230713,,,
14,5699,0.845764696598053,,,
14,5749,0.7645686268806458,,,
14,5799,0.9615706205368042,,,
14,5849,0.822105884552002,,,
14,5849,,0.7506811022758484,0.8306999802589417,
15,5899,1.0406997203826904,,,
15,5949,0.7751519083976746,,,
15,5999,0.7462301254272461,,,
15,6049,0.767205536365509,,,
15,6099,0.795215904712677,,,
15,6149,0.7349410057067871,,,
15,6199,1.0677529573440552,,,
15,6239,,0.7543269395828247,0.8421000242233276,
16,6249,0.8703452348709106,,,
16,6299,0.940963625907898,,,
16,6349,0.8292951583862305,,,
16,6399,0.9568774700164795,,,
16,6449,0.9788928031921387,,,
16,6499,0.6887099146842957,,,
16,6549,0.7905479669570923,,,
16,6599,0.738812267780304,,,
16,6629,,0.7568709850311279,0.8356999754905701,
17,6649,0.7781638503074646,,,
17,6699,1.0100188255310059,,,
17,6749,0.7882052063941956,,,
17,6799,0.7953258156776428,,,
17,6849,0.7839823365211487,,,
17,6899,0.8566513061523438,,,
17,6949,0.6965799927711487,,,
17,6999,0.9728569984436035,,,
17,7019,,0.7621194124221802,0.8492000102996826,
18,7049,0.7058277130126953,,,
18,7099,0.8364515900611877,,,
18,7149,0.8957642316818237,,,
18,7199,0.8533883690834045,,,
18,7249,0.8515344262123108,,,
18,7299,1.0091145038604736,,,
18,7349,0.9461135268211365,,,
18,7399,0.7366329431533813,,,
18,7409,,0.7640625238418579,0.8172000050544739,
19,7449,0.7247702479362488,,,
19,7499,1.3055641651153564,,,
19,7549,0.8961280584335327,,,
19,7599,0.9806815385818481,,,
19,7649,0.860676109790802,,,
19,7699,0.889234721660614,,,
19,7749,1.0722779035568237,,,
19,7799,0.8038074970245361,,,
19,7799,,0.7674078345298767,0.8090000152587891,
20,7849,,,,1.8982131481170654
20,7899,,,,1.6918516159057617
20,7949,,,,1.6891992092132568
20,7999,,,,1.6751573085784912
20,8049,,,,1.7235482931137085
20,8099,,,,1.5560380220413208
20,8149,,,,1.239243984222412
20,8199,,,,1.511331558227539
20,8200,1.018020510673523,0.7588381171226501,0.7929999828338623,
21,8249,,,,1.5328344106674194
21,8299,,,,1.569258213043213
21,8349,,,,1.5155466794967651
21,8399,,,,1.4600261449813843
21,8449,,,,1.5138400793075562
21,8499,,,,1.7671458721160889
21,8549,,,,1.4905706644058228
21,8592,,,0.8015000224113464,
22,8599,,,,1.3927323818206787
22,8649,,,,1.6345657110214233
22,8699,,,,1.5316294431686401
22,8749,,,,1.481261968612671
22,8799,,,,0.7886521816253662
22,8849,,,,1.4804233312606812
22,8899,,,,1.659625768661499
22,8949,,,,1.3692094087600708
22,8985,,,0.8116000294685364,
23,8999,,,,1.487784504890442
23,9049,,,,1.5734699964523315
23,9099,,,,0.9137380719184875
23,9149,,,,1.1705018281936646
23,9199,,,,1.6156284809112549
23,9249,,,,1.5129311084747314
23,9299,,,,1.5573062896728516
23,9349,,,,1.4065803289413452
23,9382,,,0.8198000192642212,
24,9399,,,,1.4359246492385864
24,9449,,,,1.6048262119293213
24,9499,,,,1.5365028381347656
24,9549,,,,1.2870045900344849
24,9599,,,,1.4859676361083984
24,9649,,,,1.4176403284072876
24,9699,,,,1.4557178020477295
24,9749,,,,1.2947344779968262
24,9782,,,0.7918999791145325,
25,9799,,,,1.1796799898147583
25,9849,,,,1.2839466333389282
25,9899,,,,1.2974472045898438
25,9949,,,,1.587445855140686
25,9999,,,,1.2455799579620361
25,10049,,,,1.5393989086151123
25,10099,,,,1.1745924949645996
25,10149,,,,1.3840258121490479
25,10174,,,0.8093000054359436,
26,10199,,,,1.2087514400482178
26,10249,,,,1.4227720499038696
26,10299,,,,1.5248675346374512
26,10349,,,,1.4809502363204956
26,10399,,,,1.3373273611068726
26,10449,,,,1.5903414487838745
26,10499,,,,1.3135852813720703
26,10549,,,,1.4067763090133667
26,10574,,,0.8395000100135803,
27,10599,,,,1.3099783658981323
27,10649,,,,1.405598521232605
27,10699,,,,1.3687736988067627
27,10749,,,,1.018310785293579
27,10799,,,,1.4605212211608887
27,10849,,,,1.0129382610321045
27,10899,,,,1.4583501815795898
27,10949,,,,1.425948143005371
27,10969,,,0.821399986743927,
28,10999,,,,1.4204121828079224
28,11049,,,,1.50605046749115
28,11099,,,,1.2700161933898926
28,11149,,,,1.3247891664505005
28,11199,,,,1.4017540216445923
28,11249,,,,1.3314709663391113
28,11299,,,,1.3444325923919678
28,11349,,,,0.5813586711883545
28,11370,,,0.8205000162124634,
29,11399,,,,1.2238588333129883
29,11449,,,,1.2442587614059448
29,11499,,,,1.4074029922485352
29,11549,,,,1.4650822877883911
29,11599,,,,1.4720555543899536
29,11649,,,,1.503512978553772
29,11699,,,,1.5863287448883057
29,11749,,,,1.443712830543518
29,11764,,,0.8082000017166138,
30,11799,,,,1.2277904748916626
30,11849,,,,1.6155322790145874
30,11899,,,,1.4740023612976074
30,11949,,,,1.466171145439148
30,11999,,,,1.4199684858322144
30,12049,,,,1.4108701944351196
30,12099,,,,1.4428545236587524
30,12149,,,,1.396339774131775
30,12165,,,0.8001999855041504,
31,12199,,,,1.4059946537017822
31,12249,,,,1.3478460311889648
31,12299,,,,1.3261785507202148
31,12349,,,,1.292407512664795
31,12399,,,,1.427297592163086
31,12449,,,,1.487673044204712
31,12499,,,,1.3011834621429443
31,12549,,,,1.511169672012329
31,12557,,,0.828499972820282,
32,12599,,,,1.3236998319625854
32,12649,,,,1.4367425441741943
32,12699,,,,1.5403566360473633
32,12749,,,,0.9620032906532288
32,12799,,,,1.5395570993423462
32,12849,,,,0.9350886940956116
32,12899,,,,1.4986106157302856
32,12949,,,,1.3249074220657349
32,12953,,,0.8460000157356262,
33,12999,,,,1.4450567960739136
33,13049,,,,1.3962939977645874
33,13099,,,,1.418005108833313
33,13149,,,,1.0782780647277832
33,13199,,,,1.0364601612091064
33,13249,,,,1.3690886497497559
33,13299,,,,1.215957760810852
33,13349,,,,0.8930730819702148
33,13351,,,0.8424999713897705,
34,13399,,,,1.2840451002120972
34,13449,,,,1.4652318954467773
34,13499,,,,1.4859580993652344
34,13549,,,,1.4374912977218628
34,13599,,,,1.374780535697937
34,13649,,,,1.4565740823745728
34,13699,,,,1.409501552581787
34,13742,,,0.8306000232696533,
35,13749,,,,1.2610703706741333
35,13799,,,,1.2679085731506348
35,13849,,,,1.2069039344787598
35,13899,,,,1.2671241760253906
35,13949,,,,1.2730332612991333
35,13999,,,,1.3346648216247559
35,14049,,,,1.0558222532272339
35,14099,,,,1.306233525276184
35,14141,,,0.8223000168800354,
36,14149,,,,1.193503975868225
36,14199,,,,1.405456304550171
36,14249,,,,1.3368736505508423
36,14299,,,,1.3030308485031128
36,14349,,,,0.9547733068466187
36,14399,,,,1.364222526550293
36,14449,,,,1.4446898698806763
36,14499,,,,1.4226250648498535
36,14535,,,0.8220000267028809,
37,14549,,,,1.4625977277755737
37,14599,,,,1.3345050811767578
37,14649,,,,1.3040094375610352
37,14699,,,,1.4828681945800781
37,14749,,,,1.1235346794128418
37,14799,,,,1.5301381349563599
37,14849,,,,1.3090620040893555
37,14899,,,,1.2554707527160645
37,14930,,,0.8137999773025513,
38,14949,,,,1.387081503868103
38,14999,,,,1.4291751384735107
38,15049,,,,1.1727155447006226
38,15099,,,,1.3413742780685425
38,15149,,,,1.4880876541137695
38,15199,,,,1.4573383331298828
38,15249,,,,1.435894250869751
38,15299,,,,1.3164043426513672
38,15320,,,0.8356000185012817,
39,15349,,,,1.4669045209884644
39,15399,,,,1.3510911464691162
39,15449,,,,1.524481177330017
39,15499,,,,1.4037665128707886
39,15549,,,,0.7802244424819946
39,15599,,,,1.481562614440918
39,15649,,,,1.3445608615875244
39,15699,,,,1.2880150079727173
39,15714,,,0.8230000138282776,
40,15749,,,,1.3401405811309814
40,15799,,,,1.341251254081726
40,15849,,,,1.51296067237854
40,15899,,,,1.4977482557296753
40,15949,,,,1.4556647539138794
40,15999,,,,1.416722297668457
40,16049,,,,1.4409613609313965
40,16099,,,,1.2728028297424316
40,16109,,,0.8385999798774719,
41,16149,,,,1.4631623029708862
41,16199,,,,1.4031293392181396
41,16249,,,,1.5144455432891846
41,16299,,,,1.2819044589996338
41,16349,,,,1.4257057905197144
41,16399,,,,1.2026995420455933
41,16449,,,,1.183545470237732
41,16499,,,,1.3683875799179077
41,16507,,,0.8263999819755554,
42,16549,,,,0.8244460225105286
42,16599,,,,1.4427322149276733
42,16649,,,,1.4212498664855957
42,16699,,,,1.2797155380249023
42,16749,,,,1.3492602109909058
42,16799,,,,1.4771679639816284
42,16849,,,,1.3886975049972534
42,16899,,,,1.4157941341400146
42,16903,,,0.8385999798774719,
43,16949,,,,1.2066495418548584
43,16999,,,,1.596562385559082
43,17049,,,,1.3778574466705322
43,17099,,,,1.4779319763183594
43,17149,,,,1.0710906982421875
43,17199,,,,1.2895556688308716
43,17249,,,,0.973844051361084
43,17299,,,,1.3556022644042969
43,17304,,,0.8557999730110168,
44,17349,,,,0.873590886592865
44,17399,,,,1.393641710281372
44,17449,,,,1.3193644285202026
44,17499,,,,1.4507431983947754
44,17549,,,,1.4786126613616943
44,17599,,,,1.1574941873550415
44,17649,,,,1.4323441982269287
44,17699,,,,1.3710298538208008
44,17700,,,0.8425999879837036,
45,17749,,,,1.1807596683502197
45,17799,,,,1.2354199886322021
45,17849,,,,1.2753957509994507
45,17899,,,,1.4162544012069702
45,17949,,,,1.092247486114502
45,17999,,,,0.8849155306816101
45,18049,,,,1.3628581762313843
45,18097,,,0.859000027179718,
46,18099,,,,1.3180407285690308
46,18149,,,,1.479966640472412
46,18199,,,,0.9305992722511292
46,18249,,,,0.7684004902839661
46,18299,,,,1.2955673933029175
46,18349,,,,1.256361722946167
46,18399,,,,1.3466063737869263
46,18449,,,,1.3583518266677856
46,18494,,,0.858299970626831,
47,18499,,,,1.2426326274871826
47,18549,,,,1.2830119132995605
47,18599,,,,1.3866006135940552
47,18649,,,,1.3473256826400757
47,18699,,,,1.3054089546203613
47,18749,,,,1.431496024131775
47,18799,,,,1.2186832427978516
47,18849,,,,1.3153433799743652
47,18886,,,0.86080002784729,
48,18899,,,,1.3771944046020508
48,18949,,,,1.4746816158294678
48,18999,,,,1.3849055767059326
48,19049,,,,1.416513442993164
48,19099,,,,1.3760989904403687
48,19149,,,,1.4403597116470337
48,19199,,,,1.0941864252090454
48,19249,,,,1.4479767084121704
48,19288,,,0.8481000065803528,
49,19299,,,,1.3980960845947266
49,19349,,,,1.3005633354187012
49,19399,,,,1.3029009103775024
49,19449,,,,1.3096516132354736
49,19499,,,,1.445717692375183
49,19549,,,,1.4524005651474
49,19599,,,,1.5146042108535767
49,19649,,,,1.2919577360153198
49,19682,,,0.859499990940094,
50,19699,,,,1.135615587234497
50,19749,,,,1.5335158109664917
50,19799,,,,1.4330307245254517
50,19849,,,,1.0811607837677002
50,19899,,,,1.4010074138641357
50,19949,,,,1.011837124824524
50,19999,,,,1.3694078922271729
50,20049,,,,1.1181232929229736
50,20072,,,0.8537999987602234,
51,20099,,,,1.387000560760498
51,20149,,,,1.4070868492126465
51,20199,,,,1.2763277292251587
51,20249,,,,1.107235074043274
51,20299,,,,1.3626387119293213
51,20349,,,,1.2167270183563232
51,20399,,,,1.3447551727294922
51,20449,,,,0.8219708204269409
51,20468,,,0.8323000073432922,
52,20499,,,,1.3803009986877441
52,20549,,,,1.2467784881591797
52,20599,,,,1.2649736404418945
52,20649,,,,1.3342719078063965
52,20699,,,,1.2114841938018799
52,20749,,,,1.2236865758895874
52,20799,,,,1.3795592784881592
52,20849,,,,1.060754418373108
52,20861,,,0.8220999836921692,
53,20899,,,,1.2953243255615234
53,20949,,,,1.306897759437561
53,20999,,,,1.2763252258300781
53,21049,,,,1.19832444190979
53,21099,,,,1.4176139831542969
53,21149,,,,1.2025240659713745
53,21199,,,,1.1836707592010498
53,21249,,,,1.381676197052002
53,21251,,,0.8611000180244446,
54,21299,,,,1.3167651891708374
54,21349,,,,1.504001498222351
54,21399,,,,1.2824856042861938
54,21449,,,,1.173569917678833
54,21499,,,,1.2507222890853882
54,21549,,,,1.2102941274642944
54,21599,,,,0.9935244917869568
54,21649,,,,1.3527004718780518
54,21650,,,0.849399983882904,
55,21699,,,,1.1935176849365234
55,21749,,,,1.172760009765625
55,21799,,,,1.396100401878357
55,21849,,,,1.3224387168884277
55,21899,,,,1.34615159034729
55,21949,,,,1.319300889968872
55,21999,,,,1.1895720958709717
55,22045,,,0.8593999743461609,
56,22049,,,,1.2415186166763306
56,22099,,,,1.4473731517791748
56,22149,,,,1.5213664770126343
56,22199,,,,1.1217206716537476
56,22249,,,,1.4800896644592285
56,22299,,,,1.1359423398971558
56,22349,,,,1.1426258087158203
56,22399,,,,1.0450385808944702
56,22445,,,0.8579000234603882,
57,22449,,,,1.3214285373687744
57,22499,,,,1.3488484621047974
57,22549,,,,1.3803075551986694
57,22599,,,,1.1923023462295532
57,22649,,,,1.3176039457321167
57,22699,,,,1.213204264640808
57,22749,,,,1.4907453060150146
57,22799,,,,1.232284665107727
57,22841,,,0.8543999791145325,
58,22849,,,,1.1958942413330078
58,22899,,,,1.314344048500061
58,22949,,,,1.1269575357437134
58,22999,,,,1.4220728874206543
58,23049,,,,1.2256226539611816
58,23099,,,,1.3516956567764282
58,23149,,,,1.3077318668365479
58,23199,,,,1.234195351600647
58,23244,,,0.8492000102996826,
59,23249,,,,1.3657069206237793
59,23299,,,,1.3606990575790405
59,23349,,,,1.4217725992202759
59,23399,,,,1.1755683422088623
59,23449,,,,1.1805590391159058
59,23499,,,,1.1809699535369873
59,23549,,,,1.258844017982483
59,23599,,,,0.7711115479469299
59,23641,,,0.8589000105857849,
60,23649,,,,1.2038309574127197
60,23699,,,,1.132418155670166
60,23749,,,,1.2590199708938599
60,23799,,,,0.8925997018814087
60,23849,,,,1.2644366025924683
60,23899,,,,1.0749096870422363
60,23949,,,,1.1392436027526855
60,23999,,,,1.2395139932632446
60,24043,,,0.8410000205039978,
61,24049,,,,1.2039082050323486
61,24099,,,,1.3795305490493774
61,24149,,,,1.11399245262146
61,24199,,,,1.293544888496399
61,24249,,,,0.711144745349884
61,24299,,,,0.8482652902603149
61,24349,,,,1.3836240768432617
61,24399,,,,1.1577506065368652
61,24441,,,0.8676999807357788,
62,24449,,,,1.3275014162063599
62,24499,,,,1.4532442092895508
62,24549,,,,1.2928531169891357
62,24599,,,,1.35191810131073
62,24649,,,,1.3478056192398071
62,24699,,,,1.2533773183822632
62,24749,,,,1.2640641927719116
62,24799,,,,1.3813855648040771
62,24843,,,0.8690000176429749,
63,24849,,,,1.2628965377807617
63,24899,,,,1.416279673576355
63,24949,,,,1.1529172658920288
63,24999,,,,1.2617173194885254
63,25049,,,,1.2494794130325317
63,25099,,,,1.3868399858474731
63,25149,,,,1.1361827850341797
63,25199,,,,1.3432438373565674
63,25244,,,0.8621000051498413,
64,25249,,,,1.131225824356079
64,25299,,,,0.7530736327171326
64,25349,,,,1.1327110528945923
64,25399,,,,1.2496862411499023
64,25449,,,,1.2902584075927734
64,25499,,,,1.3517563343048096
64,25549,,,,1.298290729522705
64,25599,,,,1.2129697799682617
64,25640,,,0.8659999966621399,
65,25649,,,,1.3420709371566772
65,25699,,,,1.3117862939834595
65,25749,,,,0.902870774269104
65,25799,,,,1.1083848476409912
65,25849,,,,1.4063044786453247
65,25899,,,,1.2682089805603027
65,25949,,,,1.2415941953659058
65,25999,,,,1.4320061206817627
65,26031,,,0.8628000020980835,
66,26049,,,,0.9747041463851929
66,26099,,,,1.4136806726455688
66,26149,,,,1.337815284729004
66,26199,,,,1.3182399272918701
66,26249,,,,1.0939744710922241
66,26299,,,,1.2141499519348145
66,26349,,,,1.305293321609497
66,26399,,,,1.3068958520889282
66,26426,,,0.8575000166893005,
67,26449,,,,1.2854934930801392
67,26499,,,,1.1789337396621704
67,26549,,,,1.3266597986221313
67,26599,,,,1.3991975784301758
67,26649,,,,1.1952180862426758
67,26699,,,,1.2772011756896973
67,26749,,,,1.172942042350769
67,26799,,,,1.3450323343276978
67,26821,,,0.8550999760627747,
68,26849,,,,1.49896240234375
68,26899,,,,1.300726294517517
68,26949,,,,1.229689121246338
68,26999,,,,1.398989200592041
68,27049,,,,1.3284471035003662
68,27099,,,,1.3552707433700562
68,27149,,,,1.0008875131607056
68,27199,,,,1.3357678651809692
68,27218,,,0.8744000196456909,
69,27249,,,,1.4401401281356812
69,27299,,,,1.3006192445755005
69,27349,,,,1.384264588356018
69,27399,,,,0.9028100967407227
69,27449,,,,1.3402923345565796
69,27499,,,,1.1022388935089111
69,27549,,,,1.1284396648406982
69,27599,,,,1.2992708683013916
69,27611,,,0.8597000241279602,
70,27649,,,,1.294179916381836
70,27699,,,,1.248049020767212
70,27749,,,,1.3081156015396118
70,27799,,,,1.3156167268753052
70,27849,,,,1.2056008577346802
70,27899,,,,1.2683087587356567
70,27949,,,,1.3267922401428223
70,27999,,,,1.372115969657898
70,28001,,,0.8676999807357788,
71,28049,,,,0.9178487062454224
71,28099,,,,1.358174204826355
71,28149,,,,1.2758514881134033
71,28199,,,,1.3440297842025757
71,28249,,,,1.0681779384613037
71,28299,,,,1.2579869031906128
71,28349,,,,1.12750244140625
71,28399,,,,1.3717503547668457
71,28402,,,0.8389000296592712,
72,28449,,,,1.2952581644058228
72,28499,,,,1.2374128103256226
72,28549,,,,1.3062664270401
72,28599,,,,1.4044934511184692
72,28649,,,,1.103826642036438
72,28699,,,,1.180947184562683
72,28749,,,,1.372408390045166
72,28792,,,0.8499000072479248,
73,28799,,,,1.345847725868225
73,28849,,,,1.3641215562820435
73,28899,,,,1.3187686204910278
73,28949,,,,1.2137807607650757
73,28999,,,,1.2542624473571777
73,29049,,,,1.0534284114837646
73,29099,,,,1.2743096351623535
73,29149,,,,1.165228247642517
73,29194,,,0.8715000152587891,
74,29199,,,,1.3262865543365479
74,29249,,,,1.236139178276062
74,29299,,,,1.2636173963546753
74,29349,,,,1.339063286781311
74,29399,,,,0.8471798300743103
74,29449,,,,1.3033523559570312
74,29499,,,,1.4157342910766602
74,29549,,,,1.265490174293518
74,29592,,,0.8694999814033508,
75,29599,,,,1.2711198329925537
75,29649,,,,1.338828206062317
75,29699,,,,1.2399133443832397
75,29749,,,,1.23165762424469
75,29799,,,,1.261663556098938
75,29849,,,,1.2613584995269775
75,29899,,,,1.3526289463043213
75,29949,,,,0.942757248878479
75,29990,,,0.8812999725341797,
76,29999,,,,0.94014573097229
76,30049,,,,1.0023608207702637
76,30099,,,,1.2041856050491333
76,30149,,,,1.3166444301605225
76,30199,,,,1.392651081085205
76,30249,,,,1.3633702993392944
76,30299,,,,1.3876514434814453
76,30349,,,,1.2849973440170288
76,30391,,,0.8684999942779541,
77,30399,,,,0.8639664053916931
77,30449,,,,1.2922511100769043
77,30499,,,,1.0999797582626343
77,30549,,,,1.3885105848312378
77,30599,,,,1.233818769454956
77,30649,,,,1.3569644689559937
77,30699,,,,1.3370578289031982
77,30749,,,,1.2609604597091675
77,30786,,,0.8327000141143799,
78,30799,,,,1.2199896574020386
78,30849,,,,1.310920000076294
78,30899,,,,1.233040452003479
78,30949,,,,1.3487720489501953
78,30999,,,,1.166640043258667
78,31049,,,,1.2555856704711914
78,31099,,,,1.2368309497833252
78,31149,,,,1.1261483430862427
78,31181,,,0.8580999970436096,
79,31199,,,,1.1583235263824463
79,31249,,,,1.316151738166809
79,31299,,,,1.2129656076431274
79,31349,,,,1.2872557640075684
79,31399,,,,1.246371865272522
79,31449,,,,1.324520468711853
79,31499,,,,1.0577040910720825
79,31549,,,,1.1407963037490845
79,31581,,,0.8659999966621399,
80,31599,,,,1.1045469045639038
80,31649,,,,1.3415383100509644
80,31699,,,,1.351467490196228
80,31749,,,,1.359883189201355
80,31799,,,,1.4642210006713867
80,31849,,,,1.106845736503601
80,31899,,,,1.382975459098816
80,31949,,,,1.162170171737671
80,31972,,,0.8626000285148621,
81,31999,,,,1.0795154571533203
81,32049,,,,0.969122588634491
81,32099,,,,1.2377434968948364
81,32149,,,,1.3337327241897583
81,32199,,,,1.2425918579101562
81,32249,,,,1.1056873798370361
81,32299,,,,1.3262990713119507
81,32349,,,,1.251431941986084
81,32365,,,0.8543000221252441,
82,32399,,,,1.3254222869873047
82,32449,,,,1.2931886911392212
82,32499,,,,1.217858076095581
82,32549,,,,1.4433175325393677
82,32599,,,,0.9776155352592468
82,32649,,,,1.1183221340179443
82,32699,,,,1.183516025543213
82,32749,,,,1.3207130432128906
82,32759,,,0.857699990272522,
83,32799,,,,1.2888269424438477
83,32849,,,,1.3486440181732178
83,32899,,,,1.2108933925628662
83,32949,,,,1.4652085304260254
83,32999,,,,1.2591893672943115
83,33049,,,,1.0791683197021484
83,33099,,,,1.2253774404525757
83,33149,,,,1.4172910451889038
83,33152,,,0.8629999756813049,
84,33199,,,,1.1394649744033813
84,33249,,,,1.3553452491760254
84,33299,,,,1.0150724649429321
84,33349,,,,1.1008418798446655
84,33399,,,,1.1816518306732178
84,33449,,,,1.2235347032546997
84,33499,,,,1.1664409637451172
84,33549,,,,1.2485562562942505
84,33552,,,0.8758000135421753,
85,33599,,,,0.6292658448219299
85,33649,,,,1.2710869312286377
85,33699,,,,1.1931102275848389
85,33749,,,,1.345370888710022
85,33799,,,,1.2604948282241821
85,33849,,,,1.2365241050720215
85,33899,,,,1.3205015659332275
85,33943,,,0.8787000179290771,
86,33949,,,,1.2061079740524292
86,33999,,,,1.2992134094238281
86,34049,,,,1.131000280380249
86,34099,,,,1.3567999601364136
86,34149,,,,1.214842677116394
86,34199,,,,1.2063922882080078
86,34249,,,,1.2849586009979248
86,34299,,,,1.231623888015747
86,34342,,,0.8664000034332275,
87,34349,,,,1.3795256614685059
87,34399,,,,1.1973587274551392
87,34449,,,,1.2587069272994995
87,34499,,,,1.2719539403915405
87,34549,,,,1.3129605054855347
87,34599,,,,1.2741912603378296
87,34649,,,,1.2702511548995972
87,34699,,,,1.1424925327301025
87,34739,,,0.8810999989509583,
88,34749,,,,1.3130301237106323
88,34799,,,,1.3254581689834595
88,34849,,,,1.2949469089508057
88,34899,,,,1.249837875366211
88,34949,,,,1.2595959901809692
88,34999,,,,1.2313181161880493
88,35049,,,,1.433102011680603
88,35099,,,,0.9754953980445862
88,35134,,,0.8461999893188477,
89,35149,,,,1.2425894737243652
89,35199,,,,1.155187964439392
89,35249,,,,1.468939185142517
89,35299,,,,0.8907114267349243
89,35349,,,,1.1860418319702148
89,35399,,,,1.3546030521392822
89,35449,,,,1.1609857082366943
89,35499,,,,1.3080781698226929
89,35527,,,0.8758999705314636,
90,35549,,,,1.162764310836792
90,35599,,,,1.2569258213043213
90,35649,,,,1.2789431810379028
90,35699,,,,1.1838200092315674
90,35749,,,,1.02662193775177
90,35799,,,,1.3416874408721924
90,35849,,,,1.2818694114685059
90,35899,,,,1.1617380380630493
90,35926,,,0.881600022315979,
91,35949,,,,1.3289870023727417
91,35999,,,,1.3083432912826538
91,36049,,,,1.2815488576889038
91,36099,,,,1.3165994882583618
91,36149,,,,0.9628498554229736
91,36199,,,,1.3517394065856934
91,36249,,,,1.18467378616333
91,36299,,,,1.0761600732803345
91,36329,,,0.8690000176429749,
92,36349,,,,1.2578376531600952
92,36399,,,,1.114480972290039
92,36449,,,,0.9418023228645325
92,36499,,,,1.3321812152862549
92,36549,,,,1.2163190841674805
92,36599,,,,1.246277928352356
92,36649,,,,1.3494043350219727
92,36699,,,,1.350058913230896
92,36730,,,0.869700014591217,
93,36749,,,,1.2780357599258423
93,36799,,,,1.0309367179870605
93,36849,,,,1.2899868488311768
93,36899,,,,1.227318525314331
93,36949,,,,1.3708715438842773
93,36999,,,,0.9846547842025757
93,37049,,,,1.2293686866760254
93,37099,,,,1.2084306478500366
93,37123,,,0.8687999844551086,
94,37149,,,,1.1959364414215088
94,37199,,,,1.324217677116394
94,37249,,,,1.2180330753326416
94,37299,,,,1.285677433013916
94,37349,,,,1.3621728420257568
94,37399,,,,1.2642276287078857
94,37449,,,,1.2876166105270386
94,37499,,,,1.3352665901184082
94,37513,,,0.8751000165939331,
95,37549,,,,0.8747202754020691
95,37599,,,,1.2280055284500122
95,37649,,,,1.3566950559616089
95,37699,,,,0.7818803191184998
95,37749,,,,1.357375979423523
95,37799,,,,1.294806957244873
95,37849,,,,0.9706825613975525
95,37899,,,,1.424899935722351
95,37912,,,0.8755000233650208,
96,37949,,,,1.2378846406936646
96,37999,,,,1.2659099102020264
96,38049,,,,1.3100383281707764
96,38099,,,,1.307133436203003
96,38149,,,,1.1240218877792358
96,38199,,,,1.1806862354278564
96,38249,,,,1.1650450229644775
96,38299,,,,1.1207425594329834
96,38303,,,0.8833000063896179,
97,38349,,,,1.15304434299469
97,38399,,,,1.1513817310333252
97,38449,,,,1.2945642471313477
97,38499,,,,1.284934163093567
97,38549,,,,1.0685734748840332
97,38599,,,,1.1185985803604126
97,38649,,,,1.0945069789886475
97,38698,,,0.8686000108718872,
98,38699,,,,1.1090786457061768
98,38749,,,,1.1590549945831299
98,38799,,,,1.0539147853851318
98,38849,,,,1.272831678390503
98,38899,,,,1.17616605758667
98,38949,,,,1.2485307455062866
98,38999,,,,1.1350716352462769
98,39049,,,,1.1724460124969482
98,39092,,,0.8675000071525574,
99,39099,,,,0.8346763849258423
99,39149,,,,1.1664915084838867
99,39199,,,,1.2275612354278564
99,39249,,,,1.1159359216690063
99,39299,,,,1.3103984594345093
99,39349,,,,1.1569310426712036
99,39399,,,,1.0339198112487793
99,39449,,,,1.0425987243652344
99,39483,,,0.8925999999046326,
100,39499,,,,1.1584618091583252
100,39549,,,,1.0490705966949463
100,39599,,,,1.1723556518554688
100,39649,,,,1.38749098777771
100,39699,,,,1.207731008529663
100,39749,,,,1.3209638595581055
100,39799,,,,1.2084767818450928
100,39849,,,,1.0303223133087158
100,39886,,,0.8766999840736389,
101,39899,,,,1.2924035787582397
101,39949,,,,1.3024075031280518
101,39999,,,,0.9544285535812378
101,40049,,,,1.2353593111038208
101,40099,,,,1.136562705039978
101,40149,,,,0.678850531578064
101,40199,,,,1.2132364511489868
101,40249,,,,0.7973201870918274
101,40282,,,0.8902000188827515,
102,40299,,,,1.0039172172546387
102,40349,,,,1.1752468347549438
102,40399,,,,1.2323040962219238
102,40449,,,,1.2381606101989746
102,40499,,,,1.1584492921829224
102,40549,,,,1.2533133029937744
102,40599,,,,1.1935653686523438
102,40649,,,,1.1944183111190796
102,40683,,,0.8657000064849854,
103,40699,,,,1.259609580039978
103,40749,,,,1.1952300071716309
103,40799,,,,1.2528315782546997
103,40849,,,,1.238933801651001
103,40899,,,,0.9378394484519958
103,40949,,,,1.2585363388061523
103,40999,,,,1.0939611196517944
103,41049,,,,1.122215747833252
103,41076,,,0.8640999794006348,
104,41099,,,,1.263587236404419
104,41149,,,,1.120013952255249
104,41199,,,,1.2765207290649414
104,41249,,,,1.237632393836975
104,41299,,,,1.1912591457366943
104,41349,,,,1.214464783668518
104,41399,,,,1.2587623596191406
104,41449,,,,1.2427417039871216
104,41471,,,0.8844000101089478,
105,41499,,,,1.194933295249939
105,41549,,,,1.322043776512146
105,41599,,,,1.2667133808135986
105,41649,,,,1.1813005208969116
105,41699,,,,1.2500927448272705
105,41749,,,,1.1329786777496338
105,41799,,,,1.1994949579238892
105,41849,,,,1.253587007522583
105,41867,,,0.8809000253677368,
106,41899,,,,1.1077288389205933
106,41949,,,,1.0765103101730347
106,41999,,,,0.6949373483657837
106,42049,,,,1.2573703527450562
106,42099,,,,1.295419692993164
106,42149,,,,1.278141975402832
106,42199,,,,1.323023796081543
106,42249,,,,1.1889104843139648
106,42271,,,0.890500009059906,
107,42299,,,,1.31057870388031
107,42349,,,,1.2046364545822144
107,42399,,,,1.2716861963272095
107,42449,,,,1.2105897665023804
107,42499,,,,1.0504242181777954
107,42549,,,,1.231142282485962
107,42599,,,,1.2257394790649414
107,42649,,,,1.2920629978179932
107,42668,,,0.8763999938964844,
108,42699,,,,1.286497712135315
108,42749,,,,1.1460025310516357
108,42799,,,,1.2306989431381226
108,42849,,,,1.2201716899871826
108,42899,,,,0.8939899206161499
108,42949,,,,1.1118888854980469
108,42999,,,,1.26644766330719
108,43049,,,,1.3302699327468872
108,43063,,,0.8694999814033508,
109,43099,,,,1.2707747220993042
109,43149,,,,1.2279670238494873
109,43199,,,,1.1322412490844727
109,43249,,,,1.2610918283462524
109,43299,,,,1.1171128749847412
109,43349,,,,1.3222036361694336
109,43399,,,,1.196362018585205
109,43449,,,,1.0232937335968018
109,43464,,,0.8797000050544739,
110,43499,,,,1.2888826131820679
110,43549,,,,1.07632315158844
110,43599,,,,1.239827036857605
110,43649,,,,0.8703929781913757
110,43699,,,,1.074046015739441
110,43749,,,,1.0063600540161133
110,43799,,,,0.7860445976257324
110,43849,,,,1.1258474588394165
110,43855,,,0.8859000205993652,
111,43899,,,,0.7433891296386719
111,43949,,,,1.2250947952270508
111,43999,,,,1.2616407871246338
111,44049,,,,1.1296908855438232
111,44099,,,,1.0033193826675415
111,44149,,,,1.3093825578689575
111,44199,,,,1.2053519487380981
111,44249,,,,1.1406276226043701
111,44256,,,0.8700000047683716,
112,44299,,,,1.2932803630828857
112,44349,,,,1.109821081161499
112,44399,,,,1.1717373132705688
112,44449,,,,0.9970828890800476
112,44499,,,,1.3006359338760376
112,44549,,,,0.9522300958633423
112,44599,,,,1.3193364143371582
112,44649,,,,0.9624218344688416
112,44651,,,0.8810999989509583,
113,44699,,,,0.7531222701072693
113,44749,,,,1.2588623762130737
113,44799,,,,1.1418951749801636
113,44849,,,,1.3342716693878174
113,44899,,,,0.8809707164764404
113,44949,,,,1.351143717765808
113,44999,,,,1.2183887958526611
113,45049,,,,1.209969162940979
113,45052,,,0.883899986743927,
114,45099,,,,1.2811013460159302
114,45149,,,,1.250958800315857
114,45199,,,,1.2646033763885498
114,45249,,,,1.2079453468322754
114,45299,,,,1.2057043313980103
114,45349,,,,1.176355004310608
114,45399,,,,1.2206014394760132
114,45442,,,0.8693000078201294,
115,45449,,,,1.2278056144714355
115,45499,,,,1.2458863258361816
115,45549,,,,1.0359349250793457
115,45599,,,,1.2362340688705444
115,45649,,,,1.2015917301177979
115,45699,,,,1.2012426853179932
115,45749,,,,0.79512619972229
115,45799,,,,1.224980354309082
115,45839,,,0.8999000191688538,
116,45849,,,,1.1556479930877686
116,45899,,,,0.7366215586662292
116,45949,,,,1.188957929611206
116,45999,,,,0.8497377038002014
116,46049,,,,1.33780038356781
116,46099,,,,1.1099964380264282
116,46149,,,,1.3074589967727661
116,46199,,,,1.216409683227539
116,46241,,,0.892300009727478,
117,46249,,,,1.1677981615066528
117,46299,,,,1.0724891424179077
117,46349,,,,1.1553946733474731
117,46399,,,,1.009023666381836
117,46449,,,,1.3193612098693848
117,46499,,,,1.2670494318008423
117,46549,,,,1.3214188814163208
117,46599,,,,1.3341953754425049
117,46639,,,0.8895999789237976,
118,46649,,,,1.1910839080810547
118,46699,,,,1.3403509855270386
118,46749,,,,1.237572193145752
118,46799,,,,1.26284658908844
118,46849,,,,1.2294418811798096
118,46899,,,,1.0154050588607788
118,46949,,,,0.8605754971504211
118,46999,,,,0.9693630337715149
118,47038,,,0.8597999811172485,
119,47049,,,,1.164147973060608
119,47099,,,,1.3768651485443115
119,47149,,,,0.8595922589302063
119,47199,,,,1.0776476860046387
119,47249,,,,1.1116561889648438
119,47299,,,,0.9799221158027649
119,47349,,,,1.2074965238571167
119,47399,,,,1.1533509492874146
119,47433,,,0.8931000232696533,
120,47449,,,,0.7635769844055176
120,47499,,,,1.2680275440216064
120,47549,,,,1.2038511037826538
120,47599,,,,1.0149319171905518
120,47649,,,,1.186883568763733
120,47699,,,,1.1928038597106934
120,47749,,,,1.2710431814193726
120,47799,,,,0.9939315319061279
120,47836,,,0.8755999803543091,
121,47849,,,,1.0673404932022095
121,47899,,,,1.137738823890686
121,47949,,,,1.1355013847351074
121,47999,,,,1.434086799621582
121,48049,,,,1.195845127105713
121,48099,,,,1.2063387632369995
121,48149,,,,1.2161130905151367
121,48199,,,,1.2496886253356934
121,48228,,,0.8902000188827515,
122,48249,,,,1.2240592241287231
122,48299,,,,1.1121189594268799
122,48349,,,,1.2126400470733643
122,48399,,,,1.267832636833191
122,48449,,,,0.7846153974533081
122,48499,,,,1.1221522092819214
122,48549,,,,1.3010669946670532
122,48599,,,,1.2501219511032104
122,48619,,,0.8866999745368958,
123,48649,,,,1.037669062614441
123,48699,,,,1.2640860080718994
123,48749,,,,0.9627139568328857
123,48799,,,,1.200748085975647
123,48849,,,,1.1456470489501953
123,48899,,,,1.1598771810531616
123,48949,,,,1.261253833770752
123,48999,,,,1.1420893669128418
123,49014,,,0.8808000087738037,
124,49049,,,,1.0583841800689697
124,49099,,,,1.2058045864105225
124,49149,,,,0.8110524415969849
124,49199,,,,1.1210752725601196
124,49249,,,,1.2918283939361572
124,49299,,,,0.9598748087882996
124,49349,,,,1.3400943279266357
124,49399,,,,1.2887060642242432
124,49412,,,0.8733999729156494,
125,49449,,,,1.209681749343872
125,49499,,,,1.1679942607879639
125,49549,,,,1.2478107213974
125,49599,,,,0.961415708065033
125,49649,,,,1.1839314699172974
125,49699,,,,1.2332041263580322
125,49749,,,,1.109865665435791
125,49799,,,,1.1994349956512451
125,49814,,,0.8992000222206116,
126,49849,,,,1.2104138135910034
126,49899,,,,1.25547456741333
126,49949,,,,1.139512300491333
126,49999,,,,1.1029579639434814
126,50049,,,,1.0933074951171875
126,50099,,,,1.2958072423934937
126,50149,,,,1.0805357694625854
126,50199,,,,1.206822395324707
126,50215,,,0.8712000250816345,
127,50249,,,,1.2407796382904053
127,50299,,,,1.2324740886688232
127,50349,,,,1.365848422050476
127,50399,,,,1.2183034420013428
127,50449,,,,1.0996993780136108
127,50499,,,,0.8104408383369446
127,50549,,,,1.3916263580322266
127,50599,,,,1.1994304656982422
127,50606,,,0.8873999714851379,
128,50649,,,,1.2233378887176514
128,50699,,,,1.1258641481399536
128,50749,,,,1.184437870979309
128,50799,,,,1.3431174755096436
128,50849,,,,1.0398973226547241
128,50899,,,,0.7774366736412048
128,50949,,,,1.2011902332305908
128,50999,,,,1.1400187015533447
128,50999,,,0.8841000199317932,
129,51049,,,,1.112235426902771
129,51099,,,,1.0577152967453003
129,51149,,,,1.2306007146835327
129,51199,,,,1.290784478187561
129,51249,,,,1.278240442276001
129,51299,,,,1.102281928062439
129,51349,,,,1.322880744934082
129,51392,,,0.8755000233650208,
130,51399,,,,1.3197144269943237
130,51449,,,,1.2501046657562256
130,51499,,,,1.268592119216919
130,51549,,,,1.073455572128296
130,51599,,,,1.2772085666656494
130,51649,,,,1.1957896947860718
130,51699,,,,1.2713011503219604
130,51749,,,,1.244791030883789
130,51785,,,0.8895999789237976,
131,51799,,,,1.1453430652618408
131,51849,,,,1.1373600959777832
131,51899,,,,1.0206058025360107
131,51949,,,,1.2192507982254028
131,51999,,,,1.2486108541488647
131,52049,,,,1.3188059329986572
131,52099,,,,1.0016963481903076
131,52149,,,,1.097899079322815
131,52176,,,0.894599974155426,
132,52199,,,,1.1293976306915283
132,52249,,,,1.2150412797927856
132,52299,,,,1.2424556016921997
132,52349,,,,1.197668194770813
132,52399,,,,1.1840068101882935
132,52449,,,,1.230582594871521
132,52499,,,,1.2020379304885864
132,52549,,,,0.9744371175765991
132,52576,,,0.8930000066757202,
133,52599,,,,1.281110405921936
133,52649,,,,1.2122706174850464
133,52699,,,,1.1925017833709717
133,52749,,,,1.085416555404663
133,52799,,,,1.0092297792434692
133,52849,,,,1.2184504270553589
133,52899,,,,1.2191858291625977
133,52949,,,,1.141979694366455
133,52969,,,0.9046000242233276,
134,52999,,,,1.1329909563064575
134,53049,,,,1.1379302740097046
134,53099,,,,1.0866817235946655
134,53149,,,,1.1848233938217163
134,53199,,,,0.9411014318466187
134,53249,,,,1.1908715963363647
134,53299,,,,1.1819803714752197
134,53349,,,,1.148671269416809
134,53364,,,0.8986999988555908,
135,53399,,,,1.1120818853378296
135,53449,,,,1.2059489488601685
135,53499,,,,1.0075335502624512
135,53549,,,,1.2370764017105103
135,53599,,,,1.3844971656799316
135,53649,,,,1.2515887022018433
135,53699,,,,1.2146883010864258
135,53749,,,,1.1146795749664307
135,53757,,,0.9003000259399414,
136,53799,,,,1.1590980291366577
136,53849,,,,1.2383127212524414
136,53899,,,,0.9508973360061646
136,53949,,,,1.305344820022583
136,53999,,,,1.1530905961990356
136,54049,,,,1.32746160030365
136,54099,,,,1.1672638654708862
136,54149,,,,1.255423665046692
136,54152,,,0.8910999894142151,
137,54199,,,,0.7701364755630493
137,54249,,,,1.0417747497558594
137,54299,,,,1.0803356170654297
137,54349,,,,1.2918752431869507
137,54399,,,,1.2220854759216309
137,54449,,,,1.1688472032546997
137,54499,,,,1.2526788711547852
137,54549,,,,1.2682037353515625
137,54555,,,0.8999999761581421,
138,54599,,,,1.145281195640564
138,54649,,,,1.3379900455474854
138,54699,,,,0.9960455894470215
138,54749,,,,1.2090108394622803
138,54799,,,,1.1866965293884277
138,54849,,,,1.0342655181884766
138,54899,,,,1.2384355068206787
138,54949,,,,1.170614242553711
138,54953,,,0.8985000252723694,
139,54999,,,,1.2292883396148682
139,55049,,,,1.1742743253707886
139,55099,,,,1.0835622549057007
139,55149,,,,0.9815844893455505
139,55199,,,,1.192111849784851
139,55249,,,,0.9041053056716919
139,55299,,,,1.3223072290420532
139,55349,,,,1.1195142269134521
139,55350,,,0.8942999839782715,
140,55399,,,,1.3414288759231567
140,55449,,,,1.1705336570739746
140,55499,,,,1.1834638118743896
140,55549,,,,1.2034361362457275
140,55599,,,,1.1298911571502686
140,55649,,,,1.0886502265930176
140,55699,,,,1.0937119722366333
140,55749,,,,1.1258440017700195
140,55750,,,0.9009000062942505,
141,55799,,,,1.155592441558838
141,55849,,,,1.0642203092575073
141,55899,,,,1.1405858993530273
141,55949,,,,1.1817271709442139
141,55999,,,,1.2109390497207642
141,56049,,,,1.27059006690979
141,56099,,,,1.1872464418411255
141,56145,,,0.8942999839782715,
142,56149,,,,1.2255878448486328
142,56199,,,,1.1839187145233154
142,56249,,,,1.1421082019805908
142,56299,,,,1.1348605155944824
142,56349,,,,1.0966870784759521
142,56399,,,,0.6421705484390259
142,56449,,,,1.2432632446289062
142,56499,,,,1.2028201818466187
142,56543,,,0.8743000030517578,
143,56549,,,,1.3458244800567627
143,56599,,,,1.3822699785232544
143,56649,,,,1.2656069993972778
143,56699,,,,1.1547493934631348
143,56749,,,,0.9885534644126892
143,56799,,,,1.232890009880066
143,56849,,,,1.24976646900177
143,56899,,,,1.2092384099960327
143,56944,,,0.8894000053405762,
144,56949,,,,1.1435346603393555
144,56999,,,,1.1961008310317993
144,57049,,,,1.1206222772598267
144,57099,,,,1.254791021347046
144,57149,,,,1.0017762184143066
144,57199,,,,1.0719492435455322
144,57249,,,,1.0645521879196167
144,57299,,,,0.9651594758033752
144,57346,,,0.8845000267028809,
145,57349,,,,1.2723015546798706
145,57399,,,,1.2001506090164185
145,57449,,,,1.051798939704895
145,57499,,,,1.11107337474823
145,57549,,,,1.1625837087631226
145,57599,,,,1.1190383434295654
145,57649,,,,1.1623353958129883
145,57699,,,,1.206899881362915
145,57749,,,,1.2682303190231323
145,57751,,,0.8920000195503235,
146,57799,,,,1.2534500360488892
146,57849,,,,1.1436810493469238
146,57899,,,,1.0637036561965942
146,57949,,,,1.1339704990386963
146,57999,,,,1.262845516204834
146,58049,,,,1.0113844871520996
146,58099,,,,1.0908597707748413
146,58149,,,,1.1645114421844482
146,58150,,,0.8960999846458435,
147,58199,,,,0.9651323556900024
147,58249,,,,1.1725184917449951
147,58299,,,,1.142694115638733
147,58349,,,,1.2257295846939087
147,58399,,,,1.2999459505081177
147,58449,,,,1.0270415544509888
147,58499,,,,1.201655387878418
147,58546,,,0.9021999835968018,
148,58549,,,,1.2438372373580933
148,58599,,,,1.1011481285095215
148,58649,,,,1.2009235620498657
148,58699,,,,0.8201440572738647
148,58749,,,,1.2260643243789673
148,58799,,,,1.1565009355545044
148,58849,,,,1.0974889993667603
148,58899,,,,1.2143292427062988
148,58937,,,0.8952999711036682,
149,58949,,,,1.0726398229599
149,58999,,,,1.139528512954712
149,59049,,,,0.9835799336433411
149,59099,,,,1.218436598777771
149,59149,,,,1.0517282485961914
149,59199,,,,1.284825325012207
149,59249,,,,1.1010512113571167
149,59299,,,,1.1748108863830566
149,59329,,,0.9035000205039978,
150,59349,,,,1.1802496910095215
150,59399,,,,1.2472991943359375
150,59449,,,,1.157329797744751
150,59499,,,,1.126644492149353
150,59549,,,,0.9858808517456055
150,59599,,,,1.1995123624801636
150,59649,,,,1.0594085454940796
150,59699,,,,1.1250187158584595
150,59732,,,0.8970999717712402,
151,59749,,,,1.1382761001586914
151,59799,,,,1.1909193992614746
151,59849,,,,1.0991448163986206
151,59899,,,,1.054684042930603
151,59949,,,,1.18666672706604
151,59999,,,,1.2000656127929688
151,60049,,,,1.1652852296829224
151,60099,,,,1.266012191772461
151,60126,,,0.8949999809265137,
152,60149,,,,1.1804485321044922
152,60199,,,,1.1127679347991943
152,60249,,,,1.0419243574142456
152,60299,,,,1.1289225816726685
152,60349,,,,1.1596271991729736
152,60399,,,,1.2034952640533447
152,60449,,,,1.1694071292877197
152,60499,,,,1.0258920192718506
152,60523,,,0.9039000272750854,
153,60549,,,,1.076409101486206
153,60599,,,,1.0573440790176392
153,60649,,,,1.080357551574707
153,60699,,,,1.2052944898605347
153,60749,,,,1.2062203884124756
153,60799,,,,1.2221174240112305
153,60849,,,,1.135287880897522
153,60899,,,,1.2093764543533325
153,60916,,,0.9067000150680542,
154,60949,,,,1.0245583057403564
154,60999,,,,1.150223970413208
154,61049,,,,1.1716909408569336
154,61099,,,,1.1999776363372803
154,61149,,,,0.8268767595291138
154,61199,,,,1.064804196357727
154,61249,,,,1.119891881942749
154,61299,,,,1.1560250520706177
154,61319,,,0.8989999890327454,
155,61349,,,,1.1778422594070435
155,61399,,,,1.0524038076400757
155,61449,,,,1.2277247905731201
155,61499,,,,1.0271246433258057
155,61549,,,,0.9656293392181396
155,61599,,,,1.2463284730911255
155,61649,,,,1.1259639263153076
155,61699,,,,1.1617271900177002
155,61714,,,0.8938999772071838,
156,61749,,,,1.181336522102356
156,61799,,,,1.113132357597351
156,61849,,,,1.056818962097168
156,61899,,,,1.1741065979003906
156,61949,,,,1.1076089143753052
156,61999,,,,1.1318438053131104
156,62049,,,,0.9680273532867432
156,62099,,,,1.2467330694198608
156,62112,,,0.8855999708175659,
157,62149,,,,1.19789457321167
157,62199,,,,1.1051021814346313
157,62249,,,,1.2017470598220825
157,62299,,,,1.1966533660888672
157,62349,,,,0.8923625349998474
157,62399,,,,1.1116974353790283
157,62449,,,,1.2323263883590698
157,62499,,,,1.0256766080856323
157,62514,,,0.8944000005722046,
158,62549,,,,1.1851952075958252
158,62599,,,,1.3112854957580566
158,62649,,,,1.1397762298583984
158,62699,,,,1.1144928932189941
158,62749,,,,0.9536240100860596
158,62799,,,,1.118442416191101
158,62849,,,,1.136483073234558
158,62899,,,,1.2373603582382202
158,62908,,,0.8899999856948853,
159,62949,,,,0.9161179661750793
159,62999,,,,1.028298258781433
159,63049,,,,1.2024933099746704
159,63099,,,,1.1923178434371948
159,63149,,,,1.122582197189331
159,63199,,,,1.056047797203064
159,63249,,,,0.9659360647201538
159,63299,,,,1.1105741262435913
159,63306,,,0.9081000089645386,
160,63349,,,,1.3292962312698364
160,63399,,,,1.2204114198684692
160,63449,,,,1.2104008197784424
160,63499,,,,1.200748085975647
160,63549,,,,1.1436004638671875
160,63599,,,,1.1905531883239746
160,63649,,,,0.9185729622840881
160,63699,,,,1.1808050870895386
160,63709,,,0.8907999992370605,
161,63749,,,,1.067154884338379
161,63799,,,,1.006807804107666
161,63849,,,,0.8411858677864075
161,63899,,,,1.1346708536148071
161,63949,,,,1.1328485012054443
161,63999,,,,0.9183642268180847
161,64049,,,,1.2046921253204346
161,64099,,,,1.1429871320724487
161,64107,,,0.8978000283241272,
162,64149,,,,1.1822853088378906
162,64199,,,,1.259675145149231
162,64249,,,,1.1121289730072021
162,64299,,,,1.2844306230545044
162,64349,,,,1.1076347827911377
162,64399,,,,1.1133642196655273
162,64449,,,,0.8716993927955627
162,64498,,,0.8924000263214111,
163,64499,,,,1.2590012550354004
163,64549,,,,1.0899229049682617
163,64599,,,,1.1557602882385254
163,64649,,,,1.0325112342834473
163,64699,,,,1.2178030014038086
163,64749,,,,1.054404616355896
163,64799,,,,1.1334253549575806
163,64849,,,,1.2072006464004517
163,64894,,,0.8895999789237976,
164,64899,,,,1.1560564041137695
164,64949,,,,1.2065479755401611
164,64999,,,,1.273869514465332
164,65049,,,,1.0437722206115723
164,65099,,,,1.0646809339523315
164,65149,,,,1.1368613243103027
164,65199,,,,1.0392632484436035
164,65249,,,,1.215192437171936
164,65288,,,0.8901000022888184,
165,65299,,,,1.154400110244751
165,65349,,,,1.163580060005188
165,65399,,,,1.098476529121399
165,65449,,,,1.1859643459320068
165,65499,,,,1.1092474460601807
165,65549,,,,1.0330004692077637
165,65599,,,,0.89039146900177
165,65649,,,,0.8890819549560547
165,65687,,,0.8945000171661377,
166,65699,,,,1.118821382522583
166,65749,,,,0.8393193483352661
166,65799,,,,1.119581699371338
166,65849,,,,1.1281183958053589
166,65899,,,,1.0239458084106445
166,65949,,,,1.2271065711975098
166,65999,,,,1.085470199584961
166,66049,,,,0.7699271440505981
166,66079,,,0.8902000188827515,
167,66099,,,,1.1891545057296753
167,66149,,,,1.0156563520431519
167,66199,,,,0.8731055855751038
167,66249,,,,1.1685574054718018
167,66299,,,,1.0697904825210571
167,66349,,,,1.069150447845459
167,66399,,,,1.0758954286575317
167,66449,,,,1.192379117012024
167,66478,,,0.8985000252723694,
168,66499,,,,1.0706530809402466
168,66549,,,,1.1740738153457642
168,66599,,,,1.1490659713745117
168,66649,,,,1.0863009691238403
168,66699,,,,1.1723761558532715
168,66749,,,,0.972054123878479
168,66799,,,,1.1973334550857544
168,66849,,,,1.1933815479278564
168,66883,,,0.8955000042915344,
169,66899,,,,1.0879944562911987
169,66949,,,,1.1642720699310303
169,66999,,,,1.0183005332946777
169,67049,,,,1.3068945407867432
169,67099,,,,0.7925625443458557
169,67149,,,,1.1668779850006104
169,67199,,,,1.1127686500549316
169,67249,,,,1.2495750188827515
169,67274,,,0.9013000130653381,
170,67299,,,,1.1777876615524292
170,67349,,,,1.0833271741867065
170,67399,,,,1.1920150518417358
170,67449,,,,0.9822226166725159
170,67499,,,,1.1398524045944214
170,67549,,,,1.0508064031600952
170,67599,,,,1.1971330642700195
170,67649,,,,1.0410405397415161
170,67676,,,0.9025999903678894,
171,67699,,,,1.0498676300048828
171,67749,,,,1.1925876140594482
171,67799,,,,1.2186371088027954
171,67849,,,,1.1583514213562012
171,67899,,,,1.1578401327133179
171,67949,,,,1.1132407188415527
171,67999,,,,0.7570993304252625
171,68049,,,,1.2271684408187866
171,68076,,,0.8945000171661377,
172,68099,,,,0.8800132274627686
172,68149,,,,1.1304676532745361
172,68199,,,,1.1058012247085571
172,68249,,,,1.1141469478607178
172,68299,,,,1.1452840566635132
172,68349,,,,0.964287519454956
172,68399,,,,1.059748649597168
172,68449,,,,1.0450948476791382
172,68472,,,0.8986999988555908,
173,68499,,,,1.185013771057129
173,68549,,,,1.1352362632751465
173,68599,,,,1.217498540878296
173,68649,,,,1.1851766109466553
173,68699,,,,1.0636957883834839
173,68749,,,,1.1973806619644165
173,68799,,,,0.9018458127975464
173,68849,,,,1.134704351425171
173,68874,,,0.8971999883651733,
174,68899,,,,1.0571433305740356
174,68949,,,,1.1260789632797241
174,68999,,,,1.1485978364944458
174,69049,,,,1.0556024312973022
174,69099,,,,1.078584909439087
174,69149,,,,1.1201953887939453
174,69199,,,,1.1794949769973755
174,69249,,,,1.0884990692138672
174,69277,,,0.8934000134468079,
175,69299,,,,1.1240813732147217
175,69349,,,,1.1523100137710571
175,69399,,,,0.9544306397438049
175,69449,,,,1.039870262145996
175,69499,,,,1.0827507972717285
175,69549,,,,1.193419337272644
175,69599,,,,0.9473409652709961
175,69649,,,,1.1018798351287842
175,69668,,,0.8970999717712402,
176,69699,,,,1.0701156854629517
176,69749,,,,1.1648650169372559
176,69799,,,,1.0700666904449463
176,69849,,,,0.9953098297119141
176,69899,,,,1.1927021741867065
176,69949,,,,0.8348839282989502
176,69999,,,,1.2229909896850586
176,70049,,,,1.147900104522705
176,70059,,,0.9027000069618225,
177,70099,,,,0.8557977080345154
177,70149,,,,1.1267729997634888
177,70199,,,,1.253270149230957
177,70249,,,,0.9507845640182495
177,70299,,,,1.21852707862854
177,70349,,,,1.208114743232727
177,70399,,,,0.9587294459342957
177,70449,,,,1.1347681283950806
177,70458,,,0.8901000022888184,
178,70499,,,,1.0432888269424438
178,70549,,,,1.0955811738967896
178,70599,,,,1.2615609169006348
178,70649,,,,1.03986656665802
178,70699,,,,1.147076964378357
178,70749,,,,1.1069726943969727
178,70799,,,,1.0101745128631592
178,70849,,,,1.0269861221313477
178,70851,,,0.8913999795913696,
179,70899,,,,1.1737163066864014
179,70949,,,,1.224608302116394
179,70999,,,,1.0533031225204468
179,71049,,,,1.223930835723877
179,71099,,,,0.9904376864433289
179,71149,,,,1.0614839792251587
179,71199,,,,1.0674171447753906
179,71249,,,,1.030545949935913
179,71256,,,0.8978999853134155,
180,71299,,,,1.134369134902954
180,71349,,,,0.9785404205322266
180,71399,,,,1.1855636835098267
180,71449,,,,0.9310228824615479
180,71499,,,,1.174450159072876
180,71549,,,,1.2372236251831055
180,71599,,,,1.093876838684082
180,71649,,,,1.1753199100494385
180,71655,,,0.8934000134468079,
181,71699,,,,1.1609187126159668
181,71749,,,,1.0307646989822388
181,71799,,,,1.2444868087768555
181,71849,,,,1.1914076805114746
181,71899,,,,0.8840293884277344
181,71949,,,,1.1380678415298462
181,71999,,,,1.1490671634674072
181,72049,,,,1.0891311168670654
181,72057,,,0.8910999894142151,
182,72099,,,,1.2080084085464478
182,72149,,,,1.099021315574646
182,72199,,,,0.7684348225593567
182,72249,,,,1.0629092454910278
182,72299,,,,1.0893062353134155
182,72349,,,,1.0646405220031738
182,72399,,,,0.7544482350349426
182,72449,,,,1.030078411102295
182,72449,,,0.8982999920845032,
183,72499,,,,1.0480587482452393
183,72549,,,,1.2051048278808594
183,72599,,,,1.1481691598892212
183,72649,,,,1.2018924951553345
183,72699,,,,1.2426460981369019
183,72749,,,,1.204156756401062
183,72799,,,,1.1503634452819824
183,72849,,,,1.1308940649032593
183,72850,,,0.8924000263214111,
184,72899,,,,1.1938316822052002
184,72949,,,,1.1505271196365356
184,72999,,,,1.2791038751602173
184,73049,,,,1.0004456043243408
184,73099,,,,1.2004125118255615
184,73149,,,,1.0433028936386108
184,73199,,,,1.240140438079834
184,73249,,,,1.1985502243041992
184,73253,,,0.8920999765396118,
185,73299,,,,0.9298555254936218
185,73349,,,,1.0726796388626099
185,73399,,,,0.9205384254455566
185,73449,,,,1.1048216819763184
185,73499,,,,1.0894153118133545
185,73549,,,,0.6774048805236816
185,73599,,,,1.1148039102554321
185,73644,,,0.9003999829292297,
186,73649,,,,1.1507654190063477
186,73699,,,,1.1847425699234009
186,73749,,,,1.171461820602417
186,73799,,,,1.059862494468689
186,73849,,,,1.2050937414169312
186,73899,,,,1.1797477006912231
186,73949,,,,1.1704515218734741
186,73999,,,,1.128277063369751
186,74046,,,0.89410001039505,
187,74049,,,,0.6898516416549683
187,74099,,,,0.9382081031799316
187,74149,,,,1.1109867095947266
187,74199,,,,0.8256614804267883
187,74249,,,,1.1649478673934937
187,74299,,,,1.1663588285446167
187,74349,,,,1.0787121057510376
187,74399,,,,1.1093811988830566
187,74436,,,0.9024999737739563,
188,74449,,,,1.1261368989944458
188,74499,,,,1.0906766653060913
188,74549,,,,1.2155146598815918
188,74599,,,,1.2477757930755615
188,74649,,,,1.0988432168960571
188,74699,,,,1.2488759756088257
188,74749,,,,1.1757352352142334
188,74799,,,,1.1406304836273193
188,74837,,,0.9035000205039978,
189,74849,,,,1.023332118988037
189,74899,,,,1.1252338886260986
189,74949,,,,1.1371617317199707
189,74999,,,,0.7372745275497437
189,75049,,,,1.0722764730453491
189,75099,,,,1.0445023775100708
189,75149,,,,1.1821391582489014
189,75199,,,,1.2001582384109497
189,75237,,,0.890500009059906,
190,75249,,,,1.113976001739502
190,75299,,,,0.9883923530578613
190,75349,,,,1.0348899364471436
190,75399,,,,0.6502684354782104
190,75449,,,,1.0269742012023926
190,75499,,,,1.1873859167099
190,75549,,,,1.0905522108078003
190,75599,,,,1.1142144203186035
190,75634,,,0.9075000286102295,
191,75649,,,,0.8512409925460815
191,75699,,,,1.1322413682937622
191,75749,,,,1.0066661834716797
191,75799,,,,1.0414429903030396
191,75849,,,,1.1614083051681519
191,75899,,,,1.1636768579483032
191,75949,,,,1.1459065675735474
191,75999,,,,1.1706852912902832
191,76031,,,0.9107000231742859,
192,76049,,,,1.1165695190429688
192,76099,,,,1.1113567352294922
192,76149,,,,1.015504002571106
192,76199,,,,1.020154356956482
192,76249,,,,1.009629249572754
192,76299,,,,1.1617541313171387
192,76349,,,,1.2525395154953003
192,76399,,,,0.9618000388145447
192,76424,,,0.9115999937057495,
193,76449,,,,1.0194181203842163
193,76499,,,,1.0764236450195312
193,76549,,,,1.0844295024871826
193,76599,,,,0.8188163042068481
193,76649,,,,1.2064300775527954
193,76699,,,,0.6843073964118958
193,76749,,,,1.1036019325256348
193,76799,,,,0.9619012475013733
193,76815,,,0.9056000113487244,
194,76849,,,,1.1411559581756592
194,76899,,,,1.1842164993286133
194,76949,,,,1.1060755252838135
194,76999,,,,1.0785938501358032
194,77049,,,,1.1225711107254028
194,77099,,,,1.065889596939087
194,77149,,,,0.9096766710281372
194,77199,,,,1.2813392877578735
194,77212,,,0.8949999809265137,
195,77249,,,,1.0779554843902588
195,77299,,,,1.1401749849319458
195,77349,,,,1.093550205230713
195,77399,,,,1.0186141729354858
195,77449,,,,1.1515811681747437
195,77499,,,,1.0466134548187256
195,77549,,,,1.1194097995758057
195,77599,,,,1.1136975288391113
195,77612,,,0.8853999972343445,
196,77649,,,,1.140768051147461
196,77699,,,,1.0756239891052246
196,77749,,,,0.6432783007621765
196,77799,,,,1.1242265701293945
196,77849,,,,1.1503249406814575
196,77899,,,,1.0898939371109009
196,77949,,,,1.1704978942871094
196,77999,,,,1.1176846027374268
196,78015,,,0.9107999801635742,
197,78049,,,,1.0982704162597656
197,78099,,,,1.249096155166626
197,78149,,,,1.190342903137207
197,78199,,,,0.9895912408828735
197,78249,,,,0.7987090945243835
197,78299,,,,0.9782681465148926
197,78349,,,,1.149836778640747
197,78399,,,,0.9919273257255554
197,78421,,,0.8855999708175659,
198,78449,,,,0.947976291179657
198,78499,,,,1.1124345064163208
198,78549,,,,0.770763099193573
198,78599,,,,1.2380932569503784
198,78649,,,,1.1531764268875122
198,78699,,,,0.6372752785682678
198,78749,,,,1.0324095487594604
198,78799,,,,1.1194382905960083
198,78823,,,0.9120000004768372,
199,78849,,,,1.127183437347412
199,78899,,,,1.1783844232559204
199,78949,,,,1.2110813856124878
199,78999,,,,1.1485944986343384
199,79049,,,,1.1378424167633057
199,79099,,,,0.9930239915847778
199,79149,,,,1.184120535850525
199,79199,,,,1.0983937978744507
199,79226,,,0.9075000286102295,
200,79249,,,,1.218605875968933
200,79299,,,,1.0787715911865234
200,79349,,,,1.1672823429107666
200,79399,,,,0.8734680414199829
200,79449,,,,0.9962793588638306
200,79499,,,,1.121235728263855
200,79549,,,,0.8837709426879883
200,79599,,,,1.0403046607971191
200,79631,,,0.9071000218391418,
201,79649,,,,1.1775667667388916
201,79699,,,,1.0779569149017334
201,79749,,,,1.1441857814788818
201,79799,,,,1.1259700059890747
201,79849,,,,1.1590551137924194
201,79899,,,,1.111577033996582
201,79949,,,,1.0918245315551758
201,79999,,,,0.8684356808662415
201,80024,,,0.9057999849319458,
202,80049,,,,1.0887179374694824
202,80099,,,,1.0882530212402344
202,80149,,,,1.2051265239715576
202,80199,,,,1.141431450843811
202,80249,,,,0.8560764789581299
202,80299,,,,0.7536929249763489
202,80349,,,,1.1748534440994263
202,80399,,,,1.1166961193084717
202,80415,,,0.9041000008583069,
203,80449,,,,1.001875400543213
203,80499,,,,1.0383691787719727
203,80549,,,,1.0401692390441895
203,80599,,,,1.119590401649475
203,80649,,,,0.6480115056037903
203,80699,,,,0.9579535722732544
203,80749,,,,1.1215038299560547
203,80799,,,,1.030649185180664
203,80806,,,0.9103999733924866,
204,80849,,,,1.036307692527771
204,80899,,,,1.1811563968658447
204,80949,,,,1.0120315551757812
204,80999,,,,0.9040745496749878
204,81049,,,,1.0592700242996216
204,81099,,,,0.9939724802970886
204,81149,,,,1.1115520000457764
204,81199,,,,1.1103042364120483
204,81210,,,0.9204000234603882,
205,81249,,,,0.9220733046531677
205,81299,,,,1.0522152185440063
205,81349,,,,1.1451385021209717
205,81399,,,,0.6760687828063965
205,81449,,,,1.1847182512283325
205,81499,,,,1.1065407991409302
205,81549,,,,0.9859784841537476
205,81599,,,,1.1337075233459473
205,81611,,,0.907800018787384,
206,81649,,,,0.6309066414833069
206,81699,,,,0.8040128946304321
206,81749,,,,0.6981794238090515
206,81799,,,,1.0410619974136353
206,81849,,,,1.0718111991882324
206,81899,,,,0.8318207859992981
206,81949,,,,1.0305410623550415
206,81999,,,,1.0447925329208374
206,82016,,,0.9120000004768372,
207,82049,,,,1.1625677347183228
207,82099,,,,1.0255122184753418
207,82149,,,,1.0204886198043823
207,82199,,,,1.037847638130188
207,82249,,,,1.080143690109253
207,82299,,,,1.0637731552124023
207,82349,,,,1.0937033891677856
207,82399,,,,1.08705472946167
207,82419,,,0.9100000262260437,
208,82449,,,,1.088112711906433
208,82499,,,,1.093762755393982
208,82549,,,,0.9400798082351685
208,82599,,,,0.9847792387008667
208,82649,,,,1.0775619745254517
208,82699,,,,1.060599684715271
208,82749,,,,1.1549890041351318
208,82799,,,,0.9481173753738403
208,82824,,,0.9120000004768372,
209,82849,,,,1.1315819025039673
209,82899,,,,0.9885634183883667
209,82949,,,,1.2519822120666504
209,82999,,,,0.7989273071289062
209,83049,,,,1.0413551330566406
209,83099,,,,1.1333452463150024
209,83149,,,,1.049055814743042
209,83199,,,,1.058159589767456
209,83227,,,0.9050999879837036,
210,83249,,,,0.9854143261909485
210,83299,,,,0.9687901139259338
210,83349,,,,1.1649984121322632
210,83399,,,,0.9840192198753357
210,83449,,,,1.0869742631912231
210,83499,,,,1.1132670640945435
210,83549,,,,0.9351027011871338
210,83599,,,,1.0728576183319092
210,83618,,,0.9154000282287598,
211,83649,,,,1.1198123693466187
211,83699,,,,1.1322659254074097
211,83749,,,,1.1098690032958984
211,83799,,,,1.0546915531158447
211,83849,,,,1.1059656143188477
211,83899,,,,1.0808618068695068
211,83949,,,,0.9991317391395569
211,83999,,,,0.9234650135040283
211,84019,,,0.901199996471405,
212,84049,,,,0.812063992023468
212,84099,,,,1.098144769668579
212,84149,,,,1.0829042196273804
212,84199,,,,1.0334937572479248
212,84249,,,,1.0734131336212158
212,84299,,,,1.1030484437942505
212,84349,,,,1.1441376209259033
212,84399,,,,1.2257883548736572
212,84423,,,0.8985999822616577,
213,84449,,,,1.074031949043274
213,84499,,,,1.0582396984100342
213,84549,,,,1.0907539129257202
213,84599,,,,1.026689052581787
213,84649,,,,1.0822973251342773
213,84699,,,,1.0043163299560547
213,84749,,,,1.131159782409668
213,84799,,,,0.9966179728507996
213,84816,,,0.9110999703407288,
214,84849,,,,1.0535680055618286
214,84899,,,,0.9779996275901794
214,84949,,,,1.0697022676467896
214,84999,,,,1.1792726516723633
214,85049,,,,1.1370348930358887
214,85099,,,,1.1823537349700928
214,85149,,,,1.099511742591858
214,85199,,,,1.121520757675171
214,85218,,,0.9135000109672546,
215,85249,,,,0.7479672431945801
215,85299,,,,0.8946884870529175
215,85349,,,,1.2123886346817017
215,85399,,,,1.1233508586883545
215,85449,,,,1.0496852397918701
215,85499,,,,1.02852463722229
215,85549,,,,1.0714031457901
215,85599,,,,1.1221706867218018
215,85618,,,0.9049999713897705,
216,85649,,,,1.0819011926651
216,85699,,,,1.1173923015594482
216,85749,,,,0.7554191946983337
216,85799,,,,1.1459554433822632
216,85849,,,,0.7469027042388916
216,85899,,,,1.0439523458480835
216,85949,,,,1.1653468608856201
216,85999,,,,1.0192161798477173
216,86023,,,0.9061999917030334,
217,86049,,,,1.1958731412887573
217,86099,,,,0.8553711175918579
217,86149,,,,1.0494593381881714
217,86199,,,,1.0643677711486816
217,86249,,,,1.095491886138916
217,86299,,,,1.0727111101150513
217,86349,,,,1.0426177978515625
217,86399,,,,1.0338561534881592
217,86426,,,0.9018999934196472,
218,86449,,,,1.0633201599121094
218,86499,,,,1.230008602142334
218,86549,,,,1.09470796585083
218,86599,,,,1.072075366973877
218,86649,,,,1.0873849391937256
218,86699,,,,1.1054710149765015
218,86749,,,,0.9648966789245605
218,86799,,,,1.0945072174072266
218,86832,,,0.9107999801635742,
219,86849,,,,1.043686866760254
219,86899,,,,0.8075500130653381
219,86949,,,,0.8317813277244568
219,86999,,,,1.022132396697998
219,87049,,,,1.1089054346084595
219,87099,,,,1.0819461345672607
219,87149,,,,1.0384798049926758
219,87199,,,,1.0457327365875244
219,87232,,,0.9063000082969666,
220,87249,,,,1.0953149795532227
220,87299,,,,1.106691598892212
220,87349,,,,1.0552560091018677
220,87399,,,,0.9811849594116211
220,87449,,,,1.0438226461410522
220,87499,,,,1.0983556509017944
220,87549,,,,1.1069104671478271
220,87599,,,,1.113698959350586
220,87633,,,0.9132999777793884,
221,87649,,,,0.9118942618370056
221,87699,,,,1.0456281900405884
221,87749,,,,0.9466584324836731
221,87799,,,,1.0120446681976318
221,87849,,,,1.1920740604400635
221,87899,,,,1.1372085809707642
221,87949,,,,1.0465582609176636
221,87999,,,,1.0755889415740967
221,88031,,,0.9059000015258789,
222,88049,,,,0.9945046305656433
222,88099,,,,1.1969975233078003
222,88149,,,,0.9873983860015869
222,88199,,,,0.9371007680892944
222,88249,,,,0.9596837759017944
222,88299,,,,0.9938645958900452
222,88349,,,,0.9411185383796692
222,88399,,,,1.068921685218811
222,88434,,,0.9196000099182129,
223,88449,,,,1.0374544858932495
223,88499,,,,1.0198333263397217
223,88549,,,,0.9733394980430603
223,88599,,,,1.0754560232162476
223,88649,,,,1.1668068170547485
223,88699,,,,1.0016518831253052
223,88749,,,,1.079202651977539
223,88799,,,,1.0468794107437134
223,88832,,,0.9106000065803528,
224,88849,,,,1.0362752676010132
224,88899,,,,1.1087327003479004
224,88949,,,,1.1399552822113037
224,88999,,,,0.9617997407913208
224,89049,,,,1.0083321332931519
224,89099,,,,1.1004161834716797
224,89149,,,,1.0425400733947754
224,89199,,,,0.9542093873023987
224,89232,,,0.8981000185012817,
225,89249,,,,1.1156589984893799
225,89299,,,,1.1064664125442505
225,89349,,,,1.0925674438476562
225,89399,,,,1.0260016918182373
225,89449,,,,0.6146858334541321
225,89499,,,,1.0417784452438354
225,89549,,,,1.1188827753067017
225,89599,,,,1.1458935737609863
225,89637,,,0.9025999903678894,
226,89649,,,,1.1553735733032227
226,89699,,,,0.9937158226966858
226,89749,,,,1.1500756740570068
226,89799,,,,0.9906270503997803
226,89849,,,,1.175825834274292
226,89899,,,,1.0597951412200928
226,89949,,,,1.0461004972457886
226,89999,,,,0.9523342251777649
226,90039,,,0.9061999917030334,
227,90049,,,,1.0396136045455933
227,90099,,,,1.048365831375122
227,90149,,,,0.9166786074638367
227,90199,,,,1.0382176637649536
227,90249,,,,1.0629552602767944
227,90299,,,,1.1256821155548096
227,90349,,,,0.969619870185852
227,90399,,,,0.9839885234832764
227,90440,,,0.9083999991416931,
228,90449,,,,1.0002648830413818
228,90499,,,,0.9152209162712097
228,90549,,,,1.127339482307434
228,90599,,,,0.9576274156570435
228,90649,,,,1.1309255361557007
228,90699,,,,1.1309353113174438
228,90749,,,,1.055269718170166
228,90799,,,,1.0787450075149536
228,90840,,,0.916100025177002,
229,90849,,,,1.0647289752960205
229,90899,,,,1.0854507684707642
229,90949,,,,0.9774608612060547
229,90999,,,,1.0578198432922363
229,91049,,,,0.7871949076652527
229,91099,,,,1.0702511072158813
229,91149,,,,0.7987160682678223
229,91199,,,,0.858311116695404
229,91236,,,0.9139999747276306,
230,91249,,,,1.1218323707580566
230,91299,,,,0.5358352065086365
230,91349,,,,1.0885329246520996
230,91399,,,,1.0776902437210083
230,91449,,,,1.0797264575958252
230,91499,,,,0.9415178298950195
230,91549,,,,1.0543416738510132
230,91599,,,,1.0986168384552002
230,91632,,,0.9172999858856201,
231,91649,,,,1.1087121963500977
231,91699,,,,1.0880244970321655
231,91749,,,,1.10281240940094
231,91799,,,,1.0712904930114746
231,91849,,,,1.0562360286712646
231,91899,,,,1.0374915599822998
231,91949,,,,0.48788073658943176
231,91999,,,,1.1031713485717773
231,92028,,,0.9065999984741211,
232,92049,,,,0.7691910266876221
232,92099,,,,1.0632060766220093
232,92149,,,,1.0443512201309204
232,92199,,,,0.9101484417915344
232,92249,,,,1.0794769525527954
232,92299,,,,1.0424264669418335
232,92349,,,,1.0980467796325684
232,92399,,,,1.0574933290481567
232,92427,,,0.9128000140190125,
233,92449,,,,1.0824310779571533
233,92499,,,,0.9539306163787842
233,92549,,,,1.1129783391952515
233,92599,,,,1.1740291118621826
233,92649,,,,1.072163701057434
233,92699,,,,1.0220518112182617
233,92749,,,,1.0654141902923584
233,92799,,,,1.0197398662567139
233,92823,,,0.9136999845504761,
234,92849,,,,0.9744257926940918
234,92899,,,,1.1665000915527344
234,92949,,,,1.1336524486541748
234,92999,,,,1.1908538341522217
234,93049,,,,1.0852892398834229
234,93099,,,,0.9636347889900208
234,93149,,,,1.0930360555648804
234,93199,,,,1.0748766660690308
234,93217,,,0.9189000129699707,
235,93249,,,,1.154651403427124
235,93299,,,,1.1661039590835571
235,93349,,,,1.0676978826522827
235,93399,,,,1.0115506649017334
235,93449,,,,1.0339893102645874
235,93499,,,,1.0655288696289062
235,93549,,,,0.7679013013839722
235,93599,,,,1.1920814514160156
235,93611,,,0.9064000248908997,
236,93649,,,,1.0492113828659058
236,93699,,,,1.011694073677063
236,93749,,,,1.1106595993041992
236,93799,,,,1.0911993980407715
236,93849,,,,1.0570778846740723
236,93899,,,,1.0101062059402466
236,93949,,,,1.0958951711654663
236,93999,,,,1.0578763484954834
236,94009,,,0.9142000079154968,
237,94049,,,,1.0918705463409424
237,94099,,,,0.9369143843650818
237,94149,,,,1.0297303199768066
237,94199,,,,1.0501347780227661
237,94249,,,,1.0158175230026245
237,94299,,,,1.0267866849899292
237,94349,,,,1.0098586082458496
237,94399,,,,0.9991840124130249
237,94405,,,0.9168999791145325,
238,94449,,,,1.1273504495620728
238,94499,,,,0.9789754152297974
238,94549,,,,0.9635849595069885
238,94599,,,,1.1704450845718384
238,94649,,,,0.9024600982666016
238,94699,,,,0.9949622750282288
238,94749,,,,1.118062973022461
238,94798,,,0.910099983215332,
239,94799,,,,1.0520124435424805
239,94849,,,,1.0637328624725342
239,94899,,,,1.0176454782485962
239,94949,,,,1.0193835496902466
239,94999,,,,0.9045500159263611
239,95049,,,,0.8811430931091309
239,95099,,,,0.9116244316101074
239,95149,,,,1.0403516292572021
239,95197,,,0.9187999963760376,
240,95199,,,,1.0361301898956299
240,95249,,,,1.0535352230072021
240,95299,,,,0.7297437787055969
240,95349,,,,1.0349818468093872
240,95399,,,,1.0184946060180664
240,95449,,,,0.9959237575531006
240,95499,,,,1.0410313606262207
240,95549,,,,0.939746081829071
240,95591,,,0.9093000292778015,
241,95599,,,,1.0853259563446045
241,95649,,,,1.0189987421035767
241,95699,,,,0.8411498069763184
241,95749,,,,1.0491422414779663
241,95799,,,,1.0159387588500977
241,95849,,,,0.9974070191383362
241,95899,,,,1.126732349395752
241,95949,,,,1.0008243322372437
241,95985,,,0.9147999882698059,
242,95999,,,,1.0589357614517212
242,96049,,,,1.0357377529144287
242,96099,,,,0.9897474646568298
242,96149,,,,1.0267070531845093
242,96199,,,,1.0273115634918213
242,96249,,,,1.0110077857971191
242,96299,,,,0.971703827381134
242,96349,,,,1.035982608795166
242,96379,,,0.9035000205039978,
243,96399,,,,1.0531723499298096
243,96449,,,,1.1537142992019653
243,96499,,,,1.0801550149917603
243,96549,,,,1.0213100910186768
243,96599,,,,0.9909966588020325
243,96649,,,,0.9898630976676941
243,96699,,,,1.0476709604263306
243,96749,,,,1.1428648233413696
243,96778,,,0.9135000109672546,
244,96799,,,,1.092724084854126
244,96849,,,,0.9393251538276672
244,96899,,,,0.895584225654602
244,96949,,,,1.0977181196212769
244,96999,,,,1.0346462726593018
244,97049,,,,1.0177139043807983
244,97099,,,,1.038402795791626
244,97149,,,,1.0822958946228027
244,97175,,,0.9110000133514404,
245,97199,,,,1.1254702806472778
245,97249,,,,0.9964001178741455
245,97299,,,,1.0145893096923828
245,97349,,,,1.0317344665527344
245,97399,,,,0.9583536386489868
245,97449,,,,1.0086125135421753
245,97499,,,,0.874238133430481
245,97549,,,,1.074607253074646
245,97572,,,0.9138000011444092,
246,97599,,,,0.815585196018219
246,97649,,,,0.9032329320907593
246,97699,,,,0.6618978381156921
246,97749,,,,1.0454671382904053
246,97799,,,,1.1587259769439697
246,97849,,,,0.8478575348854065
246,97899,,,,0.9450621604919434
246,97949,,,,1.1003302335739136
246,97967,,,0.9110000133514404,
247,97999,,,,1.027463436126709
247,98049,,,,1.1069453954696655
247,98099,,,,1.0097168684005737
247,98149,,,,1.0082238912582397
247,98199,,,,1.0935171842575073
247,98249,,,,0.9066786766052246
247,98299,,,,0.9580326080322266
247,98349,,,,1.0331249237060547
247,98362,,,0.9096999764442444,
248,98399,,,,0.9420132637023926
248,98449,,,,1.0163308382034302
248,98499,,,,1.1087112426757812
248,98549,,,,1.0148868560791016
248,98599,,,,0.8075477480888367
248,98649,,,,0.9670704007148743
248,98699,,,,1.038271427154541
248,98749,,,,0.9745699763298035
248,98759,,,0.913100004196167,
249,98799,,,,1.0144774913787842
249,98849,,,,1.0642892122268677
249,98899,,,,0.6564139723777771
249,98949,,,,1.0141757726669312
249,98999,,,,1.0395323038101196
249,99049,,,,0.9088855385780334
249,99099,,,,1.1210449934005737
249,99149,,,,1.1000134944915771
249,99152,,,0.9164000153541565,
250,99199,,,,0.9372692704200745
250,99249,,,,0.9927716851234436
250,99299,,,,1.06657075881958
250,99349,,,,1.0016897916793823
250,99399,,,,1.0524263381958008
250,99449,,,,1.248820185661316
250,99499,,,,1.0685243606567383
250,99545,,,0.9178000092506409,
251,99549,,,,0.9509892463684082
251,99599,,,,1.0282135009765625
251,99649,,,,0.9510515332221985
251,99699,,,,1.076277494430542
251,99749,,,,1.1378897428512573
251,99799,,,,1.0037575960159302
251,99849,,,,0.9925362467765808
251,99899,,,,1.0583791732788086
251,99938,,,0.9143000245094299,
252,99949,,,,1.030326247215271
252,99999,,,,1.0269460678100586
252,100049,,,,0.9395530223846436
252,100099,,,,1.0873572826385498
252,100149,,,,0.984836995601654
252,100199,,,,0.8313285708427429
252,100249,,,,1.0321718454360962
252,100299,,,,1.0689820051193237
252,100331,,,0.9187999963760376,
253,100349,,,,0.9721404314041138
253,100399,,,,1.068977952003479
253,100449,,,,1.0608855485916138
253,100499,,,,0.9788013696670532
253,100549,,,,0.9574873447418213
253,100599,,,,0.9483858942985535
253,100649,,,,0.9972421526908875
253,100699,,,,1.104507565498352
253,100724,,,0.9143000245094299,
254,100749,,,,1.0544874668121338
254,100799,,,,1.0682837963104248
254,100849,,,,1.0611474514007568
254,100899,,,,1.0382044315338135
254,100949,,,,0.9825470447540283
254,100999,,,,1.0894545316696167
254,101049,,,,0.9774657487869263
254,101099,,,,1.0444797277450562
254,101118,,,0.9164000153541565,
255,101149,,,,0.9958659410476685
255,101199,,,,1.044817566871643
255,101249,,,,1.0347011089324951
255,101299,,,,1.012954831123352
255,101349,,,,1.0604592561721802
255,101399,,,,1.0328950881958008
255,101449,,,,0.977232038974762
255,101499,,,,1.0177534818649292
255,101510,,,0.9146000146865845,
256,101549,,,,1.0465203523635864
256,101599,,,,0.8375537395477295
256,101649,,,,0.9486621618270874
256,101699,,,,0.9267585873603821
256,101749,,,,0.8782507181167603
256,101799,,,,1.11923348903656
256,101849,,,,0.9935619235038757
256,101899,,,,1.0577735900878906
256,101904,,,0.9182999730110168,
257,101949,,,,1.0694854259490967
257,101999,,,,1.0576509237289429
257,102049,,,,0.9612065553665161
257,102099,,,,1.034891963005066
257,102149,,,,0.9977154731750488
257,102199,,,,1.0413109064102173
257,102249,,,,1.0192757844924927
257,102295,,,0.910099983215332,
258,102299,,,,1.047676682472229
258,102349,,,,1.1676691770553589
258,102399,,,,0.932267963886261
258,102449,,,,0.9856956601142883
258,102499,,,,1.0822174549102783
258,102549,,,,1.0072647333145142
258,102599,,,,1.0797746181488037
258,102649,,,,0.987822413444519
258,102689,,,0.9140999913215637,
259,102699,,,,1.012264609336853
259,102749,,,,1.0392919778823853
259,102799,,,,1.0451562404632568
259,102849,,,,1.0960956811904907
259,102899,,,,1.0057681798934937
259,102949,,,,1.0853756666183472
259,102999,,,,0.963709831237793
259,103049,,,,1.038633108139038
259,103080,,,0.9097999930381775,
260,103099,,,,1.0503854751586914
260,103149,,,,1.0127637386322021
260,103199,,,,0.9520260095596313
260,103249,,,,1.011361002922058
260,103299,,,,0.9859750270843506
260,103349,,,,1.0790066719055176
260,103399,,,,0.9312330484390259
260,103449,,,,1.0082541704177856
260,103473,,,0.9103999733924866,
261,103499,,,,0.984143853187561
261,103549,,,,1.0613518953323364
261,103599,,,,1.0012354850769043
261,103649,,,,1.0045740604400635
261,103699,,,,0.9036757946014404
261,103749,,,,1.0299214124679565
261,103799,,,,1.0010592937469482
261,103849,,,,1.0019303560256958
261,103867,,,0.9153000116348267,
262,103899,,,,0.9898967146873474
262,103949,,,,0.933818519115448
262,103999,,,,0.9815984964370728
262,104049,,,,1.065962314605713
262,104099,,,,1.0447815656661987
262,104149,,,,1.13221275806427
262,104199,,,,0.9681638479232788
262,104249,,,,0.9828662872314453
262,104259,,,0.9096999764442444,
263,104299,,,,1.0755149126052856
263,104349,,,,1.1110862493515015
263,104399,,,,0.8238438367843628
263,104449,,,,1.0312612056732178
263,104499,,,,0.8772584795951843
263,104549,,,,1.0704811811447144
263,104599,,,,1.0002340078353882
263,104649,,,,1.052053689956665
263,104651,,,0.9147999882698059,
264,104699,,,,1.1079275608062744
264,104749,,,,0.917104184627533
264,104799,,,,1.0912485122680664
264,104849,,,,1.0479036569595337
264,104899,,,,0.6268956661224365
264,104949,,,,1.0147193670272827
264,104999,,,,0.9527276158332825
264,105043,,,0.9178000092506409,
265,105049,,,,1.0105090141296387
265,105099,,,,1.0747202634811401
265,105149,,,,1.035030722618103
265,105199,,,,1.027799367904663
265,105249,,,,1.0245985984802246
265,105299,,,,0.8766258358955383
265,105349,,,,0.9825953245162964
265,105399,,,,0.8852119445800781
265,105433,,,0.9174000024795532,
266,105449,,,,0.7250789403915405
266,105499,,,,0.996245801448822
266,105549,,,,1.0164439678192139
266,105599,,,,1.0353829860687256
266,105649,,,,0.9854251146316528
266,105699,,,,0.9686256051063538
266,105749,,,,1.0848402976989746
266,105799,,,,0.7760999202728271
266,105824,,,0.9144999980926514,
267,105849,,,,1.0028858184814453
267,105899,,,,0.9289869666099548
267,105949,,,,1.0042628049850464
267,105999,,,,0.9938957691192627
267,106049,,,,0.7056599259376526
267,106099,,,,1.0213218927383423
267,106149,,,,0.9902033805847168
267,106199,,,,1.0793349742889404
267,106218,,,0.9208999872207642,
268,106249,,,,1.1249488592147827
268,106299,,,,1.0101747512817383
268,106349,,,,1.0142662525177002
268,106399,,,,0.9449473023414612
268,106449,,,,1.0082532167434692
268,106499,,,,1.0147992372512817
268,106549,,,,1.1187646389007568
268,106599,,,,1.1303660869598389
268,106608,,,0.9165999889373779,
269,106649,,,,0.9412585496902466
269,106699,,,,1.0810112953186035
269,106749,,,,1.066349744796753
269,106799,,,,1.0169986486434937
269,106849,,,,0.7903375029563904
269,106899,,,,0.9836481809616089
269,106949,,,,0.851095974445343
269,106999,,,,0.9053856134414673
269,106999,,,0.9120000004768372,
270,107049,,,,0.9961844086647034
270,107099,,,,0.8815935254096985
270,107149,,,,1.0875393152236938
270,107199,,,,1.0922203063964844
270,107249,,,,1.103405237197876
270,107299,,,,1.0434210300445557
270,107349,,,,0.9832527041435242
270,107389,,,0.911899983882904,
271,107399,,,,0.9634785652160645
271,107449,,,,0.9713002443313599
271,107499,,,,0.8150534629821777
271,107549,,,,1.003741979598999
271,107599,,,,0.9415552616119385
271,107649,,,,0.898817777633667
271,107699,,,,0.6012546420097351
271,107749,,,,1.088554859161377
271,107780,,,0.9129999876022339,
272,107799,,,,0.9040517807006836
272,107849,,,,1.0368478298187256
272,107899,,,,0.9857814908027649
272,107949,,,,0.893464207649231
272,107999,,,,0.923391580581665
272,108049,,,,0.9420276284217834
272,108099,,,,0.99512779712677
272,108149,,,,0.9079444408416748
272,108170,,,0.9107999801635742,
273,108199,,,,1.0580012798309326
273,108249,,,,0.7706462740898132
273,108299,,,,1.0252103805541992
273,108349,,,,1.0052905082702637
273,108399,,,,0.912571907043457
273,108449,,,,1.0175530910491943
273,108499,,,,0.9035355448722839
273,108549,,,,0.9867929220199585
273,108561,,,0.9104999899864197,
274,108599,,,,1.0448620319366455
274,108649,,,,0.9014679789543152
274,108699,,,,0.9561753869056702
274,108749,,,,1.0091594457626343
274,108799,,,,1.04343843460083
274,108849,,,,0.6686543226242065
274,108899,,,,0.8575894832611084
274,108949,,,,1.0342496633529663
274,108952,,,0.9192000031471252,
275,108999,,,,1.1117041110992432
275,109049,,,,1.0286396741867065
275,109099,,,,1.1016805171966553
275,109149,,,,0.9904685020446777
275,109199,,,,0.9501804709434509
275,109249,,,,0.952473521232605
275,109299,,,,1.0533778667449951
275,109349,,,,1.0643051862716675
275,109358,,,0.9142000079154968,
276,109399,,,,0.9598226547241211
276,109449,,,,0.87291020154953
276,109499,,,,1.008798360824585
276,109549,,,,0.8924078941345215
276,109599,,,,1.0000789165496826
276,109649,,,,1.0284606218338013
276,109699,,,,0.6725918650627136
276,109749,,,,1.0103459358215332
276,109751,,,0.9164999723434448,
277,109799,,,,0.9618662595748901
277,109849,,,,0.9785407781600952
277,109899,,,,0.9510001540184021
277,109949,,,,0.9769842028617859
277,109999,,,,0.9311286807060242
277,110049,,,,0.9864645600318909
277,110099,,,,1.027350902557373
277,110141,,,0.9168999791145325,
278,110149,,,,1.012428641319275
278,110199,,,,0.9978597164154053
278,110249,,,,0.9678626656532288
278,110299,,,,0.9563979506492615
278,110349,,,,0.6348081231117249
278,110399,,,,0.9298846125602722
278,110449,,,,1.00496506690979
278,110499,,,,1.0761044025421143
278,110545,,,0.9186999797821045,
279,110549,,,,1.099892497062683
279,110599,,,,0.9717344641685486
279,110649,,,,1.016072154045105
279,110699,,,,1.061137080192566
279,110749,,,,1.0197073221206665
279,110799,,,,0.9967291355133057
279,110849,,,,1.0033825635910034
279,110899,,,,0.7100806832313538
279,110949,,,,0.5590779185295105
279,110951,,,0.9164000153541565,
280,110999,,,,0.6839718818664551
280,111049,,,,0.9716576933860779
280,111099,,,,0.942335844039917
280,111149,,,,1.0078929662704468
280,111199,,,,0.9326000809669495
280,111249,,,,1.0738122463226318
280,111299,,,,0.9905206561088562
280,111349,,,,1.0454260110855103
280,111356,,,0.9150000214576721,
281,111399,,,,1.019329309463501
281,111449,,,,0.9996880292892456
281,111499,,,,1.0164376497268677
281,111549,,,,0.9883788824081421
281,111599,,,,1.0450080633163452
281,111649,,,,1.0029462575912476
281,111699,,,,1.0151993036270142
281,111749,,,,0.9169557094573975
281,111762,,,0.9115999937057495,
282,111799,,,,0.9183642268180847
282,111849,,,,1.0272910594940186
282,111899,,,,0.8912450075149536
282,111949,,,,1.0607788562774658
282,111999,,,,0.9817545413970947
282,112049,,,,1.0584402084350586
282,112099,,,,0.9929899573326111
282,112149,,,,0.641376793384552
282,112168,,,0.9190000295639038,
283,112199,,,,1.0260342359542847
283,112249,,,,0.9432684779167175
283,112299,,,,0.9233689308166504
283,112349,,,,0.7330270409584045
283,112399,,,,1.067679524421692
283,112449,,,,0.9563426375389099
283,112499,,,,0.8886151313781738
283,112549,,,,0.9998708963394165
283,112572,,,0.921500027179718,
284,112599,,,,1.03378427028656
284,112649,,,,1.0624219179153442
284,112699,,,,0.973162055015564
284,112749,,,,0.9980088472366333
284,112799,,,,0.8943148255348206
284,112849,,,,0.9364814758300781
284,112899,,,,0.9388704299926758
284,112949,,,,1.028602123260498
284,112977,,,0.9164999723434448,
285,112999,,,,1.077150583267212
285,113049,,,,0.7663339376449585
285,113099,,,,0.6297261118888855
285,113149,,,,0.9873042702674866
285,113199,,,,0.8928635120391846
285,113249,,,,1.0035603046417236
285,113299,,,,1.0596873760223389
285,113349,,,,0.9177412986755371
285,113382,,,0.917900025844574,
286,113399,,,,1.0553525686264038
286,113449,,,,0.8978272080421448
286,113499,,,,1.1071534156799316
286,113549,,,,1.0119134187698364
286,113599,,,,1.0497111082077026
286,113649,,,,1.0153257846832275
286,113699,,,,1.0038599967956543
286,113749,,,,0.9735317826271057
286,113787,,,0.9118000268936157,
287,113799,,,,1.09359872341156
287,113849,,,,0.5882571935653687
287,113899,,,,1.047577142715454
287,113949,,,,0.8520790934562683
287,113999,,,,0.917259156703949
287,114049,,,,1.1429470777511597
287,114099,,,,0.9130560159683228
287,114149,,,,1.0285619497299194
287,114193,,,0.9162999987602234,
288,114199,,,,1.0469791889190674
288,114249,,,,0.9604907631874084
288,114299,,,,0.873099684715271
288,114349,,,,1.0419223308563232
288,114399,,,,1.0334348678588867
288,114449,,,,0.8631434440612793
288,114499,,,,0.9325874447822571
288,114549,,,,0.8638222217559814
288,114598,,,0.9169999957084656,
289,114599,,,,0.8933908939361572
289,114649,,,,0.9616448879241943
289,114699,,,,1.0194355249404907
289,114749,,,,1.0107533931732178
289,114799,,,,1.054165005683899
289,114849,,,,1.067347764968872
289,114899,,,,1.0216240882873535
289,114949,,,,1.0941182374954224
289,114999,,,,1.0908756256103516
289,115003,,,0.9247000217437744,
290,115049,,,,1.0926308631896973
290,115099,,,,1.056395173072815
290,115149,,,,0.9962118268013
290,115199,,,,0.8617887496948242
290,115249,,,,0.9935222268104553
290,115299,,,,1.0832908153533936
290,115349,,,,0.9887850284576416
290,115399,,,,1.068007469177246
290,115406,,,0.9235000014305115,
291,115449,,,,0.9533044695854187
291,115499,,,,1.0653632879257202
291,115549,,,,1.0189458131790161
291,115599,,,,0.9490278959274292
291,115649,,,,1.0641295909881592
291,115699,,,,1.0756057500839233
291,115749,,,,0.9889634847640991
291,115799,,,,0.8795428276062012
291,115809,,,0.9132000207901001,
292,115849,,,,0.670364260673523
292,115899,,,,0.7071504592895508
292,115949,,,,0.9353103041648865
292,115999,,,,0.9864515066146851
292,116049,,,,1.0664514303207397
292,116099,,,,0.9405953884124756
292,116149,,,,0.9848722219467163
292,116199,,,,1.0013478994369507
292,116214,,,0.9143999814987183,
293,116249,,,,0.9201392531394958
293,116299,,,,0.9450975656509399
293,116349,,,,0.9301717281341553
293,116399,,,,0.6758953928947449
293,116449,,,,0.927921712398529
293,116499,,,,0.9925835728645325
293,116549,,,,0.8002194166183472
293,116599,,,,1.0435785055160522
293,116618,,,0.9129999876022339,
294,116649,,,,0.7885897159576416
294,116699,,,,0.9462947249412537
294,116749,,,,1.0772656202316284
294,116799,,,,1.00980806350708
294,116849,,,,0.7834208011627197
294,116899,,,,0.9810055494308472
294,116949,,,,0.6305545568466187
294,116999,,,,1.0025380849838257
294,117024,,,0.9190000295639038,
295,117049,,,,0.9164204597473145
295,117099,,,,0.884656548500061
295,117149,,,,1.0487782955169678
295,117199,,,,1.0035247802734375
295,117249,,,,1.0186471939086914
295,117299,,,,1.0935471057891846
295,117349,,,,1.0352370738983154
295,117399,,,,0.7531964182853699
295,117428,,,0.9176999926567078,
296,117449,,,,0.8516172766685486
296,117499,,,,1.0396453142166138
296,117549,,,,1.036655306816101
296,117599,,,,1.0040966272354126
296,117649,,,,0.9604074954986572
296,117699,,,,1.0258467197418213
296,117749,,,,0.9691235423088074
296,117799,,,,0.945191502571106
296,117832,,,0.9185000061988831,
297,117849,,,,1.1099967956542969
297,117899,,,,1.0333195924758911
297,117949,,,,1.0425941944122314
297,117999,,,,0.865909993648529
297,118049,,,,0.8030018210411072
297,118099,,,,1.0497190952301025
297,118149,,,,1.0153993368148804
297,118199,,,,0.9892768859863281
297,118236,,,0.9185000061988831,
298,118249,,,,1.0457022190093994
298,118299,,,,0.9311668276786804
298,118349,,,,0.9942495226860046
298,118399,,,,0.9211551547050476
298,118449,,,,0.984095573425293
298,118499,,,,1.0026308298110962
298,118549,,,,1.0665688514709473
298,118599,,,,1.0757412910461426
298,118641,,,0.9222000241279602,
299,118649,,,,0.981177031993866
299,118699,,,,0.9861938953399658
299,118749,,,,0.9991504549980164
299,118799,,,,0.803779125213623
299,118849,,,,1.0069845914840698
299,118899,,,,0.9712145328521729
299,118949,,,,0.9653628468513489
299,118999,,,,0.9867091774940491
299,119044,,,0.920799970626831,
