epoch,step,test_acc,train_acc,train_loss,val_acc,val_loss
0,49,,,2.700899124145508,,
0,99,,,2.5000557899475098,,
0,149,,,2.4287657737731934,,
0,199,,,2.847625255584717,,
0,249,,,2.7993946075439453,,
0,299,,,2.630103349685669,,
0,349,,,2.286158323287964,,
0,351,,,,0.1648000031709671,2.587700605392456
0,351,0.16009999811649323,0.1292666643857956,,,
1,399,,,2.2957754135131836,,
1,449,,,2.2039835453033447,,
1,499,,,2.164019823074341,,
1,549,,,2.2984089851379395,,
1,599,,,2.198291301727295,,
1,649,,,2.1155667304992676,,
1,699,,,2.0622780323028564,,
1,703,,,,0.2295999974012375,2.1103932857513428
1,703,0.25029999017715454,0.2021999955177307,,,
2,749,,,2.1352591514587402,,
2,799,,,1.9705359935760498,,
2,849,,,2.4407663345336914,,
2,899,,,2.2347524166107178,,
2,949,,,2.1831624507904053,,
2,999,,,2.0550389289855957,,
2,1049,,,2.07357120513916,,
2,1055,,,,0.23319999873638153,2.0234181880950928
2,1055,0.2646999955177307,0.21017777919769287,,,
3,1099,,,2.0497312545776367,,
3,1149,,,1.9563021659851074,,
3,1199,,,1.8922064304351807,,
3,1249,,,1.965316653251648,,
3,1299,,,1.8178472518920898,,
3,1349,,,1.8697563409805298,,
3,1399,,,1.81820809841156,,
3,1407,,,,0.2694000005722046,2.038259506225586
3,1407,0.28369998931884766,0.2631777822971344,,,
4,1449,,,1.8265681266784668,,
4,1499,,,1.8677887916564941,,
4,1549,,,1.8568898439407349,,
4,1599,,,1.9726141691207886,,
4,1649,,,1.7707651853561401,,
4,1699,,,1.878352165222168,,
4,1749,,,1.7396003007888794,,
4,1759,,,,0.3684000074863434,1.758070468902588
4,1759,0.39309999346733093,0.32784444093704224,,,
5,1799,,,1.7835452556610107,,
5,1849,,,1.8313905000686646,,
5,1899,,,1.6395783424377441,,
5,1949,,,1.790144920349121,,
5,1999,,,1.6835449934005737,,
5,2049,,,1.5797606706619263,,
5,2099,,,1.64168381690979,,
5,2111,,,,0.3495999872684479,1.7908341884613037
5,2111,0.3765000104904175,0.36622223258018494,,,
6,2149,,,1.6453869342803955,,
6,2199,,,1.6662333011627197,,
6,2249,,,1.80709707736969,,
6,2299,,,1.71886146068573,,
6,2349,,,1.922700047492981,,
6,2399,,,1.625291109085083,,
6,2449,,,1.6230731010437012,,
6,2463,,,,0.42719998955726624,1.5911697149276733
6,2463,0.4851999878883362,0.39835554361343384,,,
7,2499,,,1.6848609447479248,,
7,2549,,,1.6586471796035767,,
7,2599,,,1.569739580154419,,
7,2649,,,1.5819993019104004,,
7,2699,,,1.5578069686889648,,
7,2749,,,1.5646530389785767,,
7,2799,,,1.5311086177825928,,
7,2815,,,,0.43720000982284546,1.5988751649856567
7,2815,0.4787999987602234,0.42640000581741333,,,
8,2849,,,1.6268784999847412,,
8,2899,,,1.4568537473678589,,
8,2949,,,1.579174518585205,,
8,2999,,,1.5762152671813965,,
8,3049,,,1.576819658279419,,
8,3099,,,1.534896731376648,,
8,3149,,,1.4397568702697754,,
8,3167,,,,0.4966000020503998,1.474427580833435
8,3167,0.5468000173568726,0.46326667070388794,,,
9,3199,,,1.3678427934646606,,
9,3249,,,1.5967128276824951,,
9,3299,,,1.552649736404419,,
9,3349,,,1.6248631477355957,,
9,3399,,,1.495705246925354,,
9,3449,,,1.5445266962051392,,
9,3499,,,1.340234637260437,,
9,3519,,,,0.5299999713897705,1.4020658731460571
9,3519,0.5828999876976013,0.490022212266922,,,
10,3549,,,1.3420512676239014,,
10,3599,,,1.4710497856140137,,
10,3649,,,1.5436447858810425,,
10,3699,,,1.4644745588302612,,
10,3749,,,1.5689691305160522,,
10,3799,,,1.283428430557251,,
10,3849,,,1.4658335447311401,,
10,3871,,,,0.503600001335144,1.5742512941360474
10,3871,0.5636000037193298,0.5073999762535095,,,
11,3899,,,1.3362475633621216,,
11,3949,,,1.1384705305099487,,
11,3999,,,1.017371416091919,,
11,4049,,,1.0942223072052002,,
11,4099,,,1.0694029331207275,,
11,4149,,,1.1797012090682983,,
11,4199,,,1.3116296529769897,,
11,4223,,,,0.5228000283241272,1.4850358963012695
11,4223,0.5892000198364258,0.5204444527626038,,,
12,4249,,,0.9422194361686707,,
12,4299,,,1.2024295330047607,,
12,4349,,,0.9950725436210632,,
12,4399,,,0.9200026988983154,,
12,4449,,,0.9630211591720581,,
12,4499,,,0.7929573059082031,,
12,4549,,,0.7665404677391052,,
12,4575,,,,0.49779999256134033,1.7170461416244507
12,4575,0.5497000217437744,0.5197111368179321,,,
13,4599,,,0.38979053497314453,,
13,4649,,,0.5554594993591309,,
13,4699,,,0.30436456203460693,,
13,4749,,,0.3165966272354126,,
13,4799,,,0.5389969348907471,,
13,4849,,,0.7310813665390015,,
13,4899,,,0.503954291343689,,
13,4927,,,,0.5157999992370605,1.7777259349822998
13,4927,0.571399986743927,0.5229555368423462,,,
14,4949,,,-0.3787713050842285,,
14,4999,,,0.1438157558441162,,
14,5049,,,-0.023015499114990234,,
14,5099,,,0.03710663318634033,,
14,5149,,,-0.13301301002502441,,
14,5199,,,-0.12203896045684814,,
14,5249,,,0.36826956272125244,,
14,5279,,,,0.5626000165939331,1.724907636642456
14,5279,0.6173999905586243,0.5273555517196655,,,
15,5299,,,-0.12308740615844727,,
15,5349,,,-0.5168654918670654,,
15,5399,,,-0.785768985748291,,
15,5449,,,-0.4036850929260254,,
15,5499,,,-0.4731553792953491,,
15,5549,,,-0.4895840883255005,,
15,5599,,,-0.3981064558029175,,
15,5631,,,,0.5120000243186951,1.9794062376022339
15,5631,0.5662000179290771,0.5339778065681458,,,
16,5649,,,-0.6604621410369873,,
16,5699,,,-1.159391164779663,,
16,5749,,,-0.9038182497024536,,
16,5799,,,-0.7875187397003174,,
16,5849,,,-1.1765161752700806,,
16,5899,,,-0.7529237270355225,,
16,5949,,,-1.342519760131836,,
16,5983,,,,0.5432000160217285,2.169785261154175
16,5983,0.6018999814987183,0.5373111367225647,,,
17,5999,,,-0.9980673789978027,,
17,6049,,,-1.4211657047271729,,
17,6099,,,-1.266190528869629,,
17,6149,,,-1.2191717624664307,,
17,6199,,,-1.7778520584106445,,
17,6249,,,-1.2474260330200195,,
17,6299,,,-1.1719255447387695,,
17,6335,,,,0.5691999793052673,2.008023262023926
17,6335,0.6297000050544739,0.5461778044700623,,,
18,6349,,,-1.476327896118164,,
18,6399,,,-1.8472251892089844,,
18,6449,,,-1.7235159873962402,,
18,6499,,,-2.214219808578491,,
18,6549,,,-1.6205415725708008,,
18,6599,,,-2.1604952812194824,,
18,6649,,,-1.286820411682129,,
18,6687,,,,0.5712000131607056,2.464838981628418
18,6687,0.6316999793052673,0.551622211933136,,,
19,6699,,,-1.9689433574676514,,
19,6749,,,-2.3922934532165527,,
19,6799,,,-2.9833836555480957,,
19,6849,,,-1.9178516864776611,,
19,6899,,,-2.154156446456909,,
19,6949,,,-2.7963171005249023,,
19,6999,,,-2.3933777809143066,,
19,7039,,,,0.5631999969482422,2.373155355453491
19,7039,0.6237999796867371,0.5586000084877014,,,
20,7049,,,-3.1677451133728027,,
20,7099,,,-3.5516836643218994,,
20,7149,,,-3.2068333625793457,,
20,7199,,,-2.952118396759033,,
20,7249,,,-2.8235888481140137,,
20,7299,,,-3.0240774154663086,,
20,7349,,,-2.6667397022247314,,
20,7391,,,,0.5676000118255615,2.6800315380096436
20,7391,0.6276000142097473,0.5660666823387146,,,
21,7399,,,-4.299836158752441,,
21,7449,,,-4.134964466094971,,
21,7499,,,-4.368767261505127,,
21,7549,,,-3.4568703174591064,,
21,7599,,,-3.5097439289093018,,
21,7649,,,-3.6253271102905273,,
21,7699,,,-3.6712660789489746,,
21,7743,,,,0.5834000110626221,2.4218080043792725
21,7743,0.6258000135421753,0.5698000192642212,,,
22,7749,,,-5.055483341217041,,
22,7799,,,-3.7720024585723877,,
22,7849,,,-5.07969331741333,,
22,7899,,,-3.797980546951294,,
22,7949,,,-4.360881328582764,,
22,7999,,,-4.094233512878418,,
22,8049,,,-4.703737258911133,,
22,8095,,,,0.5631999969482422,2.761171579360962
22,8095,0.6098999977111816,0.573711097240448,,,
23,8099,,,-4.990964412689209,,
23,8149,,,-5.221418857574463,,
23,8199,,,-4.420191764831543,,
23,8249,,,-5.48984432220459,,
23,8299,,,-4.314458847045898,,
23,8349,,,-4.87290096282959,,
23,8399,,,-4.995253562927246,,
23,8447,,,,0.5794000029563904,2.911106586456299
23,8447,0.6432999968528748,0.5813111066818237,,,
24,8449,,,-5.899452209472656,,
24,8499,,,-5.312740325927734,,
24,8549,,,-5.632589340209961,,
24,8599,,,-5.848381996154785,,
24,8649,,,-5.28010368347168,,
24,8699,,,-5.4987335205078125,,
24,8749,,,-4.784041404724121,,
24,8799,,,-5.444397926330566,,
24,8799,,,,0.5591999888420105,2.9516608715057373
24,8799,0.6362000107765198,0.5862888693809509,,,
25,8849,,,-6.402716636657715,,
25,8899,,,-6.270308494567871,,
25,8949,,,-6.155745983123779,,
25,8999,,,-5.0871734619140625,,
25,9049,,,-5.922239303588867,,
25,9099,,,-5.706146240234375,,
25,9149,,,-6.553669452667236,,
25,9151,,,,0.6144000291824341,2.670769453048706
25,9151,0.6807000041007996,0.5857555270195007,,,
26,9199,,,-6.074772357940674,,
26,9249,,,-6.990516662597656,,
26,9299,,,-6.880565643310547,,
26,9349,,,-7.443869590759277,,
26,9399,,,-7.353395938873291,,
26,9449,,,-7.171749114990234,,
26,9499,,,-7.45766544342041,,
26,9503,,,,0.6150000095367432,2.728437662124634
26,9503,0.6689000129699707,0.5964444279670715,,,
27,9549,,,-7.05232048034668,,
27,9599,,,-7.944165229797363,,
27,9649,,,-7.508570671081543,,
27,9699,,,-6.804050445556641,,
27,9749,,,-7.2704854011535645,,
27,9799,,,-7.346302032470703,,
27,9849,,,-6.915482044219971,,
27,9855,,,,0.5947999954223633,3.002655506134033
27,9855,0.65829998254776,0.5942222476005554,,,
28,9899,,,-7.650908946990967,,
28,9949,,,-8.820844650268555,,
28,9999,,,-8.168846130371094,,
28,10049,,,-8.188218116760254,,
28,10099,,,-8.105415344238281,,
28,10149,,,-8.08807373046875,,
28,10199,,,-8.79591178894043,,
28,10207,,,,0.6126000285148621,3.104372978210449
28,10207,0.6870999932289124,0.5992000102996826,,,
29,10249,,,-8.560548782348633,,
29,10299,,,-8.788869857788086,,
29,10349,,,-8.676839828491211,,
29,10399,,,-7.597603797912598,,
29,10449,,,-9.41115951538086,,
29,10499,,,-9.37320613861084,,
29,10549,,,-8.950183868408203,,
29,10559,,,,0.5849999785423279,3.3477163314819336
29,10559,0.6427000164985657,0.6026222109794617,,,
30,10599,,,-8.480900764465332,,
30,10649,,,-8.777928352355957,,
30,10699,,,-9.656249046325684,,
30,10749,,,-8.471911430358887,,
30,10799,,,-9.640412330627441,,
30,10849,,,-10.616340637207031,,
30,10899,,,-8.793575286865234,,
30,10911,,,,0.6086000204086304,3.107799530029297
30,10911,0.6728000044822693,0.604200005531311,,,
31,10949,,,-9.961280822753906,,
31,10999,,,-10.02888298034668,,
31,11049,,,-10.651594161987305,,
31,11099,,,-9.964499473571777,,
31,11149,,,-9.911763191223145,,
31,11199,,,-9.876585960388184,,
31,11249,,,-10.574950218200684,,
31,11263,,,,0.6015999913215637,3.3102164268493652
31,11263,0.6610000133514404,0.6058222055435181,,,
32,11299,,,-11.061685562133789,,
32,11349,,,-10.873976707458496,,
32,11399,,,-10.372901916503906,,
32,11449,,,-10.825285911560059,,
32,11499,,,-10.61452579498291,,
32,11549,,,-11.005523681640625,,
32,11599,,,-10.915822982788086,,
32,11615,,,,0.6302000284194946,3.10003662109375
32,11615,0.6951000094413757,0.606177806854248,,,
33,11649,,,-11.267104148864746,,
33,11699,,,-11.300203323364258,,
33,11749,,,-11.421109199523926,,
33,11799,,,-11.014141082763672,,
33,11849,,,-11.016541481018066,,
33,11899,,,-10.381309509277344,,
33,11949,,,-11.327193260192871,,
33,11967,,,,0.621399998664856,3.371889114379883
33,11967,0.6866000294685364,0.6063777804374695,,,
34,11999,,,-11.661165237426758,,
34,12049,,,-12.199040412902832,,
34,12099,,,-11.780076026916504,,
34,12149,,,-11.875469207763672,,
34,12199,,,-11.331459999084473,,
34,12249,,,-11.541847229003906,,
34,12299,,,-11.416136741638184,,
34,12319,,,,0.6046000123023987,3.658775806427002
34,12319,0.6535000205039978,0.6074888706207275,,,
35,12349,,,-13.054328918457031,,
35,12399,,,-13.163715362548828,,
35,12449,,,-12.847686767578125,,
35,12499,,,-12.922567367553711,,
35,12549,,,-12.01727294921875,,
35,12599,,,-12.588804244995117,,
35,12649,,,-12.54229736328125,,
35,12671,,,,0.5857999920845032,3.894606590270996
35,12671,0.6542999744415283,0.612755537033081,,,
36,12699,,,-13.348196029663086,,
36,12749,,,-13.235897064208984,,
36,12799,,,-13.575063705444336,,
36,12849,,,-12.681196212768555,,
36,12899,,,-13.391349792480469,,
36,12949,,,-12.126577377319336,,
36,12999,,,-12.601726531982422,,
36,13023,,,,0.5799999833106995,3.769684314727783
36,13023,0.6348000168800354,0.6092666387557983,,,
37,13049,,,-14.52295970916748,,
37,13099,,,-13.894007682800293,,
37,13149,,,-13.769949913024902,,
37,13199,,,-13.93569278717041,,
37,13249,,,-14.061909675598145,,
37,13299,,,-14.603446960449219,,
37,13349,,,-14.014429092407227,,
37,13375,,,,0.5723999738693237,3.9673120975494385
37,13375,0.6416000127792358,0.6108666658401489,,,
38,13399,,,-14.780692100524902,,
38,13449,,,-14.879293441772461,,
38,13499,,,-14.133649826049805,,
38,13549,,,-13.510357856750488,,
38,13599,,,-15.020230293273926,,
38,13649,,,-15.144217491149902,,
38,13699,,,-14.2334623336792,,
38,13727,,,,0.5934000015258789,3.9644386768341064
38,13727,0.6507999897003174,0.6099777817726135,,,
39,13749,,,-14.728828430175781,,
39,13799,,,-15.23473072052002,,
39,13849,,,-14.863033294677734,,
39,13899,,,-14.829534530639648,,
39,13949,,,-15.463414192199707,,
39,13999,,,-14.86311149597168,,
39,14049,,,-14.536266326904297,,
39,14079,,,,0.6154000163078308,3.5895323753356934
39,14079,0.6963000297546387,0.6075999736785889,,,
40,14099,,,-16.218196868896484,,
40,14149,,,-14.822938919067383,,
40,14199,,,-16.03940773010254,,
40,14249,,,-16.032398223876953,,
40,14299,,,-15.29062271118164,,
40,14349,,,-15.30988883972168,,
40,14399,,,-15.114017486572266,,
40,14431,,,,0.604200005531311,3.977407693862915
40,14431,0.682699978351593,0.6100666522979736,,,
41,14449,,,-15.69279670715332,,
41,14499,,,-16.615863800048828,,
41,14549,,,-15.288607597351074,,
41,14599,,,-15.76888656616211,,
41,14649,,,-15.848617553710938,,
41,14699,,,-15.353290557861328,,
41,14749,,,-16.77312469482422,,
41,14783,,,,0.6209999918937683,3.5645034313201904
41,14783,0.6869000196456909,0.6131777763366699,,,
42,14799,,,-16.311994552612305,,
42,14849,,,-16.172809600830078,,
42,14899,,,-15.589547157287598,,
42,14949,,,-15.93197250366211,,
42,14999,,,-16.018218994140625,,
42,15049,,,-15.96576976776123,,
42,15099,,,-16.175113677978516,,
42,15135,,,,0.6209999918937683,3.7834277153015137
42,15135,0.6883000135421753,0.6105333566665649,,,
43,15149,,,-16.032875061035156,,
43,15199,,,-15.607678413391113,,
43,15249,,,-15.486007690429688,,
43,15299,,,-15.967975616455078,,
43,15349,,,-15.92715072631836,,
43,15399,,,-15.695178985595703,,
43,15449,,,-16.412012100219727,,
43,15487,,,,0.6110000014305115,3.765643358230591
43,15487,0.6700999736785889,0.6112444400787354,,,
44,15499,,,-16.368499755859375,,
44,15549,,,-15.018730163574219,,
44,15599,,,-16.387866973876953,,
44,15649,,,-16.335155487060547,,
44,15699,,,-16.39776039123535,,
44,15749,,,-15.68668270111084,,
44,15799,,,-16.035602569580078,,
44,15839,,,,0.5881999731063843,4.136528015136719
44,15839,0.6549999713897705,0.6107110977172852,,,
45,15849,,,-16.20037269592285,,
45,15899,,,-16.047426223754883,,
45,15949,,,-15.279109001159668,,
45,15999,,,-15.971231460571289,,
45,16049,,,-15.649962425231934,,
45,16099,,,-15.514422416687012,,
45,16149,,,-16.220279693603516,,
45,16191,,,,0.607200026512146,3.823293447494507
45,16191,0.6732000112533569,0.6104666590690613,,,
46,16199,,,-16.650230407714844,,
46,16249,,,-15.615478515625,,
46,16299,,,-15.585240364074707,,
46,16349,,,-16.309410095214844,,
46,16399,,,-15.821467399597168,,
46,16449,,,-16.256481170654297,,
46,16499,,,-16.19630241394043,,
46,16543,,,,0.5663999915122986,4.353170871734619
46,16543,0.6276000142097473,0.610955536365509,,,
47,16549,,,-16.01285171508789,,
47,16599,,,-15.433847427368164,,
47,16649,,,-15.612906455993652,,
47,16699,,,-16.084440231323242,,
47,16749,,,-15.196823120117188,,
47,16799,,,-16.46955108642578,,
47,16849,,,-16.050060272216797,,
47,16895,,,,0.6290000081062317,3.6446523666381836
47,16895,0.7103999853134155,0.614644467830658,,,
48,16899,,,-16.264760971069336,,
48,16949,,,-15.567941665649414,,
48,16999,,,-15.030929565429688,,
48,17049,,,-14.882523536682129,,
48,17099,,,-15.65206527709961,,
48,17149,,,-16.174768447875977,,
48,17199,,,-15.37320327758789,,
48,17247,,,,0.621399998664856,3.77538800239563
48,17247,0.6832000017166138,0.6130444407463074,,,
49,17249,,,-16.303194046020508,,
49,17299,,,-16.11280632019043,,
49,17349,,,-16.11770248413086,,
49,17399,,,-16.492446899414062,,
49,17449,,,-16.52651596069336,,
49,17499,,,-15.02694034576416,,
49,17549,,,-15.048904418945312,,
49,17599,,,-15.533232688903809,,
49,17599,,,,0.6079999804496765,3.9230730533599854
49,17599,0.6626999974250793,0.6151555776596069,,,
50,17649,,,-16.597475051879883,,
50,17699,,,-15.979514122009277,,
50,17749,,,-15.518413543701172,,
50,17799,,,-17.080270767211914,,
50,17849,,,-15.292110443115234,,
50,17899,,,-16.013763427734375,,
50,17949,,,-15.854344367980957,,
50,17951,,,,0.593999981880188,4.002245903015137
50,17951,0.6625000238418579,0.6169111132621765,,,
51,17999,,,-15.653711318969727,,
51,18049,,,-15.88198184967041,,
51,18099,,,-15.464286804199219,,
51,18149,,,-16.29959487915039,,
51,18199,,,-15.121399879455566,,
51,18249,,,-16.13513946533203,,
51,18299,,,-16.484325408935547,,
51,18303,,,,0.6182000041007996,3.623955488204956
51,18303,0.6930999755859375,0.615755558013916,,,
52,18349,,,-15.93310260772705,,
52,18399,,,-16.675609588623047,,
52,18449,,,-16.15242576599121,,
52,18499,,,-15.902772903442383,,
52,18549,,,-15.140088081359863,,
52,18599,,,-15.162288665771484,,
52,18649,,,-14.938583374023438,,
52,18655,,,,0.6200000047683716,3.806495428085327
52,18655,0.6880999803543091,0.6166889071464539,,,
53,18699,,,-15.070527076721191,,
53,18749,,,-15.291841506958008,,
53,18799,,,-15.215572357177734,,
53,18849,,,-15.716562271118164,,
53,18899,,,-16.35954475402832,,
53,18949,,,-16.40005874633789,,
53,18999,,,-15.580552101135254,,
53,19007,,,,0.5989999771118164,4.097398281097412
53,19007,0.66839998960495,0.6153555512428284,,,
54,19049,,,-15.64301872253418,,
54,19099,,,-16.0543212890625,,
54,19149,,,-16.315113067626953,,
54,19199,,,-15.430342674255371,,
54,19249,,,-15.644957542419434,,
54,19299,,,-15.440561294555664,,
54,19349,,,-15.464944839477539,,
54,19359,,,,0.605400025844574,3.7284350395202637
54,19359,0.6784999966621399,0.6169777512550354,,,
55,19399,,,-15.279499053955078,,
55,19449,,,-16.579246520996094,,
55,19499,,,-16.811222076416016,,
55,19549,,,-16.263545989990234,,
55,19599,,,-16.751750946044922,,
55,19649,,,-16.122394561767578,,
55,19699,,,-16.029159545898438,,
55,19711,,,,0.6172000169754028,3.597208261489868
55,19711,0.6852999925613403,0.6143110990524292,,,
56,19749,,,-15.264307022094727,,
56,19799,,,-15.784043312072754,,
56,19849,,,-16.158710479736328,,
56,19899,,,-15.435855865478516,,
56,19949,,,-16.183773040771484,,
56,19999,,,-15.868634223937988,,
56,20049,,,-15.981330871582031,,
56,20063,,,,0.5874000191688538,4.194440841674805
56,20063,0.6455000042915344,0.6189777851104736,,,
57,20099,,,-14.867788314819336,,
57,20149,,,-16.49644660949707,,
57,20199,,,-15.50202751159668,,
57,20249,,,-14.643560409545898,,
57,20299,,,-15.971477508544922,,
57,20349,,,-16.21855926513672,,
57,20399,,,-15.849780082702637,,
57,20415,,,,0.5911999940872192,4.168525695800781
57,20415,0.6601999998092651,0.6137999892234802,,,
58,20449,,,-16.22045135498047,,
58,20499,,,-15.736763000488281,,
58,20549,,,-14.896848678588867,,
58,20599,,,-15.727007865905762,,
58,20649,,,-15.867850303649902,,
58,20699,,,-15.326774597167969,,
58,20749,,,-15.700794219970703,,
58,20767,,,,0.625,3.6956608295440674
58,20767,0.7028999924659729,0.6151999831199646,,,
59,20799,,,-15.049596786499023,,
59,20849,,,-15.816441535949707,,
59,20899,,,-15.445693016052246,,
59,20949,,,-16.35783576965332,,
59,20999,,,-16.02642822265625,,
59,21049,,,-15.800158500671387,,
59,21099,,,-16.28729820251465,,
59,21119,,,,0.6000000238418579,4.155820846557617
59,21119,0.6794000267982483,0.6143333315849304,,,
60,21149,,,-16.852197647094727,,
60,21199,,,-16.393733978271484,,
60,21249,,,-16.21629524230957,,
60,21299,,,-16.527719497680664,,
60,21349,,,-16.732257843017578,,
60,21399,,,-16.802845001220703,,
60,21449,,,-16.20950698852539,,
60,21471,,,,0.6872000098228455,3.0550801753997803
60,21471,0.7788000106811523,0.6692444682121277,,,
61,21499,,,-17.126157760620117,,
61,21549,,,-16.985748291015625,,
61,21599,,,-17.912357330322266,,
61,21649,,,-16.82569694519043,,
61,21699,,,-15.505130767822266,,
61,21749,,,-15.912227630615234,,
61,21799,,,-17.55951690673828,,
61,21823,,,,0.6962000131607056,2.981017589569092
61,21823,0.7914000153541565,0.6930666565895081,,,
62,21849,,,-17.40148162841797,,
62,21899,,,-16.456958770751953,,
62,21949,,,-16.166175842285156,,
62,21999,,,-17.070722579956055,,
62,22049,,,-16.11181640625,,
62,22099,,,-16.6275577545166,,
62,22149,,,-15.822290420532227,,
62,22175,,,,0.7009999752044678,3.028921604156494
62,22175,0.7903000116348267,0.7003111243247986,,,
63,22199,,,-16.519617080688477,,
63,22249,,,-17.43450355529785,,
63,22299,,,-17.60582160949707,,
63,22349,,,-17.038434982299805,,
63,22399,,,-17.770261764526367,,
63,22449,,,-16.678955078125,,
63,22499,,,-16.739994049072266,,
63,22527,,,,0.7027999758720398,3.0002822875976562
63,22527,0.7943999767303467,0.7025333046913147,,,
64,22549,,,-16.661956787109375,,
64,22599,,,-17.26827049255371,,
64,22649,,,-17.419565200805664,,
64,22699,,,-17.587326049804688,,
64,22749,,,-16.420265197753906,,
64,22799,,,-17.91412925720215,,
64,22849,,,-16.97324562072754,,
64,22879,,,,0.7074000239372253,2.9829182624816895
64,22879,0.7960000038146973,0.708733320236206,,,
65,22899,,,3.1027045249938965,,
65,22949,,,2.878772735595703,,
65,22999,,,2.4441583156585693,,
65,23049,,,2.345781087875366,,
65,23099,,,2.147303819656372,,
65,23149,,,2.1289782524108887,,
65,23199,,,2.2909042835235596,,
65,23231,,,,0.20960000157356262,2.046719789505005
65,23231,0.21870000660419464,0.16973333060741425,,,
66,23249,,,2.0837724208831787,,
66,23299,,,2.0978755950927734,,
66,23349,,,2.251459836959839,,
66,23399,,,2.0880510807037354,,
66,23449,,,2.1054537296295166,,
66,23499,,,2.4007174968719482,,
66,23549,,,2.5382471084594727,,
66,23583,,,,0.19619999825954437,4.634972095489502
66,23583,0.21279999613761902,0.2091333270072937,,,
67,23599,,,2.275484085083008,,
67,23649,,,2.202097177505493,,
67,23699,,,2.2039642333984375,,
67,23749,,,2.160754442214966,,
67,23799,,,2.1759135723114014,,
67,23849,,,2.0392916202545166,,
67,23899,,,2.565338611602783,,
67,23935,,,,0.17139999568462372,3.1663577556610107
67,23935,0.17159999907016754,0.2110888957977295,,,
68,23949,,,2.3981339931488037,,
68,23999,,,2.196213483810425,,
68,24049,,,2.233553886413574,,
68,24099,,,2.1637535095214844,,
68,24149,,,1.9371507167816162,,
68,24199,,,1.9944206476211548,,
68,24249,,,2.0164310932159424,,
68,24287,,,,0.2736000120639801,1.955680251121521
68,24287,0.30219998955726624,0.22713333368301392,,,
69,24299,,,2.0403833389282227,,
69,24349,,,1.867685317993164,,
69,24399,,,1.9540141820907593,,
69,24449,,,1.9778072834014893,,
69,24499,,,1.9531803131103516,,
69,24549,,,1.893607258796692,,
69,24599,,,1.8639346361160278,,
69,24639,,,,0.38359999656677246,1.7114768028259277
69,24639,0.41659998893737793,0.31593334674835205,,,
70,24649,,,1.9086840152740479,,
70,24699,,,1.7753405570983887,,
70,24749,,,1.8917557001113892,,
70,24799,,,1.8707849979400635,,
70,24849,,,1.9324198961257935,,
70,24899,,,1.7851479053497314,,
70,24949,,,1.7269515991210938,,
70,24991,,,,0.41200000047683716,1.6521421670913696
70,24991,0.4431000053882599,0.36873334646224976,,,
71,24999,,,1.9076764583587646,,
71,25049,,,1.789829134941101,,
71,25099,,,1.7876805067062378,,
71,25149,,,1.6341595649719238,,
71,25199,,,1.68674898147583,,
71,25249,,,1.8212518692016602,,
71,25299,,,1.684777021408081,,
71,25343,,,,0.45260000228881836,1.5484875440597534
71,25343,0.5022000074386597,0.4088222086429596,,,
72,25349,,,1.7753108739852905,,
72,25399,,,1.8029670715332031,,
72,25449,,,1.7107547521591187,,
72,25499,,,1.6480754613876343,,
72,25549,,,1.5923707485198975,,
72,25599,,,1.627455234527588,,
72,25649,,,1.6510964632034302,,
72,25695,,,,0.4603999853134155,1.5808161497116089
72,25695,0.5027999877929688,0.4430888891220093,,,
73,25699,,,1.583220362663269,,
73,25749,,,1.785067081451416,,
73,25799,,,1.5706549882888794,,
73,25849,,,1.6805377006530762,,
73,25899,,,1.7838780879974365,,
73,25949,,,1.5162090063095093,,
73,25999,,,1.5232007503509521,,
73,26047,,,,0.4869999885559082,1.5214709043502808
73,26047,0.5309000015258789,0.4679555594921112,,,
74,26049,,,1.6704206466674805,,
74,26099,,,1.6060734987258911,,
74,26149,,,1.5380144119262695,,
74,26199,,,1.7264485359191895,,
74,26249,,,1.5438461303710938,,
74,26299,,,1.5500578880310059,,
74,26349,,,1.5925214290618896,,
74,26399,,,1.6963210105895996,,
74,26399,,,,0.4814000129699707,1.528169870376587
74,26399,0.5242000222206116,0.49355554580688477,,,
75,26449,,,1.754468560218811,,
75,26499,,,1.504249095916748,,
75,26549,,,1.7139651775360107,,
75,26599,,,1.5144124031066895,,
75,26649,,,1.5101755857467651,,
75,26699,,,1.4903887510299683,,
75,26749,,,1.466538667678833,,
75,26751,,,,0.5595999956130981,1.3777519464492798
75,26751,0.6136999726295471,0.515999972820282,,,
76,26799,,,1.522861361503601,,
76,26849,,,1.4841448068618774,,
76,26899,,,1.4488548040390015,,
76,26949,,,1.3377189636230469,,
76,26999,,,1.3663443326950073,,
76,27049,,,1.5371098518371582,,
76,27099,,,1.4662798643112183,,
76,27103,,,,0.5586000084877014,1.3685743808746338
76,27103,0.6087999939918518,0.5371999740600586,,,
77,27149,,,1.0916494131088257,,
77,27199,,,1.3892788887023926,,
77,27249,,,1.287455677986145,,
77,27299,,,1.3791099786758423,,
77,27349,,,1.286433458328247,,
77,27399,,,1.4084175825119019,,
77,27449,,,1.1312440633773804,,
77,27455,,,,0.5640000104904175,1.3414195775985718
77,27455,0.6348999738693237,0.5554222464561462,,,
78,27499,,,1.0927876234054565,,
78,27549,,,1.215332269668579,,
78,27599,,,1.2372976541519165,,
78,27649,,,1.2417370080947876,,
78,27699,,,1.0727404356002808,,
78,27749,,,1.187652587890625,,
78,27799,,,1.1016840934753418,,
78,27807,,,,0.5637999773025513,1.3694406747817993
78,27807,0.6237999796867371,0.5617777705192566,,,
79,27849,,,0.8879858255386353,,
79,27899,,,0.8280808329582214,,
79,27949,,,0.9674942493438721,,
79,27999,,,0.9268868565559387,,
79,28049,,,1.052221655845642,,
79,28099,,,1.1077895164489746,,
79,28149,,,0.994515061378479,,
79,28159,,,,0.5400000214576721,1.498853087425232
79,28159,0.5849000215530396,0.5653777718544006,,,
80,28199,,,0.9579759836196899,,
80,28249,,,1.0545587539672852,,
80,28299,,,0.9430250525474548,,
80,28349,,,0.8984944224357605,,
80,28399,,,0.9205672144889832,,
80,28449,,,0.7761816382408142,,
80,28499,,,1.031943678855896,,
80,28511,,,,0.5432000160217285,1.4885742664337158
80,28511,0.6080999970436096,0.5706666707992554,,,
81,28549,,,0.93645840883255,,
81,28599,,,1.3690634965896606,,
81,28649,,,0.9234195947647095,,
81,28699,,,0.6240310072898865,,
81,28749,,,0.613268256187439,,
81,28799,,,0.7436217665672302,,
81,28849,,,0.6488125324249268,,
81,28863,,,,0.5740000009536743,1.4789036512374878
81,28863,0.6406000256538391,0.5730000138282776,,,
82,28899,,,0.5257214903831482,,
82,28949,,,0.30931180715560913,,
82,28999,,,0.18062418699264526,,
82,29049,,,0.39357030391693115,,
82,29099,,,0.5885747671127319,,
82,29149,,,0.6432718634605408,,
82,29199,,,0.36717331409454346,,
82,29215,,,,0.6055999994277954,1.4940106868743896
82,29215,0.6735000014305115,0.5784666538238525,,,
83,29249,,,0.10359272360801697,,
83,29299,,,0.11444428563117981,,
83,29349,,,-0.01221415400505066,,
83,29399,,,0.3960772454738617,,
83,29449,,,0.1259976029396057,,
83,29499,,,0.2058105170726776,,
83,29549,,,0.08721399307250977,,
83,29567,,,,0.5916000008583069,1.5204702615737915
83,29567,0.6603000164031982,0.5828889012336731,,,
84,29599,,,0.18168282508850098,,
84,29649,,,-0.30839383602142334,,
84,29699,,,-0.11503443121910095,,
84,29749,,,-0.018211044371128082,,
84,29799,,,-0.036249369382858276,,
84,29849,,,-0.12031915783882141,,
84,29899,,,0.379909873008728,,
84,29919,,,,0.6007999777793884,1.535003662109375
84,29919,0.6764000058174133,0.5844888687133789,,,
85,29949,,,-0.50666743516922,,
85,29999,,,-0.24996280670166016,,
85,30049,,,-0.21910828351974487,,
85,30099,,,-0.22600510716438293,,
85,30149,,,-0.2813219428062439,,
85,30199,,,-0.11027151346206665,,
85,30249,,,-0.23238176107406616,,
85,30271,,,,0.5360000133514404,1.8658796548843384
85,30271,0.5932999849319458,0.586733341217041,,,
86,30299,,,-0.19059890508651733,,
86,30349,,,-0.30781129002571106,,
86,30399,,,-0.5998023748397827,,
86,30449,,,-0.6835647821426392,,
86,30499,,,-0.5667585134506226,,
86,30549,,,-0.7172478437423706,,
86,30599,,,-0.8213706016540527,,
86,30623,,,,0.5587999820709229,1.995928168296814
86,30623,0.6219000220298767,0.5915111303329468,,,
87,30649,,,-0.4294901490211487,,
87,30699,,,-0.9270159602165222,,
87,30749,,,-0.8357568383216858,,
87,30799,,,-0.48106807470321655,,
87,30849,,,-0.6045025587081909,,
87,30899,,,-0.8122987747192383,,
87,30949,,,-1.063677191734314,,
87,30975,,,,0.5946000218391418,1.824661374092102
87,30975,0.6636000275611877,0.5903333425521851,,,
88,30999,,,-0.958963930606842,,
88,31049,,,-0.09147012233734131,,
88,31099,,,-1.0962063074111938,,
88,31149,,,-0.7027004957199097,,
88,31199,,,-0.6852131485939026,,
88,31249,,,-0.7636784315109253,,
88,31299,,,-1.2663745880126953,,
88,31327,,,,0.5813999772071838,1.8149261474609375
88,31327,0.6312999725341797,0.5934666395187378,,,
89,31349,,,-1.198049545288086,,
89,31399,,,-1.0030858516693115,,
89,31449,,,-1.456493854522705,,
89,31499,,,-1.2735172510147095,,
89,31549,,,-0.9152132272720337,,
89,31599,,,-1.2193713188171387,,
89,31649,,,-1.0733340978622437,,
89,31679,,,,0.5228000283241272,2.3190252780914307
89,31679,0.5921000242233276,0.5985777974128723,,,
90,31699,,,-1.416063666343689,,
90,31749,,,-0.6707284450531006,,
90,31799,,,-1.5623581409454346,,
90,31849,,,-1.606233835220337,,
90,31899,,,-0.9211809635162354,,
90,31949,,,-1.4911456108093262,,
90,31999,,,-2.028846502304077,,
90,32031,,,,0.6097999811172485,1.9765875339508057
90,32031,0.6902999877929688,0.5985333323478699,,,
91,32049,,,-1.6348013877868652,,
91,32099,,,-1.6535546779632568,,
91,32149,,,-2.427600860595703,,
91,32199,,,-2.1817626953125,,
91,32249,,,-1.8433374166488647,,
91,32299,,,-1.3446286916732788,,
91,32349,,,-1.644240140914917,,
91,32383,,,,0.6155999898910522,1.9510931968688965
91,32383,0.6930999755859375,0.5995333194732666,,,
92,32399,,,-1.2523884773254395,,
92,32449,,,-1.7943103313446045,,
92,32499,,,-1.9046722650527954,,
92,32549,,,-1.6956896781921387,,
92,32599,,,-1.8388023376464844,,
92,32649,,,-2.635272264480591,,
92,32699,,,-2.086874008178711,,
92,32735,,,,0.5934000015258789,2.1565442085266113
92,32735,0.6545000076293945,0.6025999784469604,,,
93,32749,,,-1.6630449295043945,,
93,32799,,,-2.5635974407196045,,
93,32849,,,-1.9150707721710205,,
93,32899,,,-2.468038320541382,,
93,32949,,,-1.9094278812408447,,
93,32999,,,-2.322784185409546,,
93,33049,,,-2.0933361053466797,,
93,33087,,,,0.5982000231742859,2.1872990131378174
93,33087,0.6740999817848206,0.6018221974372864,,,
94,33099,,,-2.987504482269287,,
94,33149,,,-2.0452115535736084,,
94,33199,,,-2.0092811584472656,,
94,33249,,,-2.0359225273132324,,
94,33299,,,-2.5378036499023438,,
94,33349,,,-2.19868540763855,,
94,33399,,,-2.407198429107666,,
94,33439,,,,0.5856000185012817,2.3377490043640137
94,33439,0.6549999713897705,0.6060444712638855,,,
95,33449,,,-3.0949034690856934,,
95,33499,,,-2.6900134086608887,,
95,33549,,,-3.3222804069519043,,
95,33599,,,-3.0314550399780273,,
95,33649,,,-2.649807929992676,,
95,33699,,,-1.6014907360076904,,
95,33749,,,-2.595207929611206,,
95,33791,,,,0.5824000239372253,2.3544552326202393
95,33791,0.6589000225067139,0.6054444313049316,,,
96,33799,,,-3.4377071857452393,,
96,33849,,,-3.3619704246520996,,
96,33899,,,-3.1604506969451904,,
96,33949,,,-3.8329086303710938,,
96,33999,,,-2.6487786769866943,,
96,34049,,,-3.1447689533233643,,
96,34099,,,-3.6302614212036133,,
96,34143,,,,0.6191999912261963,2.2265918254852295
96,34143,0.6873999834060669,0.6065999865531921,,,
97,34149,,,-3.452991247177124,,
97,34199,,,-3.7226600646972656,,
97,34249,,,-3.357985019683838,,
97,34299,,,-3.787635087966919,,
97,34349,,,-3.4939422607421875,,
97,34399,,,-2.8034584522247314,,
97,34449,,,-3.6200735569000244,,
97,34495,,,,0.5932000279426575,2.5557665824890137
97,34495,0.6761000156402588,0.6133777499198914,,,
98,34499,,,-3.211602210998535,,
98,34549,,,-3.7898025512695312,,
98,34599,,,-3.366943597793579,,
98,34649,,,-3.5906972885131836,,
98,34699,,,-3.9345343112945557,,
98,34749,,,-4.131891250610352,,
98,34799,,,-4.186028957366943,,
98,34847,,,,0.5857999920845032,2.736605167388916
98,34847,0.6579999923706055,0.6105999946594238,,,
99,34849,,,-4.325888633728027,,
99,34899,,,-4.838713645935059,,
99,34949,,,-4.115966320037842,,
99,34999,,,-4.740849018096924,,
99,35049,,,-4.210387706756592,,
99,35099,,,-3.2185587882995605,,
99,35149,,,-4.468812942504883,,
99,35199,,,-4.265324592590332,,
99,35199,,,,0.6179999709129333,2.3622145652770996
99,35199,0.6974999904632568,0.6106888651847839,,,
100,35249,,,-3.76843523979187,,
100,35299,,,-4.678820610046387,,
100,35349,,,-4.130133152008057,,
100,35399,,,-4.665497303009033,,
100,35449,,,-4.069482803344727,,
100,35499,,,-3.911008834838867,,
100,35549,,,-4.116912841796875,,
100,35551,,,,0.6223999857902527,2.476609468460083
100,35551,0.6866999864578247,0.613777756690979,,,
101,35599,,,-5.2883734703063965,,
101,35649,,,-4.394876003265381,,
101,35699,,,-5.109033107757568,,
101,35749,,,-4.185428619384766,,
101,35799,,,-4.709107398986816,,
101,35849,,,-4.94642448425293,,
101,35899,,,-4.548006534576416,,
101,35903,,,,0.6388000249862671,2.395120859146118
101,35903,0.713699996471405,0.616777777671814,,,
102,35949,,,-4.986250400543213,,
102,35999,,,-5.180232048034668,,
102,36049,,,-4.412727355957031,,
102,36099,,,-5.347132682800293,,
102,36149,,,-4.931390285491943,,
102,36199,,,-4.636100769042969,,
102,36249,,,-4.671519756317139,,
102,36255,,,,0.6021999716758728,2.77097225189209
102,36255,0.6658999919891357,0.6140221953392029,,,
103,36299,,,-4.892776966094971,,
103,36349,,,-5.603384017944336,,
103,36399,,,-5.055151462554932,,
103,36449,,,-4.68929386138916,,
103,36499,,,-5.270988941192627,,
103,36549,,,-5.669808864593506,,
103,36599,,,-4.869524955749512,,
103,36607,,,,0.6263999938964844,2.6069719791412354
103,36607,0.6912000179290771,0.6151555776596069,,,
104,36649,,,-4.993373870849609,,
104,36699,,,-5.695246696472168,,
104,36749,,,-5.755495071411133,,
104,36799,,,-5.629793167114258,,
104,36849,,,-5.600029945373535,,
104,36899,,,-6.0011887550354,,
104,36949,,,-5.730801582336426,,
104,36959,,,,0.6007999777793884,2.830695867538452
104,36959,0.6888999938964844,0.6158888936042786,,,
105,36999,,,-5.592734336853027,,
105,37049,,,-6.365883827209473,,
105,37099,,,-5.670711994171143,,
105,37149,,,-5.979682922363281,,
105,37199,,,-5.894349575042725,,
105,37249,,,-5.472440719604492,,
105,37299,,,-5.930776119232178,,
105,37311,,,,0.6110000014305115,2.845677137374878
105,37311,0.6879000067710876,0.61891108751297,,,
106,37349,,,-5.904517650604248,,
106,37399,,,-6.041131019592285,,
106,37449,,,-5.602757453918457,,
106,37499,,,-5.8130388259887695,,
106,37549,,,-6.235098361968994,,
106,37599,,,-5.910436153411865,,
106,37649,,,-5.266860008239746,,
106,37663,,,,0.6255999803543091,2.737591505050659
106,37663,0.6880000233650208,0.6189333200454712,,,
107,37699,,,-5.566855430603027,,
107,37749,,,-5.945712566375732,,
107,37799,,,-5.564411163330078,,
107,37849,,,-6.645364284515381,,
107,37899,,,-5.647717475891113,,
107,37949,,,-5.308337211608887,,
107,37999,,,-5.153216361999512,,
107,38015,,,,0.5857999920845032,3.0103020668029785
107,38015,0.6452000141143799,0.6171555519104004,,,
108,38049,,,-5.76933479309082,,
108,38099,,,-5.844429016113281,,
108,38149,,,-5.174941539764404,,
108,38199,,,-5.411273002624512,,
108,38249,,,-5.2410502433776855,,
108,38299,,,-5.211942195892334,,
108,38349,,,-5.420710563659668,,
108,38367,,,,0.599399983882904,2.826754093170166
108,38367,0.6747999787330627,0.6219333410263062,,,
109,38399,,,-6.5134148597717285,,
109,38449,,,-5.652531623840332,,
109,38499,,,-5.417614936828613,,
109,38549,,,-5.700138092041016,,
109,38599,,,-5.799946308135986,,
109,38649,,,-5.705376625061035,,
109,38699,,,-5.713467597961426,,
109,38719,,,,0.628000020980835,2.8144874572753906
109,38719,0.7099999785423279,0.6200888752937317,,,
110,38749,,,-5.967289924621582,,
110,38799,,,-6.249735355377197,,
110,38849,,,-5.633384704589844,,
110,38899,,,-6.4378662109375,,
110,38949,,,-6.18068265914917,,
110,38999,,,-5.713651657104492,,
110,39049,,,-5.159435272216797,,
110,39071,,,,0.5965999960899353,2.9884493350982666
110,39071,0.6650999784469604,0.6207777857780457,,,
111,39099,,,-6.550382614135742,,
111,39149,,,-4.834602355957031,,
111,39199,,,-5.966426849365234,,
111,39249,,,-5.618648529052734,,
111,39299,,,-6.228153228759766,,
111,39349,,,-5.933088302612305,,
111,39399,,,-5.005232810974121,,
111,39423,,,,0.6424000263214111,2.6954567432403564
111,39423,0.7128000259399414,0.6215555667877197,,,
112,39449,,,-6.218484878540039,,
112,39499,,,-6.480353832244873,,
112,39549,,,-6.00440788269043,,
112,39599,,,-5.930179119110107,,
112,39649,,,-5.84701681137085,,
112,39699,,,-6.682831287384033,,
112,39749,,,-6.413053512573242,,
112,39775,,,,0.6442000269889832,2.5816211700439453
112,39775,0.7168999910354614,0.6245999932289124,,,
113,39799,,,-6.362768650054932,,
113,39849,,,-5.954057693481445,,
113,39899,,,-5.7981438636779785,,
113,39949,,,-6.045597076416016,,
113,39999,,,-5.032696723937988,,
113,40049,,,-5.600273132324219,,
113,40099,,,-6.250426292419434,,
113,40127,,,,0.6244000196456909,2.8424432277679443
113,40127,0.7002000212669373,0.6252444386482239,,,
114,40149,,,-6.466094970703125,,
114,40199,,,-5.0893778800964355,,
114,40249,,,-5.43205451965332,,
114,40299,,,-5.737236499786377,,
114,40349,,,-5.959944248199463,,
114,40399,,,-4.690861225128174,,
114,40449,,,-5.828553199768066,,
114,40479,,,,0.6092000007629395,2.82564115524292
114,40479,0.6899999976158142,0.6224666833877563,,,
115,40499,,,-6.434783458709717,,
115,40549,,,-6.059473991394043,,
115,40599,,,-5.7577104568481445,,
115,40649,,,-6.159577369689941,,
115,40699,,,-5.234288692474365,,
115,40749,,,-6.146838665008545,,
115,40799,,,-5.791842460632324,,
115,40831,,,,0.6126000285148621,2.7740895748138428
115,40831,0.6826000213623047,0.6195555329322815,,,
116,40849,,,-6.684492588043213,,
116,40899,,,-5.683413028717041,,
116,40949,,,-5.426314830780029,,
116,40999,,,-6.459047794342041,,
116,41049,,,-5.552482604980469,,
116,41099,,,-5.904691696166992,,
116,41149,,,-6.363016128540039,,
116,41183,,,,0.6262000203132629,2.705976963043213
116,41183,0.6972000002861023,0.6236444711685181,,,
117,41199,,,-5.830201625823975,,
117,41249,,,-5.944721698760986,,
117,41299,,,-6.513113021850586,,
117,41349,,,-6.023331165313721,,
117,41399,,,-6.5292840003967285,,
117,41449,,,-5.474664211273193,,
117,41499,,,-6.004533767700195,,
117,41535,,,,0.6169999837875366,2.833895206451416
117,41535,0.6780999898910522,0.6235777735710144,,,
118,41549,,,-5.4868950843811035,,
118,41599,,,-5.604571342468262,,
118,41649,,,-5.037382125854492,,
118,41699,,,-5.902164459228516,,
118,41749,,,-6.27783727645874,,
118,41799,,,-5.745046138763428,,
118,41849,,,-6.034407615661621,,
118,41887,,,,0.621399998664856,2.6889286041259766
118,41887,0.6953999996185303,0.6268666386604309,,,
119,41899,,,-5.960414409637451,,
119,41949,,,-6.332150936126709,,
119,41999,,,-5.5382585525512695,,
119,42049,,,-5.677122116088867,,
119,42099,,,-4.980726718902588,,
119,42149,,,-5.3813676834106445,,
119,42199,,,-5.5383172035217285,,
119,42239,,,,0.6087999939918518,2.9190473556518555
119,42239,0.6766999959945679,0.6244221925735474,,,
120,42249,,,-5.820730209350586,,
120,42299,,,-6.164772987365723,,
120,42349,,,-4.963429927825928,,
120,42399,,,-5.602487564086914,,
120,42449,,,-5.4237542152404785,,
120,42499,,,-5.30880069732666,,
120,42549,,,-5.522185802459717,,
120,42591,,,,0.6137999892234802,2.8996005058288574
120,42591,0.6776999831199646,0.6237999796867371,,,
121,42599,,,-4.578813552856445,,
121,42649,,,-5.125635623931885,,
121,42699,,,-6.487534999847412,,
121,42749,,,-6.555944919586182,,
121,42799,,,-5.33607816696167,,
121,42849,,,-5.9020891189575195,,
121,42899,,,-5.987388610839844,,
121,42943,,,,0.6064000129699707,3.074312210083008
121,42943,0.6664999723434448,0.6269333362579346,,,
122,42949,,,-5.984877586364746,,
122,42999,,,-5.966002941131592,,
122,43049,,,-5.829628944396973,,
122,43099,,,-5.9414167404174805,,
122,43149,,,-5.43956995010376,,
122,43199,,,-6.1969380378723145,,
122,43249,,,-5.740742206573486,,
122,43295,,,,0.6338000297546387,2.6296164989471436
122,43295,0.713100016117096,0.6285111308097839,,,
123,43299,,,-6.630135536193848,,
123,43349,,,-5.659429550170898,,
123,43399,,,-6.313554763793945,,
123,43449,,,-5.200791358947754,,
123,43499,,,-5.673444747924805,,
123,43549,,,-5.760357856750488,,
123,43599,,,-6.2402729988098145,,
123,43647,,,,0.6047999858856201,2.836210250854492
123,43647,0.6717000007629395,0.6238666772842407,,,
124,43649,,,-6.30589485168457,,
124,43699,,,-5.314791202545166,,
124,43749,,,-5.585390567779541,,
124,43799,,,-5.68820333480835,,
124,43849,,,-5.344058036804199,,
124,43899,,,-5.446146488189697,,
124,43949,,,-5.922521591186523,,
124,43999,,,-5.255611419677734,,
124,43999,,,,0.6155999898910522,2.9065396785736084
124,43999,0.6884999871253967,0.6220444440841675,,,
125,44049,,,-5.607143878936768,,
125,44099,,,-6.499631404876709,,
125,44149,,,-6.706348896026611,,
125,44199,,,-5.796736717224121,,
125,44249,,,-6.763383865356445,,
125,44299,,,-6.606383800506592,,
125,44349,,,-6.558954238891602,,
125,44351,,,,0.6869999766349792,2.361110210418701
125,44351,0.7817000150680542,0.6698222160339355,,,
126,44399,,,-7.043704032897949,,
126,44449,,,-6.650026798248291,,
126,44499,,,-6.307052135467529,,
126,44549,,,-6.231710910797119,,
126,44599,,,-7.213326454162598,,
126,44649,,,-6.515132904052734,,
126,44699,,,-6.086219787597656,,
126,44703,,,,0.6955999732017517,2.342130184173584
126,44703,0.7875000238418579,0.6823555827140808,,,
127,44749,,,-6.366149425506592,,
127,44799,,,-6.095701217651367,,
127,44849,,,-6.155633926391602,,
127,44899,,,-5.809425354003906,,
127,44949,,,-6.6120100021362305,,
127,44999,,,-6.114100456237793,,
127,45049,,,-7.111699104309082,,
127,45055,,,,0.699400007724762,2.3758063316345215
127,45055,0.7937999963760376,0.6897777915000916,,,
128,45099,,,-6.2418341636657715,,
128,45149,,,-6.072752952575684,,
128,45199,,,-6.901153087615967,,
128,45249,,,-6.244603157043457,,
128,45299,,,-4.896108627319336,,
128,45349,,,-6.713716983795166,,
128,45399,,,-6.184551239013672,,
128,45407,,,,0.6995999813079834,2.349395751953125
128,45407,0.794700026512146,0.6931333541870117,,,
129,45449,,,-6.69903564453125,,
129,45499,,,-5.66476583480835,,
129,45549,,,-6.991148471832275,,
129,45599,,,-6.380062580108643,,
129,45649,,,-6.00668478012085,,
129,45699,,,-6.95697021484375,,
129,45749,,,-6.168614864349365,,
129,45759,,,,0.7009999752044678,2.3205552101135254
129,45759,0.791100025177002,0.6941555738449097,,,
130,45799,,,-7.15308952331543,,
130,45849,,,-6.047976970672607,,
130,45899,,,-6.873119831085205,,
130,45949,,,-5.860504150390625,,
130,45999,,,-7.183542251586914,,
130,46049,,,-6.531296730041504,,
130,46099,,,-6.2669548988342285,,
130,46111,,,,0.7016000151634216,2.359825849533081
130,46111,0.7939000129699707,0.6957555413246155,,,
131,46149,,,-6.074516296386719,,
131,46199,,,-6.180122375488281,,
131,46249,,,-6.733688831329346,,
131,46299,,,-6.834427833557129,,
131,46349,,,-6.5388360023498535,,
131,46399,,,-5.842666149139404,,
131,46449,,,-7.033351421356201,,
131,46463,,,,0.699400007724762,2.3790414333343506
131,46463,0.796500027179718,0.6993333101272583,,,
132,46499,,,-6.771283149719238,,
132,46549,,,-7.652805805206299,,
132,46599,,,-6.175563812255859,,
132,46649,,,-7.016005039215088,,
132,46699,,,-6.143463611602783,,
132,46749,,,-6.521237850189209,,
132,46799,,,-5.657933235168457,,
132,46815,,,,0.7027999758720398,2.32916522026062
132,46815,0.7936000227928162,0.6996889114379883,,,
133,46849,,,-6.419122695922852,,
133,46899,,,-6.458099842071533,,
133,46949,,,-6.320648670196533,,
133,46999,,,-6.805663585662842,,
133,47049,,,-5.931793689727783,,
133,47099,,,-6.510843753814697,,
133,47149,,,-6.50008487701416,,
133,47167,,,,0.7045999765396118,2.3653721809387207
133,47167,0.7921000123023987,0.7012666463851929,,,
134,47199,,,-6.554495811462402,,
134,47249,,,-6.44842004776001,,
134,47299,,,-6.548550128936768,,
134,47349,,,-5.996435642242432,,
134,47399,,,-6.492468357086182,,
134,47449,,,-7.174237251281738,,
134,47499,,,-7.104142665863037,,
134,47519,,,,0.7049999833106995,2.3793771266937256
134,47519,0.7998999953269958,0.7014666795730591,,,
135,47549,,,-5.479701042175293,,
135,47599,,,-6.752182960510254,,
135,47649,,,-5.734526634216309,,
135,47699,,,-7.644547939300537,,
135,47749,,,-7.264368057250977,,
135,47799,,,-6.601853370666504,,
135,47849,,,-6.406619071960449,,
135,47871,,,,0.7081999778747559,2.3317606449127197
135,47871,0.8023999929428101,0.7014444470405579,,,
136,47899,,,-6.7833428382873535,,
136,47949,,,-6.263863563537598,,
136,47999,,,-6.600813865661621,,
136,48049,,,-7.344099044799805,,
136,48099,,,-6.539178371429443,,
136,48149,,,-6.551273345947266,,
136,48199,,,-6.647588729858398,,
136,48223,,,,0.7049999833106995,2.368846893310547
136,48223,0.7980999946594238,0.7020444273948669,,,
137,48249,,,-6.817510604858398,,
137,48299,,,-6.784057140350342,,
137,48349,,,-6.894373416900635,,
137,48399,,,-6.905585289001465,,
137,48449,,,-6.422152519226074,,
137,48499,,,-6.3943071365356445,,
137,48549,,,-6.79495906829834,,
137,48575,,,,0.703000009059906,2.383673906326294
137,48575,0.7900000214576721,0.7029555439949036,,,
138,48599,,,-6.603340148925781,,
138,48649,,,-7.242084980010986,,
138,48699,,,-5.988744735717773,,
138,48749,,,-6.387233734130859,,
138,48799,,,-6.159335136413574,,
138,48849,,,-5.870724201202393,,
138,48899,,,-7.62738037109375,,
138,48927,,,,0.7056000232696533,2.3981175422668457
138,48927,0.7958999872207642,0.7052444219589233,,,
139,48949,,,-5.695066928863525,,
139,48999,,,-6.141712188720703,,
139,49049,,,-6.15808629989624,,
139,49099,,,-7.024169445037842,,
139,49149,,,-6.684150695800781,,
139,49199,,,-5.932398796081543,,
139,49249,,,-6.319825172424316,,
139,49279,,,,0.7059999704360962,2.3612663745880127
139,49279,0.7936000227928162,0.7064444422721863,,,
140,49299,,,-6.597181797027588,,
140,49349,,,-6.367654323577881,,
140,49399,,,-6.897793769836426,,
140,49449,,,-7.020127296447754,,
140,49499,,,-6.5828657150268555,,
140,49549,,,-6.574566841125488,,
140,49599,,,-6.6958112716674805,,
140,49631,,,,0.7052000164985657,2.349663734436035
140,49631,0.7894999980926514,0.7060666680335999,,,
141,49649,,,-7.015814781188965,,
141,49699,,,-6.585018157958984,,
141,49749,,,-6.709072113037109,,
141,49799,,,-6.924005031585693,,
141,49849,,,-6.984192848205566,,
141,49899,,,-6.375831127166748,,
141,49949,,,-7.392621994018555,,
141,49983,,,,0.703000009059906,2.357248544692993
141,49983,0.7874000072479248,0.7059110999107361,,,
142,49999,,,-7.073905944824219,,
142,50049,,,-6.666869163513184,,
142,50099,,,-6.173059463500977,,
142,50149,,,-6.296256065368652,,
142,50199,,,-6.685749053955078,,
142,50249,,,-7.125914573669434,,
142,50299,,,-6.942191123962402,,
142,50335,,,,0.7024000287055969,2.421666383743286
142,50335,0.7939000129699707,0.7065111398696899,,,
143,50349,,,-6.811912536621094,,
143,50399,,,-6.939047813415527,,
143,50449,,,-6.297770977020264,,
143,50499,,,-7.013059616088867,,
143,50549,,,-7.0409016609191895,,
143,50599,,,-7.107410430908203,,
143,50649,,,-5.916566371917725,,
143,50687,,,,0.7027999758720398,2.393375873565674
143,50687,0.7975000143051147,0.7054444551467896,,,
144,50699,,,-7.264014720916748,,
144,50749,,,-6.377511978149414,,
144,50799,,,-6.946373462677002,,
144,50849,,,-6.169045925140381,,
144,50899,,,-5.825480937957764,,
144,50949,,,-6.986907005310059,,
144,50999,,,-6.101339817047119,,
144,51039,,,,0.7045999765396118,2.407731533050537
144,51039,0.7925000190734863,0.7041110992431641,,,
145,51049,,,-7.067587375640869,,
145,51099,,,-7.638302803039551,,
145,51149,,,-6.822021484375,,
145,51199,,,-5.815202236175537,,
145,51249,,,-6.3499755859375,,
145,51299,,,-6.478650093078613,,
145,51349,,,-6.314023017883301,,
145,51391,,,,0.7059999704360962,2.4571595191955566
145,51391,0.7929999828338623,0.7058888673782349,,,
146,51399,,,-6.51658821105957,,
146,51449,,,-7.334277153015137,,
146,51499,,,-7.120038032531738,,
146,51549,,,-6.624157905578613,,
146,51599,,,-6.108310222625732,,
146,51649,,,-7.0346221923828125,,
146,51699,,,-7.174513816833496,,
146,51743,,,,0.7093999981880188,2.4136297702789307
146,51743,0.7940999865531921,0.7063778042793274,,,
147,51749,,,-7.318044662475586,,
147,51799,,,-5.942986965179443,,
147,51849,,,-7.077023983001709,,
147,51899,,,-6.811415672302246,,
147,51949,,,-6.9577460289001465,,
147,51999,,,-6.685739040374756,,
147,52049,,,-7.131522178649902,,
147,52095,,,,0.6984000205993652,2.4504101276397705
147,52095,0.7943999767303467,0.7055333256721497,,,
148,52099,,,-6.139718055725098,,
148,52149,,,-5.824289321899414,,
148,52199,,,-6.454520225524902,,
148,52249,,,-6.165149211883545,,
148,52299,,,-6.986021041870117,,
148,52349,,,-7.106555461883545,,
148,52399,,,-5.839321136474609,,
148,52447,,,,0.7017999887466431,2.419135093688965
148,52447,0.7853999733924866,0.7102888822555542,,,
149,52449,,,-6.14437198638916,,
149,52499,,,-6.561322212219238,,
149,52549,,,-6.480391502380371,,
149,52599,,,-7.579967498779297,,
149,52649,,,-6.470318794250488,,
149,52699,,,-7.048326015472412,,
149,52749,,,-6.30951452255249,,
149,52799,,,-6.477400779724121,,
149,52799,,,,0.7071999907493591,2.3267204761505127
149,52799,0.7968000173568726,0.707622230052948,,,
150,52849,,,-5.914778709411621,,
150,52899,,,-7.085779190063477,,
150,52949,,,-7.4939727783203125,,
150,52999,,,-6.115358829498291,,
150,53049,,,-6.667802333831787,,
150,53099,,,-6.633488655090332,,
150,53149,,,-6.787959098815918,,
150,53151,,,,0.7049999833106995,2.411395788192749
150,53151,0.7890999913215637,0.7084888815879822,,,
151,53199,,,-6.9831976890563965,,
151,53249,,,-7.282237529754639,,
151,53299,,,-6.674439907073975,,
151,53349,,,-6.4002227783203125,,
151,53399,,,-6.8376617431640625,,
151,53449,,,-6.649658203125,,
151,53499,,,-6.596974849700928,,
151,53503,,,,0.7062000036239624,2.3996174335479736
151,53503,0.7946000099182129,0.7065777778625488,,,
152,53549,,,-6.5548505783081055,,
152,53599,,,-6.669715881347656,,
152,53649,,,-5.912001609802246,,
152,53699,,,-5.988093376159668,,
152,53749,,,-6.867178916931152,,
152,53799,,,-6.583277702331543,,
152,53849,,,-6.502796649932861,,
152,53855,,,,0.7026000022888184,2.476226806640625
152,53855,0.7854999899864197,0.7083777785301208,,,
153,53899,,,-6.613103866577148,,
153,53949,,,-6.043587684631348,,
153,53999,,,-6.880539894104004,,
153,54049,,,-6.57365608215332,,
153,54099,,,-6.418115615844727,,
153,54149,,,-6.740456581115723,,
153,54199,,,-6.368876934051514,,
153,54207,,,,0.698199987411499,2.4803683757781982
153,54207,0.7813000082969666,0.706333339214325,,,
154,54249,,,-6.77985954284668,,
154,54299,,,-5.78361701965332,,
154,54349,,,-6.213624954223633,,
154,54399,,,-7.155767917633057,,
154,54449,,,-6.052595138549805,,
154,54499,,,-7.478221893310547,,
154,54549,,,-7.238268852233887,,
154,54559,,,,0.7026000022888184,2.4464709758758545
154,54559,0.7942000031471252,0.7069555521011353,,,
155,54599,,,-6.752717971801758,,
155,54649,,,-7.019792079925537,,
155,54699,,,-6.5738372802734375,,
155,54749,,,-7.350115776062012,,
155,54799,,,-6.786566257476807,,
155,54849,,,-6.656585693359375,,
155,54899,,,-6.7059783935546875,,
155,54911,,,,0.6977999806404114,2.4021530151367188
155,54911,0.7910000085830688,0.7055555582046509,,,
156,54949,,,-6.3328633308410645,,
156,54999,,,-6.446442127227783,,
156,55049,,,-6.437904357910156,,
156,55099,,,-6.471947193145752,,
156,55149,,,-6.852778434753418,,
156,55199,,,-7.117715358734131,,
156,55249,,,-5.534744739532471,,
156,55263,,,,0.7024000287055969,2.46224045753479
156,55263,0.7886999845504761,0.7075777649879456,,,
157,55299,,,-5.995462417602539,,
157,55349,,,-6.697630882263184,,
157,55399,,,-7.662031173706055,,
157,55449,,,-6.51751708984375,,
157,55499,,,-6.413135528564453,,
157,55549,,,-7.340294361114502,,
157,55599,,,-6.3723649978637695,,
157,55615,,,,0.7017999887466431,2.4330530166625977
157,55615,0.796500027179718,0.7088222503662109,,,
158,55649,,,-5.859751224517822,,
158,55699,,,-6.918993949890137,,
158,55749,,,-6.646523475646973,,
158,55799,,,-6.626253128051758,,
158,55849,,,-6.5795159339904785,,
158,55899,,,-6.9164509773254395,,
158,55949,,,-7.487790107727051,,
158,55967,,,,0.7009999752044678,2.415663003921509
158,55967,0.79339998960495,0.7091777920722961,,,
159,55999,,,-7.1370086669921875,,
159,56049,,,-6.396215915679932,,
159,56099,,,-7.134861946105957,,
159,56149,,,-6.494622707366943,,
159,56199,,,-6.609398365020752,,
159,56249,,,-6.683088302612305,,
159,56299,,,-6.812012672424316,,
159,56319,,,,0.7038000226020813,2.470940351486206
159,56319,0.7937999963760376,0.7086222171783447,,,
160,56349,,,-7.370121002197266,,
160,56399,,,-6.674771308898926,,
160,56449,,,-6.3869147300720215,,
160,56499,,,-6.8634185791015625,,
160,56549,,,-6.811304092407227,,
160,56599,,,-6.198387145996094,,
160,56649,,,-6.674379348754883,,
160,56671,,,,0.6998000144958496,2.3982555866241455
160,56671,0.7893999814987183,0.7087777853012085,,,
161,56699,,,-6.257309436798096,,
161,56749,,,-6.847274303436279,,
161,56799,,,-7.049073219299316,,
161,56849,,,-6.1766157150268555,,
161,56899,,,-6.904499053955078,,
161,56949,,,-6.485812187194824,,
161,56999,,,-6.349825382232666,,
161,57023,,,,0.7006000280380249,2.4406635761260986
161,57023,0.7885000109672546,0.7078222036361694,,,
162,57049,,,-6.871051788330078,,
162,57099,,,-6.789528846740723,,
162,57149,,,-6.802653789520264,,
162,57199,,,-6.507706642150879,,
162,57249,,,-6.286065101623535,,
162,57299,,,-6.353742599487305,,
162,57349,,,-6.412492275238037,,
162,57375,,,,0.7026000022888184,2.46362042427063
162,57375,0.7804999947547913,0.7103111147880554,,,
163,57399,,,-6.031800270080566,,
163,57449,,,-6.646877288818359,,
163,57499,,,-6.403096675872803,,
163,57549,,,-6.39324951171875,,
163,57599,,,-5.495094299316406,,
163,57649,,,-6.777032375335693,,
163,57699,,,-6.362549781799316,,
163,57727,,,,0.6995999813079834,2.4696428775787354
163,57727,0.7906000018119812,0.7067555785179138,,,
164,57749,,,-7.009382247924805,,
164,57799,,,-6.938035011291504,,
164,57849,,,-6.734768390655518,,
164,57899,,,-7.369172096252441,,
164,57949,,,-7.031734466552734,,
164,57999,,,-6.504657745361328,,
164,58049,,,-7.41067361831665,,
164,58079,,,,0.7017999887466431,2.4150164127349854
164,58079,0.7940000295639038,0.7066888809204102,,,
