epoch,train_loss,step,train_acc,test_acc
0,3.7302215099334717,49,,
0,3.6965394020080566,99,,
0,3.072035312652588,149,,
0,2.986818790435791,199,,
0,2.9881584644317627,249,,
0,3.1808035373687744,299,,
0,2.807706117630005,349,,
0,,389,0.3640424609184265,0.5296000242233276
1,2.7125773429870605,399,,
1,3.0380656719207764,449,,
1,3.0051615238189697,499,,
1,2.6756227016448975,549,,
1,2.754467010498047,599,,
1,2.6301586627960205,649,,
1,2.3085293769836426,699,,
1,2.5776138305664062,749,,
1,,779,0.5042968988418579,0.6615999937057495
2,2.7177846431732178,799,,
2,2.5787436962127686,849,,
2,2.168285369873047,899,,
2,2.1849703788757324,949,,
2,2.4773433208465576,999,,
2,2.2395758628845215,1049,,
2,2.3938827514648438,1099,,
2,2.426567792892456,1149,,
2,,1169,0.5742387771606445,0.7389000058174133
3,2.3047425746917725,1199,,
3,2.12945818901062,1249,,
3,2.204908609390259,1299,,
3,2.385730504989624,1349,,
3,2.6080613136291504,1399,,
3,2.497490406036377,1449,,
3,2.488797664642334,1499,,
3,2.3203234672546387,1549,,
3,,1559,0.6148838400840759,0.7289000153541565
4,1.9514281749725342,1599,,
4,1.9467867612838745,1649,,
4,2.1087892055511475,1699,,
4,1.9612385034561157,1749,,
4,2.0529935359954834,1799,,
4,2.1128158569335938,1849,,
4,2.1706080436706543,1899,,
4,2.4032459259033203,1949,,
4,,1949,0.6387619972229004,0.7944999933242798
5,1.9339414834976196,1999,,
5,1.7943216562271118,2049,,
5,2.165175676345825,2099,,
5,1.7959673404693604,2149,,
5,2.251037359237671,2199,,
5,2.176408529281616,2249,,
5,2.1465768814086914,2299,,
5,,2339,0.6572816371917725,0.8123000264167786
6,2.018388271331787,2349,,
6,1.9598124027252197,2399,,
6,1.8328237533569336,2449,,
6,1.8508363962173462,2499,,
6,1.5829278230667114,2549,,
6,1.8190760612487793,2599,,
6,1.809795618057251,2649,,
6,1.6151793003082275,2699,,
6,,2729,0.6698217391967773,0.7962999939918518
7,1.5719499588012695,2749,,
7,2.02351450920105,2799,,
7,1.7518806457519531,2849,,
7,1.7535202503204346,2899,,
7,1.731370210647583,2949,,
7,1.6191293001174927,2999,,
7,1.7016396522521973,3049,,
7,1.8610866069793701,3099,,
7,,3119,0.679957926273346,0.8066999912261963
8,1.4797346591949463,3149,,
8,1.665374517440796,3199,,
8,1.5369274616241455,3249,,
8,1.8135108947753906,3299,,
8,1.3859684467315674,3349,,
8,1.5176647901535034,3399,,
8,1.6576045751571655,3449,,
8,1.6574362516403198,3499,,
8,,3509,0.6910256147384644,0.8352000117301941
9,1.5504355430603027,3549,,
9,1.774656891822815,3599,,
9,1.2567270994186401,3649,,
9,1.2721987962722778,3699,,
9,1.4342211484909058,3749,,
9,1.6621211767196655,3799,,
9,1.4266406297683716,3849,,
9,1.5220938920974731,3899,,
9,,3899,0.6975260376930237,0.84579998254776
10,1.559558391571045,3949,,
10,1.5234649181365967,3999,,
10,1.773643136024475,4049,,
10,1.6671991348266602,4099,,
10,1.5108602046966553,4149,,
10,1.1914353370666504,4199,,
10,1.6617573499679565,4249,,
10,,4289,0.7045372724533081,0.8389000296592712
11,1.2770193815231323,4299,,
11,1.38993501663208,4349,,
11,1.4078065156936646,4399,,
11,1.6398519277572632,4449,,
11,1.832721471786499,4499,,
11,1.5003702640533447,4549,,
11,0.9924589991569519,4599,,
11,1.6220266819000244,4649,,
11,,4679,0.7099959850311279,0.8203999996185303
12,1.3387175798416138,4699,,
12,1.5325108766555786,4749,,
12,1.4104300737380981,4799,,
12,1.3550870418548584,4849,,
12,1.3762357234954834,4899,,
12,1.4833461046218872,4949,,
12,1.0468050241470337,4999,,
12,1.29931640625,5049,,
12,,5069,0.718169093132019,0.8266000151634216
13,1.3997433185577393,5099,,
13,1.4807509183883667,5149,,
13,1.0990593433380127,5199,,
13,1.5064380168914795,5249,,
13,1.3140373229980469,5299,,
13,1.401480793952942,5349,,
13,1.5159382820129395,5399,,
13,1.193268060684204,5449,,
13,,5459,0.7227063179016113,0.8406000137329102
14,1.2311570644378662,5499,,
14,1.4383001327514648,5549,,
14,1.0923153162002563,5599,,
14,1.3138630390167236,5649,,
14,1.4478377103805542,5699,,
14,1.0931273698806763,5749,,
14,1.3242226839065552,5799,,
14,1.587766170501709,5849,,
14,,5849,0.7259414792060852,0.8695999979972839
15,1.042169451713562,5899,,
15,1.4282691478729248,5949,,
15,1.2227323055267334,5999,,
15,1.176758885383606,6049,,
15,1.2350434064865112,6099,,
15,1.0274039506912231,6149,,
15,1.3841756582260132,6199,,
15,,6239,0.730158269405365,0.8410999774932861
16,1.1074459552764893,6249,,
16,1.405840516090393,6299,,
16,1.0862443447113037,6349,,
16,1.0038363933563232,6399,,
16,1.2772608995437622,6449,,
16,1.1613603830337524,6499,,
16,1.251772165298462,6549,,
16,1.1708818674087524,6599,,
16,,6629,0.7332331538200378,0.8763999938964844
17,1.154982328414917,6649,,
17,1.0187828540802002,6699,,
17,1.2679280042648315,6749,,
17,1.1514713764190674,6799,,
17,1.0678942203521729,6849,,
17,1.202469825744629,6899,,
17,1.1609752178192139,6949,,
17,1.3330435752868652,6999,,
17,,7019,0.7377704381942749,0.8813999891281128
18,1.1359186172485352,7049,,
18,1.3321623802185059,7099,,
18,1.092491865158081,7149,,
18,1.3026727437973022,7199,,
18,1.4523974657058716,7249,,
18,1.0168957710266113,7299,,
18,1.028239130973816,7349,,
18,1.2232972383499146,7399,,
18,,7409,0.7398838400840759,0.8820000290870667
19,0.992982804775238,7449,,
19,1.1088740825653076,7499,,
19,0.819510817527771,7549,,
19,1.0031028985977173,7599,,
19,1.2551904916763306,7649,,
19,1.1791340112686157,7699,,
19,1.0817641019821167,7749,,
19,1.1024103164672852,7799,,
19,,7799,0.7420472502708435,0.8722000122070312
20,1.0230977535247803,7849,,
20,1.148866891860962,7899,,
20,1.0531482696533203,7949,,
20,1.0185800790786743,7999,,
20,1.057093858718872,8049,,
20,1.2850207090377808,8099,,
20,1.1632747650146484,8149,,
20,,8189,0.7462239861488342,0.8636000156402588
21,1.085087776184082,8199,,
21,1.2410200834274292,8249,,
21,0.9673303365707397,8299,,
21,1.010289192199707,8349,,
21,0.9374139308929443,8399,,
21,1.064046025276184,8449,,
21,0.8973987698554993,8499,,
21,1.1616756916046143,8549,,
21,,8579,0.7470252513885498,0.887499988079071
22,1.0302867889404297,8599,,
22,1.057197093963623,8649,,
22,1.059686541557312,8699,,
22,1.2267000675201416,8749,,
22,1.053385853767395,8799,,
22,1.3414006233215332,8849,,
22,0.9250794649124146,8899,,
22,1.2683196067810059,8949,,
22,,8969,0.7496995329856873,0.8651999831199646
23,1.161963701248169,8999,,
23,1.1202702522277832,9049,,
23,0.9016807675361633,9099,,
23,1.1486101150512695,9149,,
23,1.0164426565170288,9199,,
23,0.9605046510696411,9249,,
23,1.0547525882720947,9299,,
23,0.9570594429969788,9349,,
23,,9359,0.7521634697914124,0.8830999732017517
24,0.8075563907623291,9399,,
24,1.0654809474945068,9449,,
24,1.3014384508132935,9499,,
24,0.8995846509933472,9549,,
24,0.9289519786834717,9599,,
24,1.0774378776550293,9649,,
24,1.2203700542449951,9699,,
24,1.0273085832595825,9749,,
24,,9749,0.7509715557098389,0.8863000273704529
25,0.9495784044265747,9799,,
25,1.2064733505249023,9849,,
25,0.9227805137634277,9899,,
25,1.0792872905731201,9949,,
25,1.0626755952835083,9999,,
25,1.2520396709442139,10049,,
25,1.1946018934249878,10099,,
25,,10139,0.7562500238418579,0.8966000080108643
26,1.052301049232483,10149,,
26,0.9724158048629761,10199,,
26,1.0877246856689453,10249,,
26,1.0503194332122803,10299,,
26,0.9375947713851929,10349,,
26,1.0834758281707764,10399,,
26,0.8543839454650879,10449,,
26,1.1293812990188599,10499,,
26,,10529,0.7569210529327393,0.895799994468689
27,1.119580864906311,10549,,
27,0.9710692167282104,10599,,
27,0.8456096649169922,10649,,
27,0.9214262366294861,10699,,
27,0.9273903369903564,10749,,
27,0.9817739725112915,10799,,
27,0.971114993095398,10849,,
27,0.975845456123352,10899,,
27,,10919,0.7576422095298767,0.9025999903678894
28,1.0329389572143555,10949,,
28,1.0664007663726807,10999,,
28,0.9100778102874756,11049,,
28,1.097452163696289,11099,,
28,1.0514485836029053,11149,,
28,0.8833179473876953,11199,,
28,1.1070317029953003,11249,,
28,1.0675147771835327,11299,,
28,,11309,0.7606871128082275,0.8841999769210815
29,0.9962918758392334,11349,,
29,1.045974850654602,11399,,
29,0.8992314338684082,11449,,
29,0.9690132141113281,11499,,
29,0.9157282710075378,11549,,
29,1.010966181755066,11599,,
29,0.8846931457519531,11649,,
29,0.9913381338119507,11699,,
29,,11699,0.7599759697914124,0.8953999876976013
30,0.9637401103973389,11749,,
30,1.1359593868255615,11799,,
30,0.9250726103782654,11849,,
30,0.959583044052124,11899,,
30,1.1004936695098877,11949,,
30,0.8316265940666199,11999,,
30,0.950671911239624,12049,,
30,,12089,0.7618389129638672,0.8966000080108643
31,0.8370028734207153,12099,,
31,0.9047370553016663,12149,,
31,1.0168572664260864,12199,,
31,0.8856772184371948,12249,,
31,0.8792301416397095,12299,,
31,0.9533015489578247,12349,,
31,0.8971914649009705,12399,,
31,0.7715840339660645,12449,,
31,,12479,0.7625100016593933,0.9007999897003174
32,0.9089773893356323,12499,,
32,0.9895014762878418,12549,,
32,1.010142207145691,12599,,
32,1.0645333528518677,12649,,
32,0.9709503650665283,12699,,
32,0.8999080657958984,12749,,
32,0.8969457149505615,12799,,
32,1.0602673292160034,12849,,
32,,12869,0.7630107998847961,0.9017999768257141
33,0.8950212597846985,12899,,
33,1.0186488628387451,12949,,
33,0.8289198875427246,12999,,
33,0.9412186145782471,13049,,
33,0.9289604425430298,13099,,
33,1.0197598934173584,13149,,
33,0.899627685546875,13199,,
33,0.9103407859802246,13249,,
33,,13259,0.7647535800933838,0.8949000239372253
34,1.004494547843933,13299,,
34,0.7935941219329834,13349,,
34,0.9902758002281189,13399,,
34,1.0171968936920166,13449,,
34,0.9592366218566895,13499,,
34,0.9239744544029236,13549,,
34,0.9113180637359619,13599,,
34,0.8985584378242493,13649,,
34,,13649,0.7646434307098389,0.8668000102043152
35,0.8983038663864136,13699,,
35,1.0078761577606201,13749,,
35,1.0007429122924805,13799,,
35,0.9401320815086365,13849,,
35,1.04624605178833,13899,,
35,1.0114191770553589,13949,,
35,0.9925389289855957,13999,,
35,,14039,0.7635316252708435,0.8985999822616577
36,0.9053510427474976,14049,,
36,0.8334424495697021,14099,,
36,0.9075556993484497,14149,,
36,1.1514710187911987,14199,,
36,0.9323984980583191,14249,,
36,0.7787203788757324,14299,,
36,1.050091028213501,14349,,
36,0.9059824347496033,14399,,
36,,14429,0.7665765285491943,0.8992000222206116
37,0.8075222969055176,14449,,
37,0.9625145196914673,14499,,
37,1.119523286819458,14549,,
37,0.9027692079544067,14599,,
37,1.0336880683898926,14649,,
37,1.008986234664917,14699,,
37,0.9236384630203247,14749,,
37,0.9351814389228821,14799,,
37,,14819,0.7650841474533081,0.8932999968528748
38,0.9849696755409241,14849,,
38,0.7350527048110962,14899,,
38,1.0442168712615967,14949,,
38,0.9370101690292358,14999,,
38,0.9625347852706909,15049,,
38,0.958885669708252,15099,,
38,0.9652798175811768,15149,,
38,1.0856664180755615,15199,,
38,,15209,0.7659655213356018,0.8881999850273132
39,0.8712478876113892,15249,,
39,0.9346742630004883,15299,,
39,0.8125789165496826,15349,,
39,1.0213932991027832,15399,,
39,0.9300094842910767,15449,,
39,0.8400628566741943,15499,,
39,0.9591174721717834,15549,,
39,0.9417216777801514,15599,,
39,,15599,0.7649739384651184,0.9054999947547913
40,0.8486402034759521,15649,,
40,0.977094292640686,15699,,
40,1.0165705680847168,15749,,
40,0.9923168420791626,15799,,
40,0.9634884595870972,15849,,
40,0.9474013447761536,15899,,
40,0.7688990831375122,15949,,
40,,15989,0.7658253312110901,0.8863999843597412
41,0.9822379350662231,15999,,
41,0.9054453372955322,16049,,
41,0.9547976851463318,16099,,
41,0.8281051516532898,16149,,
41,0.9930014610290527,16199,,
41,0.9302000999450684,16249,,
41,1.054139256477356,16299,,
41,0.7956105470657349,16349,,
41,,16379,0.7669571042060852,0.909500002861023
42,0.8824470043182373,16399,,
42,0.8563253283500671,16449,,
42,0.9765207767486572,16499,,
42,0.9489240646362305,16549,,
42,1.0016827583312988,16599,,
42,0.8707935810089111,16649,,
42,0.9041725993156433,16699,,
42,0.8491342067718506,16749,,
42,,16769,0.7683994174003601,0.9107000231742859
43,0.8199923634529114,16799,,
43,0.901715099811554,16849,,
43,1.066802978515625,16899,,
43,0.9126642346382141,16949,,
43,0.9760328531265259,16999,,
43,0.917417585849762,17049,,
43,1.0659703016281128,17099,,
43,1.0031254291534424,17149,,
43,,17159,0.7688601613044739,0.9077000021934509
44,0.6942179799079895,17199,,
44,0.9003162980079651,17249,,
44,0.9235208034515381,17299,,
44,0.9603603482246399,17349,,
44,0.6914702653884888,17399,,
44,1.008590817451477,17449,,
44,0.9099795818328857,17499,,
44,1.0547571182250977,17549,,
44,,17549,0.7681089639663696,0.904699981212616
45,0.8029918074607849,17599,,
45,0.9763450026512146,17649,,
45,0.6911712288856506,17699,,
45,0.7641008496284485,17749,,
45,0.9153058528900146,17799,,
45,0.9511464834213257,17849,,
45,0.7038300037384033,17899,,
45,,17939,0.7685496807098389,0.9053999781608582
46,0.9590522646903992,17949,,
46,0.8470637798309326,17999,,
46,0.8589236736297607,18049,,
46,1.057379961013794,18099,,
46,0.855104923248291,18149,,
46,0.9379734992980957,18199,,
46,0.9883493781089783,18249,,
46,1.0935258865356445,18299,,
46,,18329,0.768359363079071,0.9124000072479248
47,0.8162607550621033,18349,,
47,0.7740145921707153,18399,,
47,0.9842334985733032,18449,,
47,0.8471822738647461,18499,,
47,0.8805370926856995,18549,,
47,0.8982471227645874,18599,,
47,0.9186524152755737,18649,,
47,0.9021127820014954,18699,,
47,,18719,0.7709935903549194,0.9006999731063843
48,0.8293894529342651,18749,,
48,0.9355671405792236,18799,,
48,0.9352947473526001,18849,,
48,1.0006601810455322,18899,,
48,1.0425310134887695,18949,,
48,0.8782248497009277,18999,,
48,0.8721230030059814,19049,,
48,0.873633623123169,19099,,
48,,19109,0.7688902020454407,0.897599995136261
49,0.9236066341400146,19149,,
49,0.8431726694107056,19199,,
49,0.8981879353523254,19249,,
49,0.9489502906799316,19299,,
49,0.783420741558075,19349,,
49,0.8761049509048462,19399,,
49,0.8579559326171875,19449,,
49,1.0854711532592773,19499,,
49,,19499,0.7694611549377441,0.899399995803833
50,0.9032562375068665,19549,,
50,0.9164184927940369,19599,,
50,0.9597119688987732,19649,,
50,0.684131383895874,19699,,
50,1.0608495473861694,19749,,
50,0.8468822836875916,19799,,
50,0.9775311350822449,19849,,
50,,19889,0.7712339758872986,0.8967999815940857
51,0.7974751591682434,19899,,
51,0.7516919374465942,19949,,
51,0.9294506311416626,19999,,
51,0.882590115070343,20049,,
51,0.89125657081604,20099,,
51,0.9486435651779175,20149,,
51,0.8114193677902222,20199,,
51,0.8836312294006348,20249,,
51,,20279,0.7692708373069763,0.906499981880188
52,1.0140278339385986,20299,,
52,0.8467810153961182,20349,,
52,0.8540230989456177,20399,,
52,0.9526557922363281,20449,,
52,0.8555470705032349,20499,,
52,0.7562505006790161,20549,,
52,0.6913674473762512,20599,,
52,0.9947595596313477,20649,,
52,,20669,0.7703225016593933,0.9041000008583069
53,0.8959139585494995,20699,,
53,0.8432458639144897,20749,,
53,0.826432466506958,20799,,
53,1.0426568984985352,20849,,
53,0.8806208968162537,20899,,
53,0.8919248580932617,20949,,
53,0.9673133492469788,20999,,
53,1.0352282524108887,21049,,
53,,21059,0.7713040709495544,0.9125000238418579
54,1.025202989578247,21099,,
54,0.8568955659866333,21149,,
54,0.8525038957595825,21199,,
54,0.7775787115097046,21249,,
54,0.8007413744926453,21299,,
54,1.0541526079177856,21349,,
54,1.127252221107483,21399,,
54,1.0228464603424072,21449,,
54,,21449,0.7712940573692322,0.9064000248908997
55,0.9928817749023438,21499,,
55,0.8817594051361084,21549,,
55,0.7062866687774658,21599,,
55,0.9888997077941895,21649,,
55,0.7700185775756836,21699,,
55,0.8564043045043945,21749,,
55,1.0319757461547852,21799,,
55,,21839,0.7722055315971375,0.910099983215332
56,0.8895671367645264,21849,,
56,0.9108754396438599,21899,,
56,0.881457507610321,21949,,
56,0.9556716680526733,21999,,
56,0.9480680227279663,22049,,
56,1.0854310989379883,22099,,
56,0.8631311655044556,22149,,
56,0.9879223108291626,22199,,
56,,22229,0.7713541388511658,0.8964999914169312
57,0.8828738927841187,22249,,
57,0.9101289510726929,22299,,
57,0.9840366840362549,22349,,
57,1.033829689025879,22399,,
57,0.9930559396743774,22449,,
57,0.8326684236526489,22499,,
57,1.0223764181137085,22549,,
57,0.8105756044387817,22599,,
57,,22619,0.7707532048225403,0.9009000062942505
58,0.9205637574195862,22649,,
58,0.7500754594802856,22699,,
58,1.019212245941162,22749,,
58,0.8960269093513489,22799,,
58,0.8332477807998657,22849,,
58,0.7624365091323853,22899,,
58,0.9040716290473938,22949,,
58,0.7490987777709961,22999,,
58,,23009,0.7727063298225403,0.9097999930381775
59,0.8471815586090088,23049,,
59,0.8070451021194458,23099,,
59,0.9544222354888916,23149,,
59,0.9201232194900513,23199,,
59,0.9405044317245483,23249,,
59,0.8248384594917297,23299,,
59,0.9005445241928101,23349,,
59,0.9761565327644348,23399,,
59,,23399,0.7722756266593933,0.9085999727249146
60,0.8608328104019165,23449,,
60,1.072500228881836,23499,,
60,0.9659593105316162,23549,,
60,0.9238997101783752,23599,,
60,0.9058893918991089,23649,,
60,1.0717072486877441,23699,,
60,0.8738521933555603,23749,,
60,,23789,0.772385835647583,0.9023000001907349
61,0.9543952941894531,23799,,
61,1.0396114587783813,23849,,
61,0.8690553903579712,23899,,
61,0.8258994221687317,23949,,
61,1.0006592273712158,23999,,
61,0.9645220041275024,24049,,
61,0.7306972742080688,24099,,
61,0.8842647075653076,24149,,
61,,24179,0.7727563977241516,0.9158999919891357
62,0.9989928007125854,24199,,
62,0.9032113552093506,24249,,
62,0.9130193591117859,24299,,
62,0.7695695161819458,24349,,
62,0.7383502721786499,24399,,
62,0.934760332107544,24449,,
62,0.7768023610115051,24499,,
62,0.8967242240905762,24549,,
62,,24569,0.7723658084869385,0.9107999801635742
63,0.8607648611068726,24599,,
63,0.8600872159004211,24649,,
63,0.8726516962051392,24699,,
63,1.0113414525985718,24749,,
63,0.8224267959594727,24799,,
63,0.8414670825004578,24849,,
63,0.9259188175201416,24899,,
63,0.9841257333755493,24949,,
63,,24959,0.7732471823692322,0.904699981212616
64,0.8369993567466736,24999,,
64,0.7847594022750854,25049,,
64,0.966229259967804,25099,,
64,0.971687912940979,25149,,
64,0.7961797714233398,25199,,
64,0.8043934106826782,25249,,
64,1.0537647008895874,25299,,
64,0.9581992626190186,25349,,
64,,25349,0.7721053957939148,0.9138000011444092
65,0.9025682210922241,25399,,
65,0.7126630544662476,25449,,
65,0.910494327545166,25499,,
65,0.8256006836891174,25549,,
65,0.8499796390533447,25599,,
65,0.8688585758209229,25649,,
65,0.7968472242355347,25699,,
65,,25739,0.7729166746139526,0.9061999917030334
66,0.8324644565582275,25749,,
66,1.0089387893676758,25799,,
66,0.9830993413925171,25849,,
66,0.8915919065475464,25899,,
66,0.7433934807777405,25949,,
66,0.8746770620346069,25999,,
66,0.9180706739425659,26049,,
66,0.8520835638046265,26099,,
66,,26129,0.7747395634651184,0.9009000062942505
67,0.7758352756500244,26149,,
67,0.6676405072212219,26199,,
67,0.73040771484375,26249,,
67,0.8218179941177368,26299,,
67,0.9413120150566101,26349,,
67,0.787876546382904,26399,,
67,0.8153544664382935,26449,,
67,0.8833485841751099,26499,,
67,,26519,0.7736678719520569,0.9070000052452087
68,0.8674827814102173,26549,,
68,0.81242835521698,26599,,
68,0.7266131639480591,26649,,
68,0.8324349522590637,26699,,
68,1.0114855766296387,26749,,
68,0.865045964717865,26799,,
68,0.9383992552757263,26849,,
68,0.8211853504180908,26899,,
68,,26909,0.7726762890815735,0.9024999737739563
69,0.7922022342681885,26949,,
69,0.7065694332122803,26999,,
69,0.8955634832382202,27049,,
69,0.8001641035079956,27099,,
69,0.7940380573272705,27149,,
69,0.7233173251152039,27199,,
69,0.7239131927490234,27249,,
69,0.805752158164978,27299,,
69,,27299,0.7735376358032227,0.8996999859809875
70,0.7544496655464172,27349,,
70,0.8201981782913208,27399,,
70,0.8809553384780884,27449,,
70,0.7090671062469482,27499,,
70,0.7243236303329468,27549,,
70,0.7828954458236694,27599,,
70,0.7796230912208557,27649,,
70,,27689,0.7732271552085876,0.9126999974250793
71,0.7442063093185425,27699,,
71,0.7074127197265625,27749,,
71,0.7896451950073242,27799,,
71,0.8050341606140137,27849,,
71,0.8943236470222473,27899,,
71,0.6401771306991577,27949,,
71,0.7047255039215088,27999,,
71,0.8007313013076782,28049,,
71,,28079,0.7748397588729858,0.9147999882698059
72,0.843374490737915,28099,,
72,0.753932774066925,28149,,
72,0.6084268689155579,28199,,
72,0.7136318683624268,28249,,
72,0.7973222732543945,28299,,
72,0.7455711364746094,28349,,
72,0.8079667091369629,28399,,
72,1.0151828527450562,28449,,
72,,28469,0.7747295498847961,0.9158999919891357
73,0.848602294921875,28499,,
73,0.6037529706954956,28549,,
73,0.7784078121185303,28599,,
73,0.6582346558570862,28649,,
73,0.7063924670219421,28699,,
73,0.6714070439338684,28749,,
73,0.602706253528595,28799,,
73,0.8167560696601868,28849,,
73,,28859,0.7753305435180664,0.8985999822616577
74,1.0349558591842651,28899,,
74,0.8276586532592773,28949,,
74,0.7520283460617065,28999,,
74,0.8213992118835449,29049,,
74,0.8977057933807373,29099,,
74,0.664051353931427,29149,,
74,0.7078407406806946,29199,,
74,0.6942914724349976,29249,,
74,,29249,0.7756410241127014,0.892300009727478
75,0.5936081409454346,29299,,
75,0.5714399814605713,29349,,
75,0.6233580708503723,29399,,
75,0.9064638614654541,29449,,
75,0.7751016020774841,29499,,
75,0.8345968723297119,29549,,
75,0.7546420097351074,29599,,
75,,29639,0.7768529653549194,0.9168000221252441
76,0.7503165006637573,29649,,
76,0.6086161732673645,29699,,
76,0.7138868570327759,29749,,
76,0.8012971878051758,29799,,
76,0.8314846754074097,29849,,
76,0.6859800815582275,29899,,
76,0.7555716633796692,29949,,
76,0.7176445126533508,29999,,
76,,30029,0.775390625,0.9190000295639038
77,0.6347367167472839,30049,,
77,0.6455175280570984,30099,,
77,0.6610506772994995,30149,,
77,0.6814171075820923,30199,,
77,0.7199739217758179,30249,,
77,0.7635599374771118,30299,,
77,0.7580428719520569,30349,,
77,0.7197234630584717,30399,,
77,,30419,0.7757511734962463,0.9065999984741211
78,0.6757656335830688,30449,,
78,0.6985118389129639,30499,,
78,0.6178023815155029,30549,,
78,0.6991169452667236,30599,,
78,0.8678134679794312,30649,,
78,0.8027294874191284,30699,,
78,0.7514657974243164,30749,,
78,0.8747976422309875,30799,,
78,,30809,0.7753405570983887,0.9243999719619751
79,0.6644662618637085,30849,,
79,0.6633610129356384,30899,,
79,0.7302196025848389,30949,,
79,0.6230198740959167,30999,,
79,0.6668720245361328,31049,,
79,0.6674278378486633,31099,,
79,0.7729376554489136,31149,,
79,0.7226107120513916,31199,,
79,,31199,0.7778044939041138,0.921500027179718
80,0.7167040109634399,31249,,
80,0.7088217735290527,31299,,
80,0.7005519270896912,31349,,
80,0.6694639921188354,31399,,
80,0.7746850252151489,31449,,
80,0.7132368087768555,31499,,
80,0.6182888150215149,31549,,
80,,31589,0.776171863079071,0.9153000116348267
81,0.6669405102729797,31599,,
81,0.5141777992248535,31649,,
81,0.6811879277229309,31699,,
81,0.7429159879684448,31749,,
81,0.7396317720413208,31799,,
81,0.7117232084274292,31849,,
81,0.59542316198349,31899,,
81,0.7573351860046387,31949,,
81,,31979,0.7759515047073364,0.9182999730110168
82,0.6574019193649292,31999,,
82,0.5237356424331665,32049,,
82,0.8531248569488525,32099,,
82,0.7910275459289551,32149,,
82,0.7522544860839844,32199,,
82,0.5989219546318054,32249,,
82,0.8902051448822021,32299,,
82,0.7021535634994507,32349,,
82,,32369,0.7754206657409668,0.923799991607666
83,0.6082884073257446,32399,,
83,0.8440985679626465,32449,,
83,0.5958517789840698,32499,,
83,0.5958346128463745,32549,,
83,0.7556858062744141,32599,,
83,0.6374040246009827,32649,,
83,0.6624075174331665,32699,,
83,0.6527706384658813,32749,,
83,,32759,0.7773137092590332,0.9228000044822693
84,0.7693248391151428,32799,,
84,0.6019304990768433,32849,,
84,0.631285548210144,32899,,
84,0.6628559827804565,32949,,
84,0.6828321218490601,32999,,
84,0.8436872959136963,33049,,
84,0.6972044110298157,33099,,
84,0.7017525434494019,33149,,
84,,33149,0.7775641083717346,0.9132999777793884
85,0.648464024066925,33199,,
85,0.7084051370620728,33249,,
85,0.6782824993133545,33299,,
85,0.6877282857894897,33349,,
85,0.6016097664833069,33399,,
85,0.5889710187911987,33449,,
85,0.6321970820426941,33499,,
85,,33539,0.7746794819831848,0.9158999919891357
86,0.8165699243545532,33549,,
86,0.617545485496521,33599,,
86,0.5947312712669373,33649,,
86,0.7536332607269287,33699,,
86,0.6042887568473816,33749,,
86,0.7225615978240967,33799,,
86,0.5920695066452026,33849,,
86,0.7733189463615417,33899,,
86,,33929,0.7774038314819336,0.9088000059127808
87,0.6596163511276245,33949,,
87,0.5676513910293579,33999,,
87,0.6769325733184814,34049,,
87,0.6941460371017456,34099,,
87,0.6764895915985107,34149,,
87,0.617301881313324,34199,,
87,0.6500086784362793,34249,,
87,0.6772217750549316,34299,,
87,,34319,0.7772336006164551,0.9172000288963318
88,0.6077558994293213,34349,,
88,0.7989054918289185,34399,,
88,0.6113248467445374,34449,,
88,0.7114263772964478,34499,,
88,0.6770617961883545,34549,,
88,0.6687713861465454,34599,,
88,0.4837341904640198,34649,,
88,0.606595516204834,34699,,
88,,34709,0.7781950831413269,0.9174000024795532
89,0.6658216714859009,34749,,
89,0.7626867890357971,34799,,
89,0.6738511323928833,34849,,
89,0.6604732275009155,34899,,
89,0.7135540246963501,34949,,
89,0.6128334403038025,34999,,
89,0.6938728094100952,35049,,
89,0.7159056663513184,35099,,
89,,35099,0.7767428159713745,0.9140999913215637
90,0.6112491488456726,35149,,
90,0.6210060119628906,35199,,
90,0.5628968477249146,35249,,
90,0.7348715662956238,35299,,
90,0.7686722278594971,35349,,
90,0.5807302594184875,35399,,
90,0.593095064163208,35449,,
90,,35489,0.7786157727241516,0.9194999933242798
91,0.643577516078949,35499,,
91,0.5686766505241394,35549,,
91,0.7708375453948975,35599,,
91,0.574321985244751,35649,,
91,0.6730581521987915,35699,,
91,0.6839256882667542,35749,,
91,0.7044532299041748,35799,,
91,0.6898332834243774,35849,,
91,,35879,0.7792468070983887,0.9196000099182129
92,0.7372093200683594,35899,,
92,0.6595077514648438,35949,,
92,0.653781533241272,35999,,
92,0.6644910573959351,36049,,
92,0.6839588284492493,36099,,
92,0.7600456476211548,36149,,
92,0.7466267347335815,36199,,
92,0.7269833087921143,36249,,
92,,36269,0.7779446840286255,0.9097999930381775
93,0.5797200202941895,36299,,
93,0.5239542722702026,36349,,
93,0.68156898021698,36399,,
93,0.662331223487854,36449,,
93,0.48020368814468384,36499,,
93,0.6150398850440979,36549,,
93,0.7704883813858032,36599,,
93,0.5268807411193848,36649,,
93,,36659,0.7778846025466919,0.9200999736785889
94,0.6238882541656494,36699,,
94,0.6669832468032837,36749,,
94,0.5320529937744141,36799,,
94,0.7217226028442383,36849,,
94,0.7674462199211121,36899,,
94,0.6030852794647217,36949,,
94,0.6189239621162415,36999,,
94,0.6843191981315613,37049,,
94,,37049,0.7799679636955261,0.9143999814987183
95,0.6828526258468628,37099,,
95,0.6743677854537964,37149,,
95,0.6584969758987427,37199,,
95,0.6417969465255737,37249,,
95,0.6153737306594849,37299,,
95,0.7088615894317627,37349,,
95,0.6202945709228516,37399,,
95,,37439,0.780078113079071,0.917900025844574
96,0.6606661677360535,37449,,
96,0.6191864013671875,37499,,
96,0.6164669990539551,37549,,
96,0.643280029296875,37599,,
96,0.6659212112426758,37649,,
96,0.6682350635528564,37699,,
96,0.7363798022270203,37749,,
96,0.6644856929779053,37799,,
96,,37829,0.780198335647583,0.9039999842643738
97,0.5920997858047485,37849,,
97,0.6865136623382568,37899,,
97,0.7365819215774536,37949,,
97,0.5507584810256958,37999,,
97,0.6380324959754944,38049,,
97,0.6141502857208252,38099,,
97,0.7288498878479004,38149,,
97,0.7172432541847229,38199,,
97,,38219,0.7792167663574219,0.9139999747276306
98,0.49818089604377747,38249,,
98,0.5837950706481934,38299,,
98,0.6541420221328735,38349,,
98,0.5923272371292114,38399,,
98,0.6350412368774414,38449,,
98,0.5966806411743164,38499,,
98,0.7268309593200684,38549,,
98,0.8019250631332397,38599,,
98,,38609,0.7786558270454407,0.9144999980926514
99,0.5586395263671875,38649,,
99,0.650912880897522,38699,,
99,0.5616824626922607,38749,,
99,0.6977822780609131,38799,,
99,0.7087873816490173,38849,,
99,0.561442494392395,38899,,
99,0.588957667350769,38949,,
99,0.6023344993591309,38999,,
99,,38999,0.7797976732254028,0.9229000210762024
100,0.7643617391586304,39049,,
100,0.6107849478721619,39099,,
100,0.5301291346549988,39149,,
100,0.6585265398025513,39199,,
100,0.7148891687393188,39249,,
100,0.6716650724411011,39299,,
100,0.6446775794029236,39349,,
100,,39389,0.7805188298225403,0.9276000261306763
101,0.5941735506057739,39399,,
101,0.6334578394889832,39449,,
101,0.6984772086143494,39499,,
101,0.7047414779663086,39549,,
101,0.6841692924499512,39599,,
101,0.6209266185760498,39649,,
101,0.5998222231864929,39699,,
101,0.6005476713180542,39749,,
101,,39779,0.780819296836853,0.9193999767303467
102,0.7012176513671875,39799,,
102,0.6092068552970886,39849,,
102,0.5258630514144897,39899,,
102,0.6654478311538696,39949,,
102,0.6420032382011414,39999,,
102,0.5405418872833252,40049,,
102,0.6724258661270142,40099,,
102,0.6866880655288696,40149,,
102,,40169,0.7797075510025024,0.9168000221252441
103,0.6858933568000793,40199,,
103,0.5868704319000244,40249,,
103,0.669769287109375,40299,,
103,0.5794197916984558,40349,,
103,0.5751479864120483,40399,,
103,0.5301086902618408,40449,,
103,0.5503698587417603,40499,,
103,0.6632137298583984,40549,,
103,,40559,0.7801381945610046,0.9243999719619751
104,0.6367870569229126,40599,,
104,0.611485481262207,40649,,
104,0.5909347534179688,40699,,
104,0.7363389730453491,40749,,
104,0.677471935749054,40799,,
104,0.5502796173095703,40849,,
104,0.6012442111968994,40899,,
104,0.7017793655395508,40949,,
104,,40949,0.7816206216812134,0.9120000004768372
105,0.6302945017814636,40999,,
105,0.5336753129959106,41049,,
105,0.6181113719940186,41099,,
105,0.69654381275177,41149,,
105,0.5716997385025024,41199,,
105,0.6032779812812805,41249,,
105,0.3972398638725281,41299,,
105,,41339,0.7812299728393555,0.9218999743461609
106,0.6454658508300781,41349,,
106,0.5632596015930176,41399,,
106,0.6558147668838501,41449,,
106,0.6298027038574219,41499,,
106,0.5845614671707153,41549,,
106,0.6739519834518433,41599,,
106,0.5917224287986755,41649,,
106,0.6589784622192383,41699,,
106,,41729,0.7810596823692322,0.9277999997138977
107,0.6388948559761047,41749,,
107,0.5468956232070923,41799,,
107,0.5823557376861572,41849,,
107,0.6538389921188354,41899,,
107,0.7107912302017212,41949,,
107,0.5416711568832397,41999,,
107,0.6340410113334656,42049,,
107,0.6331153512001038,42099,,
107,,42119,0.7815003991127014,0.9243000149726868
108,0.5234565138816833,42149,,
108,0.7500029802322388,42199,,
108,0.6119841933250427,42249,,
108,0.5527161359786987,42299,,
108,0.6202753186225891,42349,,
108,0.567711353302002,42399,,
108,0.6182738542556763,42449,,
108,0.6127519607543945,42499,,
108,,42509,0.782031238079071,0.925000011920929
109,0.5213911533355713,42549,,
109,0.5791349411010742,42599,,
109,0.45413529872894287,42649,,
109,0.6095371246337891,42699,,
109,0.7945449352264404,42749,,
109,0.5972334742546082,42799,,
109,0.6692990064620972,42849,,
109,0.7196860909461975,42899,,
109,,42899,0.7819611430168152,0.9204000234603882
110,0.6784443855285645,42949,,
110,0.6441687941551208,42999,,
110,0.5480965375900269,43049,,
110,0.5229761004447937,43099,,
110,0.5851322412490845,43149,,
110,0.5395562648773193,43199,,
110,0.6746969223022461,43249,,
110,,43289,0.7821414470672607,0.911899983882904
111,0.5126374363899231,43299,,
111,0.6194647550582886,43349,,
111,0.6201033592224121,43399,,
111,0.5677511692047119,43449,,
111,0.546123206615448,43499,,
111,0.5697773694992065,43549,,
111,0.56464684009552,43599,,
111,0.5884552001953125,43649,,
111,,43679,0.780819296836853,0.926800012588501
112,0.6063209772109985,43699,,
112,0.7051581740379333,43749,,
112,0.5832724571228027,43799,,
112,0.6607264280319214,43849,,
112,0.6516427993774414,43899,,
112,0.6284822225570679,43949,,
112,0.6202789545059204,43999,,
112,0.6667274236679077,44049,,
112,,44069,0.7838742136955261,0.9258999824523926
113,0.7158270478248596,44099,,
113,0.5597608089447021,44149,,
113,0.5715296268463135,44199,,
113,0.47312265634536743,44249,,
113,0.6623396277427673,44299,,
113,0.5978407859802246,44349,,
113,0.7372962236404419,44399,,
113,0.6730856895446777,44449,,
113,,44459,0.7822315692901611,0.9294000267982483
114,0.6393344402313232,44499,,
114,0.6426359415054321,44549,,
114,0.5742789506912231,44599,,
114,0.6730343103408813,44649,,
114,0.624212384223938,44699,,
114,0.48862093687057495,44749,,
114,0.5958167910575867,44799,,
114,0.7001488208770752,44849,,
114,,44849,0.7838141322135925,0.9246000051498413
115,0.5549026131629944,44899,,
115,0.5667957067489624,44949,,
115,0.6504737138748169,44999,,
115,0.6726465225219727,45049,,
115,0.5656223893165588,45099,,
115,0.5226797461509705,45149,,
115,0.5950589179992676,45199,,
115,,45239,0.7822916507720947,0.9240999817848206
116,0.5547013282775879,45249,,
116,0.6620610952377319,45299,,
116,0.6061868071556091,45349,,
116,0.702700674533844,45399,,
116,0.5589487552642822,45449,,
116,0.5383397936820984,45499,,
116,0.6776124238967896,45549,,
116,0.6609828472137451,45599,,
116,,45629,0.7833533883094788,0.9247999787330627
117,0.5208603143692017,45649,,
117,0.5527045130729675,45699,,
117,0.6767287254333496,45749,,
117,0.5576088428497314,45799,,
117,0.5857707262039185,45849,,
117,0.534912109375,45899,,
117,0.7668156623840332,45949,,
117,0.5978970527648926,45999,,
117,,46019,0.7831830978393555,0.9247999787330627
118,0.7876511812210083,46049,,
118,0.695442795753479,46099,,
118,0.6912205219268799,46149,,
118,0.5645252466201782,46199,,
118,0.5590178966522217,46249,,
118,0.6654132008552551,46299,,
118,0.6675572395324707,46349,,
118,0.6187198758125305,46399,,
118,,46409,0.7843649983406067,0.9261000156402588
119,0.6108376979827881,46449,,
119,0.4954535961151123,46499,,
119,0.5100119709968567,46549,,
119,0.5885392427444458,46599,,
119,0.7455010414123535,46649,,
119,0.4348341226577759,46699,,
119,0.5793094635009766,46749,,
119,0.602171778678894,46799,,
119,,46799,0.7837439775466919,0.9244999885559082
120,0.5061545968055725,46849,,
120,0.5958870649337769,46899,,
120,0.5300896763801575,46949,,
120,0.5131182670593262,46999,,
120,0.6416827440261841,47049,,
120,0.6569023132324219,47099,,
120,0.5781448483467102,47149,,
120,,47189,0.7847355604171753,0.9294999837875366
121,0.6284776926040649,47199,,
121,0.5668911933898926,47249,,
121,0.6139557957649231,47299,,
121,0.6348512172698975,47349,,
121,0.7622368335723877,47399,,
121,0.746139407157898,47449,,
121,0.6920623183250427,47499,,
121,0.7339102029800415,47549,,
121,,47579,0.7839042544364929,0.9235000014305115
122,0.6458728909492493,47599,,
122,0.5356401205062866,47649,,
122,0.5383121371269226,47699,,
122,0.6508715152740479,47749,,
122,0.7279503345489502,47799,,
122,0.5588349103927612,47849,,
122,0.6695752739906311,47899,,
122,0.6582052707672119,47949,,
122,,47969,0.7840043902397156,0.9247000217437744
123,0.5701324939727783,47999,,
123,0.6025292873382568,48049,,
123,0.6647881865501404,48099,,
123,0.6903727054595947,48149,,
123,0.6356992721557617,48199,,
123,0.5851266384124756,48249,,
123,0.4746685028076172,48299,,
123,0.5769858360290527,48349,,
123,,48359,0.7849158644676208,0.9304999709129333
124,0.5444068908691406,48399,,
124,0.7667573094367981,48449,,
124,0.781538724899292,48499,,
124,0.6879268884658813,48549,,
124,0.6343124508857727,48599,,
124,0.6545969247817993,48649,,
124,0.46463197469711304,48699,,
124,0.6506518125534058,48749,,
124,,48749,0.783203125,0.9203000068664551
125,0.5209949016571045,48799,,
125,0.5205464363098145,48849,,
125,0.614557147026062,48899,,
125,0.5871949195861816,48949,,
125,0.5251260995864868,48999,,
125,0.5662695169448853,49049,,
125,0.5825002789497375,49099,,
125,,49139,0.7848958373069763,0.9078999757766724
126,0.5967214107513428,49149,,
126,0.6339631080627441,49199,,
126,0.5407041311264038,49249,,
126,0.6248481273651123,49299,,
126,0.5744795203208923,49349,,
126,0.5265477895736694,49399,,
126,0.5032707452774048,49449,,
126,0.5131099224090576,49499,,
126,,49529,0.7846654653549194,0.9320999979972839
127,0.5824183225631714,49549,,
127,0.7156734466552734,49599,,
127,0.6840265989303589,49649,,
127,0.6764184832572937,49699,,
127,0.5731405019760132,49749,,
127,0.563424825668335,49799,,
127,0.5617138743400574,49849,,
127,0.6209405660629272,49899,,
127,,49919,0.7852864861488342,0.9309999942779541
128,0.609606146812439,49949,,
128,0.7769927978515625,49999,,
128,0.6166157722473145,50049,,
128,0.5389721393585205,50099,,
128,0.7185471653938293,50149,,
128,0.48447608947753906,50199,,
128,0.6375819444656372,50249,,
128,0.6788692474365234,50299,,
128,,50309,0.7861478328704834,0.9311000108718872
129,0.5415478944778442,50349,,
129,0.5325908660888672,50399,,
129,0.679606556892395,50449,,
129,0.521007776260376,50499,,
129,0.6950912475585938,50549,,
129,0.5915184020996094,50599,,
129,0.5899257063865662,50649,,
129,0.6618177890777588,50699,,
129,,50699,0.7863782048225403,0.9333999752998352
130,0.6369680762290955,50749,,
130,0.5462727546691895,50799,,
130,0.543673038482666,50849,,
130,0.5470075011253357,50899,,
130,0.5129395723342896,50949,,
130,0.6304158568382263,50999,,
130,0.6372648477554321,51049,,
130,,51089,0.7856069803237915,0.930899977684021
131,0.5906411409378052,51099,,
131,0.5731501579284668,51149,,
131,0.6955543756484985,51199,,
131,0.5862513184547424,51249,,
131,0.5503290891647339,51299,,
131,0.7136231660842896,51349,,
131,0.613147497177124,51399,,
131,0.5083158016204834,51449,,
131,,51479,0.7850661277770996,0.9308000206947327
132,0.5685718655586243,51499,,
132,0.5794129371643066,51549,,
132,0.6281818151473999,51599,,
132,0.4127112627029419,51649,,
132,0.639472246170044,51699,,
132,0.5597796440124512,51749,,
132,0.5793921947479248,51799,,
132,0.48938262462615967,51849,,
132,,51869,0.7870492935180664,0.9305999875068665
133,0.5865508317947388,51899,,
133,0.6438518762588501,51949,,
133,0.6947733163833618,51999,,
133,0.6158566474914551,52049,,
133,0.6070261001586914,52099,,
133,0.7043347358703613,52149,,
133,0.6110149621963501,52199,,
133,0.6306246519088745,52249,,
133,,52259,0.7873097062110901,0.9217000007629395
134,0.48252183198928833,52299,,
134,0.5952627658843994,52349,,
134,0.5660375952720642,52399,,
134,0.46834832429885864,52449,,
134,0.7823092341423035,52499,,
134,0.5103990435600281,52549,,
134,0.5959981083869934,52599,,
134,0.6577653884887695,52649,,
134,,52649,0.7877604365348816,0.927299976348877
135,0.5500952005386353,52699,,
135,0.5631229877471924,52749,,
135,0.5152263045310974,52799,,
135,0.5065757036209106,52849,,
135,0.5320584774017334,52899,,
135,0.5460377931594849,52949,,
135,0.6339274048805237,52999,,
135,,53039,0.786949098110199,0.9315999746322632
136,0.5639731884002686,53049,,
136,0.6646251678466797,53099,,
136,0.5754181146621704,53149,,
136,0.536705732345581,53199,,
136,0.5875899791717529,53249,,
136,0.5154969692230225,53299,,
136,0.5540297031402588,53349,,
136,0.5974776744842529,53399,,
136,,53429,0.7872195243835449,0.9333999752998352
137,0.6614189147949219,53449,,
137,0.6395028233528137,53499,,
137,0.5263485312461853,53549,,
137,0.5116454362869263,53599,,
137,0.7309221625328064,53649,,
137,0.5593291521072388,53699,,
137,0.6366899013519287,53749,,
137,0.5483198165893555,53799,,
137,,53819,0.7882311940193176,0.9319999814033508
138,0.51688152551651,53849,,
138,0.4433213472366333,53899,,
138,0.5457168221473694,53949,,
138,0.44632163643836975,53999,,
138,0.5014005899429321,54049,,
138,0.5648729801177979,54099,,
138,0.5024123191833496,54149,,
138,0.5258715152740479,54199,,
138,,54209,0.7876402139663696,0.9372000098228455
139,0.6718507409095764,54249,,
139,0.6533613204956055,54299,,
139,0.5728210210800171,54349,,
139,0.46176475286483765,54399,,
139,0.5216116905212402,54449,,
139,0.47744911909103394,54499,,
139,0.5951722860336304,54549,,
139,0.4874041676521301,54599,,
139,,54599,0.7877404093742371,0.9294000267982483
140,0.5909382700920105,54649,,
140,0.6376578211784363,54699,,
140,0.6329923868179321,54749,,
140,0.4781532287597656,54799,,
140,0.6189395189285278,54849,,
140,0.5471274256706238,54899,,
140,0.5085364580154419,54949,,
140,,54989,0.7889523506164551,0.925599992275238
141,0.5381424427032471,54999,,
141,0.5183457136154175,55049,,
141,0.6166836023330688,55099,,
141,0.5293329358100891,55149,,
141,0.47070449590682983,55199,,
141,0.5000156164169312,55249,,
141,0.5210404992103577,55299,,
141,0.6750298142433167,55349,,
141,,55379,0.7886618375778198,0.9251999855041504
142,0.5749322772026062,55399,,
142,0.5579012632369995,55449,,
142,0.5573157072067261,55499,,
142,0.6586370468139648,55549,,
142,0.530503511428833,55599,,
142,0.5389989018440247,55649,,
142,0.625583291053772,55699,,
142,0.5971708297729492,55749,,
142,,55769,0.7888221144676208,0.9297000169754028
143,0.4899085462093353,55799,,
143,0.5506484508514404,55849,,
143,0.5885506272315979,55899,,
143,0.4681304693222046,55949,,
143,0.5342733860015869,55999,,
143,0.6071254014968872,56049,,
143,0.6047284603118896,56099,,
143,0.6069469451904297,56149,,
143,,56159,0.7889423370361328,0.9355000257492065
144,0.6119000911712646,56199,,
144,0.5849263072013855,56249,,
144,0.5973217487335205,56299,,
144,0.649429440498352,56349,,
144,0.590437650680542,56399,,
144,0.5739597082138062,56449,,
144,0.5389232635498047,56499,,
144,0.5350630283355713,56549,,
144,,56549,0.7892528176307678,0.9297999739646912
145,0.5501721501350403,56599,,
145,0.5707787275314331,56649,,
145,0.5428749918937683,56699,,
145,0.5581579208374023,56749,,
145,0.5703469514846802,56799,,
145,0.48722678422927856,56849,,
145,0.5144457817077637,56899,,
145,,56939,0.7886918783187866,0.9325000047683716
146,0.5015875101089478,56949,,
146,0.5038759708404541,56999,,
146,0.5013866424560547,57049,,
146,0.48405373096466064,57099,,
146,0.4657083749771118,57149,,
146,0.7141339778900146,57199,,
146,0.5823914408683777,57249,,
146,0.6233705282211304,57299,,
146,,57329,0.7890524864196777,0.9311000108718872
147,0.41261428594589233,57349,,
147,0.47853171825408936,57399,,
147,0.6503584384918213,57449,,
147,0.4933021068572998,57499,,
147,0.5380312204360962,57549,,
147,0.623437762260437,57599,,
147,0.5583558082580566,57649,,
147,0.5325940251350403,57699,,
147,,57719,0.7890725135803223,0.9334999918937683
148,0.4018777310848236,57749,,
148,0.5025483965873718,57799,,
148,0.46600595116615295,57849,,
148,0.5573786497116089,57899,,
148,0.5473870038986206,57949,,
148,0.47202253341674805,57999,,
148,0.5248783826828003,58049,,
148,0.5043705105781555,58099,,
148,,58109,0.7908052802085876,0.9386000037193298
149,0.5773955583572388,58149,,
149,0.5313230156898499,58199,,
149,0.6889680624008179,58249,,
149,0.5540953874588013,58299,,
149,0.5958606004714966,58349,,
149,0.5395907163619995,58399,,
149,0.5562008619308472,58449,,
149,0.5480518341064453,58499,,
149,,58499,0.790584921836853,0.9318000078201294
150,0.48836880922317505,58549,,
150,0.5955802798271179,58599,,
150,0.6546039581298828,58649,,
150,0.6816349029541016,58699,,
150,0.7105549573898315,58749,,
150,0.5335865020751953,58799,,
150,0.47394657135009766,58849,,
150,,58889,0.791015625,0.932699978351593
151,0.5412623286247253,58899,,
151,0.5950927138328552,58949,,
151,0.5524681806564331,58999,,
151,0.5110152959823608,59049,,
151,0.494301438331604,59099,,
151,0.6046057939529419,59149,,
151,0.5572854280471802,59199,,
151,0.6805515289306641,59249,,
151,,59279,0.7898537516593933,0.9373999834060669
152,0.533153772354126,59299,,
152,0.4259071946144104,59349,,
152,0.6244065165519714,59399,,
152,0.6488139033317566,59449,,
152,0.6472632884979248,59499,,
152,0.5756356716156006,59549,,
152,0.4197521209716797,59599,,
152,0.5083669424057007,59649,,
152,,59669,0.790705144405365,0.9380000233650208
153,0.5490572452545166,59699,,
153,0.537270724773407,59749,,
153,0.4901120662689209,59799,,
153,0.5834909677505493,59849,,
153,0.6504501104354858,59899,,
153,0.4991726875305176,59949,,
153,0.5596588850021362,59999,,
153,0.5049400329589844,60049,,
153,,60059,0.7919671535491943,0.9316999912261963
154,0.4879007339477539,60099,,
154,0.5731956958770752,60149,,
154,0.5542237758636475,60199,,
154,0.6218296885490417,60249,,
154,0.6696135997772217,60299,,
154,0.4665263295173645,60349,,
154,0.5964499711990356,60399,,
154,0.4727829098701477,60449,,
154,,60449,0.792107343673706,0.9341999888420105
155,0.4466458559036255,60499,,
155,0.666050910949707,60549,,
155,0.5151427984237671,60599,,
155,0.5383985042572021,60649,,
155,0.5374316573143005,60699,,
155,0.5340484976768494,60749,,
155,0.48493364453315735,60799,,
155,,60839,0.791756808757782,0.9265999794006348
156,0.5054731369018555,60849,,
156,0.5440073013305664,60899,,
156,0.5988707542419434,60949,,
156,0.49794673919677734,60999,,
156,0.4736016094684601,61049,,
156,0.4476255178451538,61099,,
156,0.4991329312324524,61149,,
156,0.4850178360939026,61199,,
156,,61229,0.7913361191749573,0.9350000023841858
157,0.5400826334953308,61249,,
157,0.589710533618927,61299,,
157,0.5596715211868286,61349,,
157,0.5158531069755554,61399,,
157,0.5746117234230042,61449,,
157,0.48899197578430176,61499,,
157,0.4765980839729309,61549,,
157,0.46514010429382324,61599,,
157,,61619,0.7925280332565308,0.9314000010490417
158,0.5454694032669067,61649,,
158,0.5682908296585083,61699,,
158,0.43482476472854614,61749,,
158,0.4900875687599182,61799,,
158,0.4881587624549866,61849,,
158,0.44334620237350464,61899,,
158,0.5676133632659912,61949,,
158,0.5510571002960205,61999,,
158,,62009,0.7918068766593933,0.9334999918937683
159,0.5373128056526184,62049,,
159,0.624213695526123,62099,,
159,0.4768161177635193,62149,,
159,0.46691417694091797,62199,,
159,0.5243207812309265,62249,,
159,0.534608781337738,62299,,
159,0.5886192321777344,62349,,
159,0.5716350078582764,62399,,
159,,62399,0.792187511920929,0.9348000288009644
160,0.5552340149879456,62449,,
160,0.46577656269073486,62499,,
160,0.478721559047699,62549,,
160,0.4479726552963257,62599,,
160,0.504930317401886,62649,,
160,0.5490717887878418,62699,,
160,0.5239089727401733,62749,,
160,,62789,0.7930488586425781,0.933899998664856
161,0.49444347620010376,62799,,
161,0.5339310169219971,62849,,
161,0.5223102569580078,62899,,
161,0.4845418334007263,62949,,
161,0.5063607096672058,62999,,
161,0.5502752065658569,63049,,
161,0.5327223539352417,63099,,
161,0.4855782389640808,63149,,
161,,63179,0.794020414352417,0.9355999827384949
162,0.4610489010810852,63199,,
162,0.4781665503978729,63249,,
162,0.5002542734146118,63299,,
162,0.5492496490478516,63349,,
162,0.48418858647346497,63399,,
162,0.48993629217147827,63449,,
162,0.5271198153495789,63499,,
162,0.5326048135757446,63549,,
162,,63569,0.7935696840286255,0.9362000226974487
163,0.521428108215332,63599,,
163,0.5227582454681396,63649,,
163,0.45378291606903076,63699,,
163,0.5915592908859253,63749,,
163,0.5648639798164368,63799,,
163,0.6215329766273499,63849,,
163,0.44347840547561646,63899,,
163,0.5230412483215332,63949,,
163,,63959,0.7935296297073364,0.930899977684021
164,0.6095980405807495,63999,,
164,0.5742182731628418,64049,,
164,0.5008882284164429,64099,,
164,0.5183647871017456,64149,,
164,0.508143961429596,64199,,
164,0.3842707872390747,64249,,
164,0.5488122701644897,64299,,
164,0.43911072611808777,64349,,
164,,64349,0.7942407727241516,0.9348999857902527
165,0.5381220579147339,64399,,
165,0.5446773171424866,64449,,
165,0.5832815766334534,64499,,
165,0.5521738529205322,64549,,
165,0.5826453566551208,64599,,
165,0.4298931360244751,64649,,
165,0.5183610320091248,64699,,
165,,64739,0.7937199473381042,0.9369999766349792
166,0.589429497718811,64749,,
166,0.5433931350708008,64799,,
166,0.48558029532432556,64849,,
166,0.48163774609565735,64899,,
166,0.460650771856308,64949,,
166,0.48135924339294434,64999,,
166,0.6606453061103821,65049,,
166,0.3789283037185669,65099,,
166,,65129,0.7945111989974976,0.9355000257492065
167,0.4499819278717041,65149,,
167,0.5141754746437073,65199,,
167,0.555091381072998,65249,,
167,0.5208823680877686,65299,,
167,0.46685224771499634,65349,,
167,0.5133506655693054,65399,,
167,0.4676210880279541,65449,,
167,0.4953649044036865,65499,,
167,,65519,0.7954126596450806,0.9314000010490417
168,0.4697827994823456,65549,,
168,0.499947726726532,65599,,
168,0.5797122716903687,65649,,
168,0.5755540728569031,65699,,
168,0.5619164109230042,65749,,
168,0.6075235605239868,65799,,
168,0.5331417918205261,65849,,
168,0.5903428792953491,65899,,
168,,65909,0.7944110631942749,0.9348999857902527
169,0.3663356304168701,65949,,
169,0.45926713943481445,65999,,
169,0.5365318655967712,66049,,
169,0.489249050617218,66099,,
169,0.564602792263031,66149,,
169,0.5288230180740356,66199,,
169,0.5926542282104492,66249,,
169,0.5156379342079163,66299,,
169,,66299,0.7965444922447205,0.9355000257492065
170,0.586054265499115,66349,,
170,0.43521565198898315,66399,,
170,0.5147045850753784,66449,,
170,0.438496470451355,66499,,
170,0.580019474029541,66549,,
170,0.6183223724365234,66599,,
170,0.41522637009620667,66649,,
170,,66689,0.795082151889801,0.9348999857902527
171,0.453762412071228,66699,,
171,0.5685577392578125,66749,,
171,0.5097949504852295,66799,,
171,0.5034030675888062,66849,,
171,0.5239701271057129,66899,,
171,0.5408236384391785,66949,,
171,0.5279046297073364,66999,,
171,0.5978646278381348,67049,,
171,,67079,0.7952123284339905,0.9376000165939331
172,0.5950226783752441,67099,,
172,0.5282328724861145,67149,,
172,0.43692347407341003,67199,,
172,0.506410539150238,67249,,
172,0.49069133400917053,67299,,
172,0.5511331558227539,67349,,
172,0.611042857170105,67399,,
172,0.5605586767196655,67449,,
172,,67469,0.7958333492279053,0.9401999711990356
173,0.6040297746658325,67499,,
173,0.5768511891365051,67549,,
173,0.5367681980133057,67599,,
173,0.7473026514053345,67649,,
173,0.5626840591430664,67699,,
173,0.5038017630577087,67749,,
173,0.5649983882904053,67799,,
173,0.6233773827552795,67849,,
173,,67859,0.7962539792060852,0.9309999942779541
174,0.5162414312362671,67899,,
174,0.6215924024581909,67949,,
174,0.48193058371543884,67999,,
174,0.5641388297080994,68049,,
174,0.5080841779708862,68099,,
174,0.4367334842681885,68149,,
174,0.6475913524627686,68199,,
174,0.5264348983764648,68249,,
174,,68249,0.7966746687889099,0.9365000128746033
175,0.41456323862075806,68299,,
175,0.3931189179420471,68349,,
175,0.5301294922828674,68399,,
175,0.5773849487304688,68449,,
175,0.40834593772888184,68499,,
175,0.564899742603302,68549,,
175,0.5005888938903809,68599,,
175,,68639,0.7978565692901611,0.9347000122070312
176,0.5875593423843384,68649,,
176,0.4342985153198242,68699,,
176,0.5515206456184387,68749,,
176,0.47395020723342896,68799,,
176,0.5016990900039673,68849,,
176,0.5012409090995789,68899,,
176,0.49666303396224976,68949,,
176,0.6134289503097534,68999,,
176,,69029,0.7986077666282654,0.9348000288009644
177,0.45549580454826355,69049,,
177,0.589798092842102,69099,,
177,0.5211532711982727,69149,,
177,0.6164235472679138,69199,,
177,0.4717813730239868,69249,,
177,0.590355634689331,69299,,
177,0.4971321225166321,69349,,
177,0.5582992434501648,69399,,
177,,69419,0.797185480594635,0.9359999895095825
178,0.4499410390853882,69449,,
178,0.5806704759597778,69499,,
178,0.5977441072463989,69549,,
178,0.40372222661972046,69599,,
178,0.6121519804000854,69649,,
178,0.5219047665596008,69699,,
178,0.5400769710540771,69749,,
178,0.4762927293777466,69799,,
178,,69809,0.7984775900840759,0.9370999932289124
179,0.44551533460617065,69849,,
179,0.5488921403884888,69899,,
179,0.4347350299358368,69949,,
179,0.46991419792175293,69999,,
179,0.5254247784614563,70049,,
179,0.5403046011924744,70099,,
179,0.6314119696617126,70149,,
179,0.4877731204032898,70199,,
179,,70199,0.7974358797073364,0.9395999908447266
180,0.5592114925384521,70249,,
180,0.44178664684295654,70299,,
180,0.6792831420898438,70349,,
180,0.6143785715103149,70399,,
180,0.42197155952453613,70449,,
180,0.5906244516372681,70499,,
180,0.5289108157157898,70549,,
180,,70589,0.7980268597602844,0.9395999908447266
181,0.43540364503860474,70599,,
181,0.5077688694000244,70649,,
181,0.4957200884819031,70699,,
181,0.46588486433029175,70749,,
181,0.4744064211845398,70799,,
181,0.5045418739318848,70849,,
181,0.6206440329551697,70899,,
181,0.4872373342514038,70949,,
181,,70979,0.7979968190193176,0.9394999742507935
182,0.509803056716919,70999,,
182,0.5424211621284485,71049,,
182,0.4354414641857147,71099,,
182,0.5314896106719971,71149,,
182,0.4637032151222229,71199,,
182,0.6155629754066467,71249,,
182,0.5198614597320557,71299,,
182,0.4872623682022095,71349,,
182,,71369,0.7985677123069763,0.9380000233650208
183,0.5491567850112915,71399,,
183,0.5498150587081909,71449,,
183,0.4710812568664551,71499,,
183,0.470234215259552,71549,,
183,0.4181881546974182,71599,,
183,0.5177205801010132,71649,,
183,0.4346054792404175,71699,,
183,0.5340949892997742,71749,,
183,,71759,0.7983673810958862,0.9386000037193298
184,0.49385616183280945,71799,,
184,0.45325687527656555,71849,,
184,0.5084786415100098,71899,,
184,0.5130162239074707,71949,,
184,0.49281591176986694,71999,,
184,0.7228293418884277,72049,,
184,0.535469651222229,72099,,
184,0.44808560609817505,72149,,
184,,72149,0.7996794581413269,0.9391999840736389
185,0.48965275287628174,72199,,
185,0.5231019854545593,72249,,
185,0.46060097217559814,72299,,
185,0.41094857454299927,72349,,
185,0.40937232971191406,72399,,
185,0.44212543964385986,72449,,
185,0.5587583780288696,72499,,
185,,72539,0.7995793223381042,0.9337000250816345
186,0.5374038219451904,72549,,
186,0.4969489574432373,72599,,
186,0.5206135511398315,72649,,
186,0.5494318604469299,72699,,
186,0.42667484283447266,72749,,
186,0.5515161752700806,72799,,
186,0.45310527086257935,72849,,
186,0.39458683133125305,72899,,
186,,72929,0.8001201748847961,0.9401000142097473
187,0.40244007110595703,72949,,
187,0.5409293174743652,72999,,
187,0.5272010564804077,73049,,
187,0.5153954029083252,73099,,
187,0.5003724098205566,73149,,
187,0.47160542011260986,73199,,
187,0.5254277586936951,73249,,
187,0.505448579788208,73299,,
187,,73319,0.799609363079071,0.9372000098228455
188,0.5234988331794739,73349,,
188,0.3565199673175812,73399,,
188,0.6265031099319458,73449,,
188,0.6048619151115417,73499,,
188,0.5560275316238403,73549,,
188,0.3744922876358032,73599,,
188,0.4763304591178894,73649,,
188,0.5374744534492493,73699,,
188,,73709,0.7994892001152039,0.939300000667572
189,0.571378767490387,73749,,
189,0.3576914668083191,73799,,
189,0.42961597442626953,73849,,
189,0.4460568428039551,73899,,
189,0.44296157360076904,73949,,
189,0.5264363884925842,73999,,
189,0.4958988428115845,74049,,
189,0.4917345643043518,74099,,
189,,74099,0.8013421297073364,0.9409999847412109
190,0.49578505754470825,74149,,
190,0.47574159502983093,74199,,
190,0.4712146520614624,74249,,
190,0.5140733122825623,74299,,
190,0.5258342623710632,74349,,
190,0.5412518978118896,74399,,
190,0.4612880051136017,74449,,
190,,74489,0.8005508780479431,0.9430000185966492
191,0.5285172462463379,74499,,
191,0.42281678318977356,74549,,
191,0.4086422324180603,74599,,
191,0.4434256851673126,74649,,
191,0.6669853925704956,74699,,
191,0.5600005388259888,74749,,
191,0.4515134394168854,74799,,
191,0.5451714396476746,74849,,
191,,74879,0.8004307150840759,0.9412999749183655
192,0.48926472663879395,74899,,
192,0.40694141387939453,74949,,
192,0.5379445552825928,74999,,
192,0.4469376504421234,75049,,
192,0.5172714591026306,75099,,
192,0.47121840715408325,75149,,
192,0.5732119083404541,75199,,
192,0.4966602921485901,75249,,
192,,75269,0.8015725016593933,0.9434999823570251
193,0.5508800148963928,75299,,
193,0.5580075979232788,75349,,
193,0.5250701904296875,75399,,
193,0.5120830535888672,75449,,
193,0.5333775281906128,75499,,
193,0.53183913230896,75549,,
193,0.5702277421951294,75599,,
193,0.5440400242805481,75649,,
193,,75659,0.8012219667434692,0.9417999982833862
194,0.5395724773406982,75699,,
194,0.410486102104187,75749,,
194,0.5513973832130432,75799,,
194,0.41081756353378296,75849,,
194,0.43988126516342163,75899,,
194,0.4965437650680542,75949,,
194,0.536310613155365,75999,,
194,0.41604411602020264,76049,,
194,,76049,0.8011417984962463,0.9466999769210815
195,0.5522828698158264,76099,,
195,0.4687390625476837,76149,,
195,0.4237709641456604,76199,,
195,0.5079330205917358,76249,,
195,0.4883248209953308,76299,,
195,0.3670758008956909,76349,,
195,0.3615434169769287,76399,,
195,,76439,0.8026642799377441,0.9406999945640564
196,0.3898753523826599,76449,,
196,0.5712336897850037,76499,,
196,0.3930950462818146,76549,,
196,0.5572260022163391,76599,,
196,0.5057698488235474,76649,,
196,0.3890654444694519,76699,,
196,0.49871623516082764,76749,,
196,0.4611620008945465,76799,,
196,,76829,0.8027644157409668,0.9458000063896179
197,0.547063946723938,76849,,
197,0.5119500160217285,76899,,
197,0.40666359663009644,76949,,
197,0.5181137323379517,76999,,
197,0.46694111824035645,77049,,
197,0.5178589224815369,77099,,
197,0.4773521423339844,77149,,
197,0.524087131023407,77199,,
197,,77219,0.8031550645828247,0.9412000179290771
198,0.4867723286151886,77249,,
198,0.4842400550842285,77299,,
198,0.4384760856628418,77349,,
198,0.42156532406806946,77399,,
198,0.4653756320476532,77449,,
198,0.44195741415023804,77499,,
198,0.4663853645324707,77549,,
198,0.40390342473983765,77599,,
198,,77609,0.8028244972229004,0.9451000094413757
199,0.47208064794540405,77649,,
199,0.5422396063804626,77699,,
199,0.5079622864723206,77749,,
199,0.4662364423274994,77799,,
199,0.4472101330757141,77849,,
199,0.40442121028900146,77899,,
199,0.6556559801101685,77949,,
199,0.5153580904006958,77999,,
199,,77999,0.8031951189041138,0.9387000203132629
200,0.47202426195144653,78049,,
200,0.4127504229545593,78099,,
200,0.5289822816848755,78149,,
200,0.46812066435813904,78199,,
200,0.41091787815093994,78249,,
200,0.46117913722991943,78299,,
200,0.598442554473877,78349,,
200,,78389,0.802734375,0.9430000185966492
201,0.5292689800262451,78399,,
201,0.4572337865829468,78449,,
201,0.42513516545295715,78499,,
201,0.4498097598552704,78549,,
201,0.4254712462425232,78599,,
201,0.3921700119972229,78649,,
201,0.6387555599212646,78699,,
201,0.4649011492729187,78749,,
201,,78779,0.8041466474533081,0.9431999921798706
202,0.3873431980609894,78799,,
202,0.5180088877677917,78849,,
202,0.4157335162162781,78899,,
202,0.5113868713378906,78949,,
202,0.47568315267562866,78999,,
202,0.4123193025588989,79049,,
202,0.46122509241104126,79099,,
202,0.5121652483940125,79149,,
202,,79169,0.8034054636955261,0.9416000247001648
203,0.4115961492061615,79199,,
203,0.45929965376853943,79249,,
203,0.4808558225631714,79299,,
203,0.4361158609390259,79349,,
203,0.4943767189979553,79399,,
203,0.44521790742874146,79449,,
203,0.547095775604248,79499,,
203,0.4777162969112396,79549,,
203,,79559,0.8038461804389954,0.9473999738693237
204,0.4844530522823334,79599,,
204,0.46536123752593994,79649,,
204,0.5093701481819153,79699,,
204,0.5672351121902466,79749,,
204,0.4512782692909241,79799,,
204,0.5638312101364136,79849,,
204,0.3909841775894165,79899,,
204,0.5271146893501282,79949,,
204,,79949,0.8047776222229004,0.9430000185966492
205,0.5339416265487671,79999,,
205,0.44523388147354126,80049,,
205,0.4995439052581787,80099,,
205,0.5191189646720886,80149,,
205,0.46648406982421875,80199,,
205,0.3484236001968384,80249,,
205,0.5537785291671753,80299,,
205,,80339,0.8040564656257629,0.944100022315979
206,0.47718292474746704,80349,,
206,0.49771738052368164,80399,,
206,0.36386483907699585,80449,,
206,0.4682643711566925,80499,,
206,0.5516830682754517,80549,,
206,0.4979109764099121,80599,,
206,0.4034765958786011,80649,,
206,0.4358551800251007,80699,,
206,,80729,0.8057491779327393,0.944100022315979
207,0.40754756331443787,80749,,
207,0.44823020696640015,80799,,
207,0.47986459732055664,80849,,
207,0.42753857374191284,80899,,
207,0.4807501435279846,80949,,
207,0.38482388854026794,80999,,
207,0.4433119297027588,81049,,
207,0.3947440981864929,81099,,
207,,81119,0.805899441242218,0.9453999996185303
208,0.557020366191864,81149,,
208,0.44819003343582153,81199,,
208,0.3524198532104492,81249,,
208,0.4804439842700958,81299,,
208,0.39954131841659546,81349,,
208,0.4644886255264282,81399,,
208,0.4470521807670593,81449,,
208,0.47065863013267517,81499,,
208,,81509,0.8054487109184265,0.945900022983551
209,0.4862377345561981,81549,,
209,0.4786284565925598,81599,,
209,0.40685608983039856,81649,,
209,0.3889271914958954,81699,,
209,0.497355192899704,81749,,
209,0.41914188861846924,81799,,
209,0.3203938603401184,81849,,
209,0.3600172996520996,81899,,
209,,81899,0.8059394955635071,0.9470000267028809
210,0.4304502010345459,81949,,
210,0.4348427653312683,81999,,
210,0.4341381788253784,82049,,
210,0.6273152232170105,82099,,
210,0.5108203887939453,82149,,
210,0.4705144166946411,82199,,
210,0.5051789879798889,82249,,
210,,82289,0.8065705299377441,0.9455000162124634
211,0.48455798625946045,82299,,
211,0.4748597741127014,82349,,
211,0.5583885908126831,82399,,
211,0.39095258712768555,82449,,
211,0.44436800479888916,82499,,
211,0.4887801706790924,82549,,
211,0.4526240825653076,82599,,
211,0.37625962495803833,82649,,
211,,82679,0.8071914911270142,0.9509999752044678
212,0.5384015440940857,82699,,
212,0.36857694387435913,82749,,
212,0.40289008617401123,82799,,
212,0.3810151219367981,82849,,
212,0.44390952587127686,82899,,
212,0.4266294538974762,82949,,
212,0.36756932735443115,82999,,
212,0.4675942659378052,83049,,
212,,83069,0.8071414232254028,0.9437999725341797
213,0.4414255619049072,83099,,
213,0.38463106751441956,83149,,
213,0.4249839782714844,83199,,
213,0.4652670919895172,83249,,
213,0.43059420585632324,83299,,
213,0.5500198602676392,83349,,
213,0.5162730813026428,83399,,
213,0.37276047468185425,83449,,
213,,83459,0.8066105842590332,0.9460999965667725
214,0.5050723552703857,83499,,
214,0.4738847315311432,83549,,
214,0.5694494843482971,83599,,
214,0.49618789553642273,83649,,
214,0.37899500131607056,83699,,
214,0.43431639671325684,83749,,
214,0.49933433532714844,83799,,
214,0.45382991433143616,83849,,
214,,83849,0.807421863079071,0.9480999708175659
215,0.4164474606513977,83899,,
215,0.44588202238082886,83949,,
215,0.44905513525009155,83999,,
215,0.417701780796051,84049,,
215,0.3686882555484772,84099,,
215,0.4417840242385864,84149,,
215,0.3916531503200531,84199,,
215,,84239,0.8080528974533081,0.9459999799728394
216,0.42601749300956726,84249,,
216,0.40400242805480957,84299,,
216,0.5722430944442749,84349,,
216,0.44745269417762756,84399,,
216,0.46677547693252563,84449,,
216,0.4037713408470154,84499,,
216,0.5097475647926331,84549,,
216,0.42158055305480957,84599,,
216,,84629,0.8073417544364929,0.9445000290870667
217,0.35138562321662903,84649,,
217,0.39813607931137085,84699,,
217,0.4350926876068115,84749,,
217,0.45486772060394287,84799,,
217,0.3771795332431793,84849,,
217,0.3610944449901581,84899,,
217,0.47274547815322876,84949,,
217,0.4420929551124573,84999,,
217,,85019,0.8079827427864075,0.9491999745368958
218,0.4223428964614868,85049,,
218,0.44005757570266724,85099,,
218,0.411386102437973,85149,,
218,0.5418508052825928,85199,,
218,0.43777427077293396,85249,,
218,0.4535703659057617,85299,,
218,0.546558141708374,85349,,
218,0.44747045636177063,85399,,
218,,85409,0.8077624440193176,0.9455000162124634
219,0.3988720774650574,85449,,
219,0.4369845986366272,85499,,
219,0.5135143399238586,85549,,
219,0.5390029549598694,85599,,
219,0.49648940563201904,85649,,
219,0.45530644059181213,85699,,
219,0.45620134472846985,85749,,
219,0.3964053988456726,85799,,
219,,85799,0.8091145753860474,0.9472000002861023
220,0.4502907395362854,85849,,
220,0.4026142954826355,85899,,
220,0.4082704484462738,85949,,
220,0.4404166340827942,85999,,
220,0.5844030380249023,86049,,
220,0.5142446160316467,86099,,
220,0.39334073662757874,86149,,
220,,86189,0.8083834052085876,0.9477999806404114
221,0.5347272157669067,86199,,
221,0.45254063606262207,86249,,
221,0.512913167476654,86299,,
221,0.42468705773353577,86349,,
221,0.42902275919914246,86399,,
221,0.3974613845348358,86449,,
221,0.41640275716781616,86499,,
221,0.4999196529388428,86549,,
221,,86579,0.8088842034339905,0.9444000124931335
222,0.4240390658378601,86599,,
222,0.48390090465545654,86649,,
222,0.403475284576416,86699,,
222,0.3656015694141388,86749,,
222,0.46629762649536133,86799,,
222,0.36044013500213623,86849,,
222,0.5053519010543823,86899,,
222,0.411960631608963,86949,,
222,,86969,0.8087640404701233,0.9484999775886536
223,0.4859426021575928,86999,,
223,0.5429167747497559,87049,,
223,0.46656906604766846,87099,,
223,0.5117716789245605,87149,,
223,0.4971023201942444,87199,,
223,0.4642946124076843,87249,,
223,0.3906098008155823,87299,,
223,0.4879385828971863,87349,,
223,,87359,0.8101762533187866,0.9452999830245972
224,0.41710081696510315,87399,,
224,0.5653174519538879,87449,,
224,0.4220472574234009,87499,,
224,0.43396320939064026,87549,,
224,0.45078790187835693,87599,,
224,0.3775211572647095,87649,,
224,0.5054481029510498,87699,,
224,0.44873833656311035,87749,,
224,,87749,0.8100260496139526,0.9452999830245972
225,0.4067157506942749,87799,,
225,0.4264097809791565,87849,,
225,0.47042348980903625,87899,,
225,0.37160933017730713,87949,,
225,0.4195159077644348,87999,,
225,0.4688480496406555,88049,,
225,0.4208855628967285,88099,,
225,,88139,0.8097055554389954,0.9474999904632568
226,0.4934675097465515,88149,,
226,0.45823055505752563,88199,,
226,0.3923740088939667,88249,,
226,0.46546030044555664,88299,,
226,0.5058175921440125,88349,,
226,0.5173430442810059,88399,,
226,0.5156314373016357,88449,,
226,0.3927411437034607,88499,,
226,,88529,0.8107572197914124,0.9477999806404114
227,0.43544554710388184,88549,,
227,0.3933856785297394,88599,,
227,0.4870016574859619,88649,,
227,0.536184549331665,88699,,
227,0.3779723346233368,88749,,
227,0.3317147493362427,88799,,
227,0.4388960599899292,88849,,
227,0.39379018545150757,88899,,
227,,88919,0.8107171654701233,0.9478999972343445
228,0.5256533622741699,88949,,
228,0.38738593459129333,88999,,
228,0.4709048271179199,89049,,
228,0.39931413531303406,89099,,
228,0.40137967467308044,89149,,
228,0.4717136323451996,89199,,
228,0.43389710783958435,89249,,
228,0.4215656518936157,89299,,
228,,89309,0.8111578822135925,0.9491999745368958
229,0.36062052845954895,89349,,
229,0.3759613037109375,89399,,
229,0.39272505044937134,89449,,
229,0.44476795196533203,89499,,
229,0.4256111979484558,89549,,
229,0.49100691080093384,89599,,
229,0.4780789315700531,89649,,
229,0.41156572103500366,89699,,
229,,89699,0.8114182949066162,0.9456999897956848
230,0.4102628231048584,89749,,
230,0.5158804059028625,89799,,
230,0.4937213659286499,89849,,
230,0.46065670251846313,89899,,
230,0.3508201241493225,89949,,
230,0.41636568307876587,89999,,
230,0.4014322757720947,90049,,
230,,90089,0.8112179636955261,0.9490000009536743
231,0.4750383496284485,90099,,
231,0.36939749121665955,90149,,
231,0.5109465718269348,90199,,
231,0.3647328019142151,90249,,
231,0.40747153759002686,90299,,
231,0.4218398928642273,90349,,
231,0.428413063287735,90399,,
231,0.4318193197250366,90449,,
231,,90479,0.8115484714508057,0.9458000063896179
232,0.4954904019832611,90499,,
232,0.5018473863601685,90549,,
232,0.4257979393005371,90599,,
232,0.4323408603668213,90649,,
232,0.5653120875358582,90699,,
232,0.4121473431587219,90749,,
232,0.4954295754432678,90799,,
232,0.3865475654602051,90849,,
232,,90869,0.8112480044364929,0.948199987411499
233,0.4355270266532898,90899,,
233,0.40644967555999756,90949,,
233,0.48697996139526367,90999,,
233,0.43135762214660645,91049,,
233,0.49975255131721497,91099,,
233,0.4330497980117798,91149,,
233,0.4048490822315216,91199,,
233,0.46359783411026,91249,,
233,,91259,0.8122395873069763,0.9496999979019165
234,0.482200026512146,91299,,
234,0.4284549951553345,91349,,
234,0.35621488094329834,91399,,
234,0.39353567361831665,91449,,
234,0.4079420268535614,91499,,
234,0.3311832547187805,91549,,
234,0.4289162755012512,91599,,
234,0.33672428131103516,91649,,
234,,91649,0.8123497366905212,0.9524000287055969
235,0.35095125436782837,91699,,
235,0.45822858810424805,91749,,
235,0.40769845247268677,91799,,
235,0.4266895651817322,91849,,
235,0.477766752243042,91899,,
235,0.325508713722229,91949,,
235,0.40576237440109253,91999,,
235,,92039,0.8124499320983887,0.9519000053405762
236,0.3801693618297577,92049,,
236,0.44307711720466614,92099,,
236,0.5618153810501099,92149,,
236,0.459261417388916,92199,,
236,0.384968638420105,92249,,
236,0.412701815366745,92299,,
236,0.3886348605155945,92349,,
236,0.3849634826183319,92399,,
236,,92429,0.8122095465660095,0.9492999911308289
237,0.43444931507110596,92449,,
237,0.40812310576438904,92499,,
237,0.4371154010295868,92549,,
237,0.4005362391471863,92599,,
237,0.42182886600494385,92649,,
237,0.3999595642089844,92699,,
237,0.42776548862457275,92749,,
237,0.4305737018585205,92799,,
237,,92819,0.8128405213356018,0.9480000138282776
238,0.40922272205352783,92849,,
238,0.41568517684936523,92899,,
238,0.42956075072288513,92949,,
238,0.403556764125824,92999,,
238,0.47501617670059204,93049,,
238,0.6035542488098145,93099,,
238,0.3592543601989746,93149,,
238,0.40308573842048645,93199,,
238,,93209,0.813872218132019,0.9502000212669373
239,0.4694625437259674,93249,,
239,0.380778968334198,93299,,
239,0.4766806662082672,93349,,
239,0.4592413306236267,93399,,
239,0.3418325185775757,93449,,
239,0.34616053104400635,93499,,
239,0.43465688824653625,93549,,
239,0.37527701258659363,93599,,
239,,93599,0.8133513331413269,0.9538000226020813
240,0.4541627764701843,93649,,
240,0.45539265871047974,93699,,
240,0.47610872983932495,93749,,
240,0.4410306513309479,93799,,
240,0.4148898422718048,93849,,
240,0.37154117226600647,93899,,
240,0.47899529337882996,93949,,
240,,93989,0.8142427802085876,0.9509999752044678
241,0.4606756567955017,93999,,
241,0.3602830171585083,94049,,
241,0.4851459860801697,94099,,
241,0.43774864077568054,94149,,
241,0.39067408442497253,94199,,
241,0.3609253168106079,94249,,
241,0.484332799911499,94299,,
241,0.3724746108055115,94349,,
241,,94379,0.8127203583717346,0.9509999752044678
242,0.3867042660713196,94399,,
242,0.47762221097946167,94449,,
242,0.4443194270133972,94499,,
242,0.4263841509819031,94549,,
242,0.3417924642562866,94599,,
242,0.3725843131542206,94649,,
242,0.398561954498291,94699,,
242,0.4766337275505066,94749,,
242,,94769,0.813591718673706,0.9513999819755554
243,0.39454278349876404,94799,,
243,0.4233698844909668,94849,,
243,0.40088051557540894,94899,,
243,0.45321711897850037,94949,,
243,0.4606102705001831,94999,,
243,0.3840388059616089,95049,,
243,0.4014608561992645,95099,,
243,0.5052090883255005,95149,,
243,,95159,0.8134315013885498,0.9537000060081482
244,0.45253291726112366,95199,,
244,0.4150722622871399,95249,,
244,0.370067834854126,95299,,
244,0.4373692274093628,95349,,
244,0.37709522247314453,95399,,
244,0.5108122229576111,95449,,
244,0.34785711765289307,95499,,
244,0.3963773548603058,95549,,
244,,95549,0.8140124082565308,0.9520999789237976
245,0.39420759677886963,95599,,
245,0.411182701587677,95649,,
245,0.44281715154647827,95699,,
245,0.33757445216178894,95749,,
245,0.35922032594680786,95799,,
245,0.45878249406814575,95849,,
245,0.4597591161727905,95899,,
245,,95939,0.8142628073692322,0.9514999985694885
246,0.3972916305065155,95949,,
246,0.41911864280700684,95999,,
246,0.4842067062854767,96049,,
246,0.3859649896621704,96099,,
246,0.39753812551498413,96149,,
246,0.46879851818084717,96199,,
246,0.4606371521949768,96249,,
246,0.38062161207199097,96299,,
246,,96329,0.8150641322135925,0.9545999765396118
247,0.4388650059700012,96349,,
247,0.4125601053237915,96399,,
247,0.31041765213012695,96449,,
247,0.47398293018341064,96499,,
247,0.365079402923584,96549,,
247,0.40901464223861694,96599,,
247,0.4091936945915222,96649,,
247,0.4316345453262329,96699,,
247,,96719,0.8152443766593933,0.9528999924659729
248,0.3663369417190552,96749,,
248,0.4568603038787842,96799,,
248,0.4714093804359436,96849,,
248,0.3792729377746582,96899,,
248,0.38998374342918396,96949,,
248,0.341495543718338,96999,,
248,0.39495500922203064,97049,,
248,0.386387437582016,97099,,
248,,97109,0.8158754110336304,0.9550999999046326
249,0.41143670678138733,97149,,
249,0.3727586269378662,97199,,
249,0.4161555767059326,97249,,
249,0.41902413964271545,97299,,
249,0.3644294738769531,97349,,
249,0.33421590924263,97399,,
249,0.31752195954322815,97449,,
249,0.39449596405029297,97499,,
249,,97499,0.8156951069831848,0.9535999894142151
250,0.4070613980293274,97549,,
250,0.4581165313720703,97599,,
250,0.3814699649810791,97649,,
250,0.3804686665534973,97699,,
250,0.3711071014404297,97749,,
250,0.44170236587524414,97799,,
250,0.378699392080307,97849,,
250,,97889,0.8153946399688721,0.9527999758720398
251,0.45949840545654297,97899,,
251,0.34582263231277466,97949,,
251,0.3627994656562805,97999,,
251,0.3483735918998718,98049,,
251,0.4004162549972534,98099,,
251,0.5137876868247986,98149,,
251,0.3666030466556549,98199,,
251,0.5271595120429993,98249,,
251,,98279,0.8158153295516968,0.9552000164985657
252,0.5948317050933838,98299,,
252,0.4168632924556732,98349,,
252,0.37283778190612793,98399,,
252,0.3727228045463562,98449,,
252,0.4127432405948639,98499,,
252,0.4961918592453003,98549,,
252,0.39753392338752747,98599,,
252,0.37030553817749023,98649,,
252,,98669,0.8166065812110901,0.9505000114440918
253,0.4099911153316498,98699,,
253,0.4263766407966614,98749,,
253,0.3689478933811188,98799,,
253,0.3053649365901947,98849,,
253,0.34923070669174194,98899,,
253,0.4017195999622345,98949,,
253,0.395310640335083,98999,,
253,0.5000261664390564,99049,,
253,,99059,0.8166466355323792,0.9526000022888184
254,0.4296468496322632,99099,,
254,0.36857870221138,99149,,
254,0.3903244733810425,99199,,
254,0.4204462766647339,99249,,
254,0.313075453042984,99299,,
254,0.3716789186000824,99349,,
254,0.4631897807121277,99399,,
254,0.35591810941696167,99449,,
254,,99449,0.8159254789352417,0.9545999765396118
255,0.3924136757850647,99499,,
255,0.3615945279598236,99549,,
255,0.34224987030029297,99599,,
255,0.42382919788360596,99649,,
255,0.40157777070999146,99699,,
255,0.4038325548171997,99749,,
255,0.37325239181518555,99799,,
255,,99839,0.8168669939041138,0.9538000226020813
256,0.38790640234947205,99849,,
256,0.4438871145248413,99899,,
256,0.404606431722641,99949,,
256,0.39138615131378174,99999,,
256,0.36266958713531494,100049,,
256,0.5211309194564819,100099,,
256,0.40810126066207886,100149,,
256,0.3156939148902893,100199,,
256,,100229,0.8169370889663696,0.9535999894142151
257,0.4430554509162903,100249,,
257,0.3742547631263733,100299,,
257,0.4575982093811035,100349,,
257,0.36317893862724304,100399,,
257,0.34973594546318054,100449,,
257,0.34851980209350586,100499,,
257,0.4093658924102783,100549,,
257,0.36325961351394653,100599,,
257,,100619,0.8171574473381042,0.9570000171661377
258,0.38950616121292114,100649,,
258,0.3558100759983063,100699,,
258,0.3340620994567871,100749,,
258,0.32898062467575073,100799,,
258,0.3957008719444275,100849,,
258,0.39484161138534546,100899,,
258,0.4070194959640503,100949,,
258,0.4089914560317993,100999,,
258,,101009,0.8170673251152039,0.9538999795913696
259,0.3398459553718567,101049,,
259,0.41457417607307434,101099,,
259,0.43636471033096313,101149,,
259,0.3130000829696655,101199,,
259,0.37066447734832764,101249,,
259,0.4524540305137634,101299,,
259,0.36057689785957336,101349,,
259,0.36411112546920776,101399,,
259,,101399,0.8175881505012512,0.9555000066757202
260,0.3558645248413086,101449,,
260,0.34991127252578735,101499,,
260,0.4053199291229248,101549,,
260,0.4636842608451843,101599,,
260,0.3709219694137573,101649,,
260,0.407309353351593,101699,,
260,0.3220042288303375,101749,,
260,,101789,0.8176582455635071,0.9563000202178955
261,0.40996670722961426,101799,,
261,0.3227221369743347,101849,,
261,0.43585729598999023,101899,,
261,0.4266813099384308,101949,,
261,0.33893662691116333,101999,,
261,0.38247495889663696,102049,,
261,0.4309840798377991,102099,,
261,0.37282508611679077,102149,,
261,,102179,0.8178786039352417,0.9559999704360962
262,0.3685300648212433,102199,,
262,0.423277348279953,102249,,
262,0.37368690967559814,102299,,
262,0.4132915139198303,102349,,
262,0.37605002522468567,102399,,
262,0.36447229981422424,102449,,
262,0.4979501962661743,102499,,
262,0.2998555302619934,102549,,
262,,102569,0.8183093070983887,0.9567999839782715
263,0.4245709776878357,102599,,
263,0.4776638448238373,102649,,
263,0.32877659797668457,102699,,
263,0.42827916145324707,102749,,
263,0.49728697538375854,102799,,
263,0.3027670979499817,102849,,
263,0.43742722272872925,102899,,
263,0.4475677013397217,102949,,
263,,102959,0.8181089758872986,0.9557999968528748
264,0.4203300476074219,102999,,
264,0.4105897545814514,103049,,
264,0.3781999945640564,103099,,
264,0.36488187313079834,103149,,
264,0.42071348428726196,103199,,
264,0.36117124557495117,103249,,
264,0.368599534034729,103299,,
264,0.42536622285842896,103349,,
264,,103349,0.8184695243835449,0.9550999999046326
265,0.35647401213645935,103399,,
265,0.38877856731414795,103449,,
265,0.4576464891433716,103499,,
265,0.3274068832397461,103549,,
265,0.38081640005111694,103599,,
265,0.3653452396392822,103649,,
265,0.43204465508461,103699,,
265,,103739,0.8186798691749573,0.9559999704360962
266,0.36687445640563965,103749,,
266,0.3273408114910126,103799,,
266,0.402858167886734,103849,,
266,0.43799883127212524,103899,,
266,0.3903254270553589,103949,,
266,0.38607490062713623,103999,,
266,0.38420993089675903,104049,,
266,0.39704105257987976,104099,,
266,,104129,0.8185496926307678,0.9557999968528748
267,0.34815773367881775,104149,,
267,0.4286135137081146,104199,,
267,0.3369748294353485,104249,,
267,0.3768869936466217,104299,,
267,0.4308149814605713,104349,,
267,0.3981044888496399,104399,,
267,0.398194283246994,104449,,
267,0.3864571452140808,104499,,
267,,104519,0.8185096383094788,0.9541000127792358
268,0.3973361849784851,104549,,
268,0.4131389558315277,104599,,
268,0.38890910148620605,104649,,
268,0.4069168269634247,104699,,
268,0.4320738911628723,104749,,
268,0.4218429923057556,104799,,
268,0.4539942443370819,104849,,
268,0.37930813431739807,104899,,
268,,104909,0.8185797333717346,0.9556000232696533
269,0.36795398592948914,104949,,
269,0.36423996090888977,104999,,
269,0.403315931558609,105049,,
269,0.3428630828857422,105099,,
269,0.41421735286712646,105149,,
269,0.37641578912734985,105199,,
269,0.4051288366317749,105249,,
269,0.3641852140426636,105299,,
269,,105299,0.8194410800933838,0.9544000029563904
270,0.4261750280857086,105349,,
270,0.3761706054210663,105399,,
270,0.31316155195236206,105449,,
270,0.3888670802116394,105499,,
270,0.3135528564453125,105549,,
270,0.3928370475769043,105599,,
270,0.34912529587745667,105649,,
270,,105689,0.8190504908561707,0.9555000066757202
271,0.38795006275177,105699,,
271,0.38501089811325073,105749,,
271,0.3211623430252075,105799,,
271,0.3516919016838074,105849,,
271,0.39909130334854126,105899,,
271,0.3526456654071808,105949,,
271,0.39169493317604065,105999,,
271,0.3868807554244995,106049,,
271,,106079,0.8202023506164551,0.9553999900817871
272,0.36413320899009705,106099,,
272,0.3883303999900818,106149,,
272,0.4018859267234802,106199,,
272,0.3406051695346832,106249,,
272,0.3683432936668396,106299,,
272,0.323178231716156,106349,,
272,0.3375932574272156,106399,,
272,0.4293093681335449,106449,,
272,,106469,0.819100558757782,0.954800009727478
273,0.4246712327003479,106499,,
273,0.39509519934654236,106549,,
273,0.42067164182662964,106599,,
273,0.3755648136138916,106649,,
273,0.3345688581466675,106699,,
273,0.38019096851348877,106749,,
273,0.35144850611686707,106799,,
273,0.4160309433937073,106849,,
273,,106859,0.8198517560958862,0.9549999833106995
274,0.34102383255958557,106899,,
274,0.4315602481365204,106949,,
274,0.38582003116607666,106999,,
274,0.34777525067329407,107049,,
274,0.3306310772895813,107099,,
274,0.35617607831954956,107149,,
274,0.43129128217697144,107199,,
274,0.3283193111419678,107249,,
274,,107249,0.8197916746139526,0.9555000066757202
275,0.38909226655960083,107299,,
275,0.3783697783946991,107349,,
275,0.4140053689479828,107399,,
275,0.4566854238510132,107449,,
275,0.37400075793266296,107499,,
275,0.3505851626396179,107549,,
275,0.45176589488983154,107599,,
275,,107639,0.8192708492279053,0.9535999894142151
276,0.34393614530563354,107649,,
276,0.34026750922203064,107699,,
276,0.4380784034729004,107749,,
276,0.3847312331199646,107799,,
276,0.35880210995674133,107849,,
276,0.3412613272666931,107899,,
276,0.36629384756088257,107949,,
276,0.3815053105354309,107999,,
276,,108029,0.8201822638511658,0.9569000005722046
277,0.3647954761981964,108049,,
277,0.3136787712574005,108099,,
277,0.4310615658760071,108149,,
277,0.43254074454307556,108199,,
277,0.4326457977294922,108249,,
277,0.38155823945999146,108299,,
277,0.35182738304138184,108349,,
277,0.40668216347694397,108399,,
277,,108419,0.8199118375778198,0.9549999833106995
278,0.3175492286682129,108449,,
278,0.32580533623695374,108499,,
278,0.3996913731098175,108549,,
278,0.3264637887477875,108599,,
278,0.3468213677406311,108649,,
278,0.3937695026397705,108699,,
278,0.3872535228729248,108749,,
278,0.33996638655662537,108799,,
278,,108809,0.8199018239974976,0.9549999833106995
279,0.4031835198402405,108849,,
279,0.3530842661857605,108899,,
279,0.39285653829574585,108949,,
279,0.312959223985672,108999,,
279,0.3761962652206421,109049,,
279,0.43458735942840576,109099,,
279,0.3674847483634949,109149,,
279,0.38997337222099304,109199,,
279,,109199,0.8201923370361328,0.9559000134468079
280,0.42395931482315063,109249,,
280,0.3848724663257599,109299,,
280,0.43498775362968445,109349,,
280,0.35205578804016113,109399,,
280,0.3499770164489746,109449,,
280,0.34483081102371216,109499,,
280,0.370197594165802,109549,,
280,,109589,0.8203024864196777,0.95660001039505
281,0.3651611804962158,109599,,
281,0.3931157886981964,109649,,
281,0.30948227643966675,109699,,
281,0.35868871212005615,109749,,
281,0.36603623628616333,109799,,
281,0.35220858454704285,109849,,
281,0.3474874496459961,109899,,
281,0.3762979507446289,109949,,
281,,109979,0.8196814656257629,0.9556000232696533
282,0.3495062589645386,109999,,
282,0.36265113949775696,110049,,
282,0.4006789028644562,110099,,
282,0.4194750487804413,110149,,
282,0.37155914306640625,110199,,
282,0.3611869513988495,110249,,
282,0.3287825286388397,110299,,
282,0.3334987759590149,110349,,
282,,110369,0.8205428719520569,0.9564999938011169
283,0.416311115026474,110399,,
283,0.4818185567855835,110449,,
283,0.3984559178352356,110499,,
283,0.32782071828842163,110549,,
283,0.37680375576019287,110599,,
283,0.3351749777793884,110649,,
283,0.3583049476146698,110699,,
283,0.3313058018684387,110749,,
283,,110759,0.8203825950622559,0.9569000005722046
284,0.3948937654495239,110799,,
284,0.4662731885910034,110849,,
284,0.3531825840473175,110899,,
284,0.41620397567749023,110949,,
284,0.35559478402137756,110999,,
284,0.3683721423149109,111049,,
284,0.4358707070350647,111099,,
284,0.36148396134376526,111149,,
284,,111149,0.8203425407409668,0.9560999870300293
285,0.44210952520370483,111199,,
285,0.3618179261684418,111249,,
285,0.38375481963157654,111299,,
285,0.35439327359199524,111349,,
285,0.41062891483306885,111399,,
285,0.39072176814079285,111449,,
285,0.3688596189022064,111499,,
285,,111539,0.8202724456787109,0.9559999704360962
286,0.30851036310195923,111549,,
286,0.31760355830192566,111599,,
286,0.34307947754859924,111649,,
286,0.36207395792007446,111699,,
286,0.42942219972610474,111749,,
286,0.3304869830608368,111799,,
286,0.39559406042099,111849,,
286,0.43613603711128235,111899,,
286,,111929,0.8198217153549194,0.9556000232696533
287,0.33416199684143066,111949,,
287,0.46393242478370667,111999,,
287,0.5049606561660767,112049,,
287,0.4372967481613159,112099,,
287,0.33499813079833984,112149,,
287,0.34295451641082764,112199,,
287,0.3382900357246399,112249,,
287,0.34179913997650146,112299,,
287,,112319,0.8203625679016113,0.9559000134468079
288,0.356932133436203,112349,,
288,0.3609951138496399,112399,,
288,0.4657853841781616,112449,,
288,0.38677385449409485,112499,,
288,0.2996096909046173,112549,,
288,0.38967427611351013,112599,,
288,0.4156697392463684,112649,,
288,0.39380890130996704,112699,,
288,,112709,0.8202624320983887,0.9550999999046326
289,0.346910297870636,112749,,
289,0.4055638611316681,112799,,
289,0.34808000922203064,112849,,
289,0.37628108263015747,112899,,
289,0.39595046639442444,112949,,
289,0.384534627199173,112999,,
289,0.3351552188396454,113049,,
289,0.4533272981643677,113099,,
289,,113099,0.8201321959495544,0.9567000269889832
290,0.4787178039550781,113149,,
290,0.3916488289833069,113199,,
290,0.35892894864082336,113249,,
290,0.33170032501220703,113299,,
290,0.34132054448127747,113349,,
290,0.3409542143344879,113399,,
290,0.34960222244262695,113449,,
290,,113489,0.8208533525466919,0.9563000202178955
291,0.3016614317893982,113499,,
291,0.4244265556335449,113549,,
291,0.3902372419834137,113599,,
291,0.4152461886405945,113649,,
291,0.3882087767124176,113699,,
291,0.3296782672405243,113749,,
291,0.32797351479530334,113799,,
291,0.3511335849761963,113849,,
291,,113879,0.8208333253860474,0.9574999809265137
292,0.3623722791671753,113899,,
292,0.34556135535240173,113949,,
292,0.3462345600128174,113999,,
292,0.3696475028991699,114049,,
292,0.34748655557632446,114099,,
292,0.2743859887123108,114149,,
292,0.43899959325790405,114199,,
292,0.3337607979774475,114249,,
292,,114269,0.8212440013885498,0.9577999711036682
293,0.4261782169342041,114299,,
293,0.33497655391693115,114349,,
293,0.36274880170822144,114399,,
293,0.4314114451408386,114449,,
293,0.35408520698547363,114499,,
293,0.4803793430328369,114549,,
293,0.3702917993068695,114599,,
293,0.3788195252418518,114649,,
293,,114659,0.821404218673706,0.9569000005722046
294,0.37470585107803345,114699,,
294,0.4569990634918213,114749,,
294,0.32438722252845764,114799,,
294,0.29520654678344727,114849,,
294,0.35935723781585693,114899,,
294,0.3221033215522766,114949,,
294,0.2823225259780884,114999,,
294,0.3948040306568146,115049,,
294,,115049,0.8212440013885498,0.9564999938011169
295,0.3670174181461334,115099,,
295,0.4301304221153259,115149,,
295,0.34770774841308594,115199,,
295,0.4704968333244324,115249,,
295,0.4666447043418884,115299,,
295,0.3542526066303253,115349,,
295,0.3647507429122925,115399,,
295,,115439,0.8205228447914124,0.957099974155426
296,0.38277220726013184,115449,,
296,0.34929922223091125,115499,,
296,0.3221304416656494,115549,,
296,0.4031620919704437,115599,,
296,0.3845430314540863,115649,,
296,0.31151339411735535,115699,,
296,0.32017967104911804,115749,,
296,0.31652045249938965,115799,,
296,,115829,0.8212540149688721,0.9557999968528748
297,0.3907483220100403,115849,,
297,0.29924434423446655,115899,,
297,0.4705086946487427,115949,,
297,0.3855525553226471,115999,,
297,0.3409568965435028,116049,,
297,0.3129388391971588,116099,,
297,0.36620205640792847,116149,,
297,0.36159804463386536,116199,,
297,,116219,0.8206430077552795,0.9570000171661377
298,0.331391304731369,116249,,
298,0.354433536529541,116299,,
298,0.5985231399536133,116349,,
298,0.3973727226257324,116399,,
298,0.347339004278183,116449,,
298,0.36048948764801025,116499,,
298,0.40786683559417725,116549,,
298,0.35635924339294434,116599,,
298,,116609,0.8208233118057251,0.9573000073432922
299,0.3939240276813507,116649,,
299,0.33822864294052124,116699,,
299,0.3951822519302368,116749,,
299,0.4260990619659424,116799,,
299,0.33570700883865356,116849,,
299,0.47723469138145447,116899,,
299,0.3641579747200012,116949,,
299,0.40384963154792786,116999,,
299,,116999,0.8217147588729858,0.9581999778747559
