train_loss2,step,train_loss1,epoch,test_acc,train_acc1,train_acc2
0.01468387246131897,49,0.014279935508966446,0,,,
0.01417173258960247,99,0.013544191606342793,0,,,
0.01309721078723669,149,0.012128439731895924,0,,,
0.013545971363782883,199,0.012519914656877518,0,,,
0.01182851754128933,249,0.011310852132737637,0,,,
0.01213952898979187,299,0.011536350473761559,0,,,
0.013002338819205761,349,0.012246424332261086,0,,,
,389,,0,0.5285000205039978,0.41574519872665405,0.38331329822540283
0.010395193472504616,399,0.010067213326692581,1,,,
0.010465394705533981,449,0.009750579483807087,1,,,
0.008849023841321468,499,0.008052201010286808,1,,,
0.009272935800254345,549,0.009181198664009571,1,,,
0.009844882413744926,599,0.010765982791781425,1,,,
0.009731845930218697,649,0.009072716347873211,1,,,
0.006819889415055513,699,0.006602012552320957,1,,,
0.008243870921432972,749,0.007653525099158287,1,,,
,779,,1,0.6269999742507935,0.5839543342590332,0.5584134459495544
0.007838336750864983,799,0.007207818794995546,2,,,
0.0081833740696311,849,0.007182732690125704,2,,,
0.007238585036247969,899,0.006865309551358223,2,,,
0.006354181561619043,949,0.005681936629116535,2,,,
0.006117397453635931,999,0.005924403201788664,2,,,
0.006309599615633488,1049,0.0053517804481089115,2,,,
0.00620651850476861,1099,0.006242912262678146,2,,,
0.006634403020143509,1149,0.006289587821811438,2,,,
,1169,,2,0.6923999786376953,0.6567507982254028,0.6413862109184265
0.005805284716188908,1199,0.004775833338499069,3,,,
0.004710861947387457,1249,0.004834330175071955,3,,,
0.006030209828168154,1299,0.005621888674795628,3,,,
0.005478853825479746,1349,0.005522586405277252,3,,,
0.006486291531473398,1399,0.006016553845256567,3,,,
0.004360306542366743,1449,0.004026973620057106,3,,,
0.005983359646052122,1499,0.006081605330109596,3,,,
0.004743372555822134,1549,0.0041904328390955925,3,,,
,1559,,3,0.7350999712944031,0.7017627954483032,0.6917067170143127
0.005227385088801384,1599,0.005530363880097866,4,,,
0.006162883713841438,1649,0.005448824260383844,4,,,
0.004510167986154556,1699,0.004857360851019621,4,,,
0.0031256643123924732,1749,0.003061159746721387,4,,,
0.005655200220644474,1799,0.0047444067895412445,4,,,
0.004039337392896414,1849,0.0033915266394615173,4,,,
0.00583047978579998,1899,0.005859272554516792,4,,,
0.004207731690257788,1949,0.004380254540592432,4,,,
,1949,,4,0.7804999947547913,0.7303285002708435,0.7252404093742371
0.0029670684598386288,1999,0.003708113683387637,5,,,
0.003657040884718299,2049,0.003925800789147615,5,,,
0.00337222870439291,2099,0.0035632888320833445,5,,,
0.0045339493080973625,2149,0.004323915112763643,5,,,
0.0027382196858525276,2199,0.002578854328021407,5,,,
0.0023431857116520405,2249,0.002739771269261837,5,,,
0.006450604181736708,2299,0.006185002624988556,5,,,
,2339,,5,0.7405999898910522,0.7502604126930237,0.747616171836853
0.002471581334248185,2349,0.0029110622126609087,6,,,
0.0033187749795615673,2399,0.0027276165783405304,6,,,
0.0024512873496860266,2449,0.0036183055490255356,6,,,
0.003740642685443163,2499,0.003194872522726655,6,,,
0.0020801271311938763,2549,0.0026039963122457266,6,,,
0.0037779330741614103,2599,0.003786218585446477,6,,,
0.0034177671186625957,2649,0.0036727364640682936,6,,,
0.002109275897964835,2699,0.0022213917691260576,6,,,
,2729,,6,0.8073999881744385,0.7621194124221802,0.7606770992279053
0.002939722267910838,2749,0.003186615649610758,7,,,
0.002468471648171544,2799,0.00239049200899899,7,,,
0.002987847663462162,2849,0.0035791886039078236,7,,,
0.0018870134372264147,2899,0.0020004401449114084,7,,,
0.0025858788285404444,2949,0.002699942560866475,7,,,
0.002937200479209423,2999,0.0030381260439753532,7,,,
0.0030579138547182083,3049,0.0026677607093006372,7,,,
0.0013484230730682611,3099,0.0009960721945390105,7,,,
,3119,,7,0.8119999766349792,0.7765224575996399,0.7749999761581421
0.0023351814597845078,3149,0.0020380569621920586,8,,,
0.0019434562418609858,3199,0.0016968706622719765,8,,,
0.0007802816107869148,3249,0.0010997153585776687,8,,,
0.003869814332574606,3299,0.00405226880684495,8,,,
0.002656024880707264,3349,0.002323674038052559,8,,,
0.00222326023504138,3399,0.0011488227173686028,8,,,
0.003168122610077262,3449,0.002264813520014286,8,,,
0.0022083627991378307,3499,0.0021913719829171896,8,,,
,3509,,8,0.8109999895095825,0.7852764129638672,0.7858774065971375
0.0018600851763039827,3549,0.001628720317967236,9,,,
0.0016128302086144686,3599,0.0020859655924141407,9,,,
0.0023362895008176565,3649,0.0019029269460588694,9,,,
0.0017153797671198845,3699,0.001455102814361453,9,,,
0.002137188334017992,3749,0.002191852079704404,9,,,
0.0029746610671281815,3799,0.0024932436645030975,9,,,
0.000950377550907433,3849,0.0019245563307777047,9,,,
0.0035863423254340887,3899,0.003468506969511509,9,,,
,3899,,9,0.8033000230789185,0.788281261920929,0.7864983677864075
0.0026285783387720585,3949,0.002866713795810938,10,,,
0.001140490174293518,3999,0.0006330671021714807,10,,,
0.0009594776784069836,4049,0.0010836711153388023,10,,,
0.000803731323685497,4099,0.0008585967007093132,10,,,
0.0008743295911699533,4149,0.0014276679139584303,10,,,
0.003130745841190219,4199,0.003300381824374199,10,,,
0.002768926788121462,4249,0.0023483524564653635,10,,,
,4289,,10,0.8241000175476074,0.7950921654701233,0.7961137890815735
0.0014644215116277337,4299,0.0012921311426907778,11,,,
0.0021944039035588503,4349,0.003172885859385133,11,,,
0.0024168072268366814,4399,0.002247157273814082,11,,,
0.0021217644680291414,4449,0.0019382757600396872,11,,,
0.0016885400982573628,4499,0.0016502373619005084,11,,,
0.0010552916210144758,4549,0.0015727458521723747,11,,,
0.0010277462424710393,4599,0.0011687355581671,11,,,
0.0011143282754346728,4649,0.0014569032937288284,11,,,
,4679,,11,0.8245999813079834,0.7991586327552795,0.7997596263885498
0.0018406216986477375,4699,0.0009361420525237918,12,,,
0.0007978965295478702,4749,0.0010540938237681985,12,,,
0.0006871632649563253,4799,0.0011738964822143316,12,,,
0.001096329651772976,4849,0.000803269911557436,12,,,
0.00222022901289165,4899,0.002016147132962942,12,,,
0.0006736345821991563,4949,0.00047139512025751173,12,,,
0.0006663918029516935,4999,0.0008049028110690415,12,,,
0.0008524583536200225,5049,0.0007840709877200425,12,,,
,5069,,12,0.8396999835968018,0.8049679398536682,0.8055689334869385
0.0018526212079450488,5099,0.0011454342165961862,13,,,
0.001937160617671907,5149,0.0014463758561760187,13,,,
0.0016573236789554358,5199,0.001462990534491837,13,,,
0.0008023242116905749,5249,0.0012821451527997851,13,,,
0.0002972648071590811,5299,0.0003253258182667196,13,,,
0.001303047756664455,5349,0.0006649453425779939,13,,,
0.00039350922452285886,5399,0.0008733973954804242,13,,,
0.0015920312143862247,5449,0.002428536769002676,13,,,
,5459,,13,0.8392000198364258,0.810857355594635,0.8087940812110901
0.0018073738319799304,5499,0.0017099527176469564,14,,,
0.0018553046975284815,5549,0.001673759426921606,14,,,
0.0015572011470794678,5599,0.0009998938767239451,14,,,
0.001917577814310789,5649,0.0019406373612582684,14,,,
0.0015017781406641006,5699,0.0014887904981151223,14,,,
0.0019823818001896143,5749,0.0018005133606493473,14,,,
0.0015928749926388264,5799,0.0014371132710948586,14,,,
0.0009637814946472645,5849,0.0016994054894894361,14,,,
,5849,,14,0.8409000039100647,0.8136017918586731,0.815625011920929
0.0009951333049684763,5899,0.0017069346504285932,15,,,
0.0006037427228875458,5949,0.0011166034964844584,15,,,
0.0012050498044118285,5999,0.00045321419020183384,15,,,
0.0007969828438945115,6049,0.001775082666426897,15,,,
0.002089862246066332,6099,0.0014312479179352522,15,,,
0.0009192561847157776,6149,0.0019039129838347435,15,,,
0.0012931141536682844,6199,0.0008028718293644488,15,,,
,6239,,15,0.8483999967575073,0.8148437738418579,0.818088948726654
0.0014830026775598526,6249,0.0016469608526676893,16,,,
0.0019900393672287464,6299,0.0017135289963334799,16,,,
0.0015014815144240856,6349,0.002031466690823436,16,,,
0.0009191522258333862,6399,0.0012088128132745624,16,,,
0.0024046769831329584,6449,0.002556426916271448,16,,,
0.0007093173335306346,6499,0.000912007293663919,16,,,
0.0019845583010464907,6549,0.0005513809737749398,16,,,
0.001125844893977046,6599,0.0017800340428948402,16,,,
,6629,,16,0.8317000269889832,0.8177083134651184,0.8209134340286255
0.0010788581566885114,6649,0.000631572911515832,17,,,
0.0014994509983807802,6699,0.0015495833940804005,17,,,
0.000393878435716033,6749,0.0004318527935538441,17,,,
0.0005543038132600486,6799,0.0005249681998975575,17,,,
0.0010486458195373416,6849,0.0011517660459503531,17,,,
0.001696852850727737,6899,0.0008130398346111178,17,,,
0.0012215499300509691,6949,0.0017224133480340242,17,,,
0.0011891822796314955,6999,0.001973140751942992,17,,,
,7019,,17,0.8360999822616577,0.8206129670143127,0.8216345906257629
0.00042370762093923986,7049,0.0003575034497771412,18,,,
0.0007538836798630655,7099,0.0004497072077356279,18,,,
0.0006608045659959316,7149,0.0008840060909278691,18,,,
0.0010753655806183815,7199,0.001121167908422649,18,,,
0.0008895851206034422,7249,0.0008911234326660633,18,,,
0.00020617023983504623,7299,8.604882168583572e-05,18,,,
0.0014856186462566257,7349,0.0005088120233267546,18,,,
0.0013440704206004739,7399,0.0018857010873034596,18,,,
,7409,,18,0.853600025177002,0.8237179517745972,0.8256410360336304
0.00018526690837461501,7449,0.0002788738056551665,19,,,
0.00013790653611067683,7499,0.00012754167255479842,19,,,
0.0007854845025576651,7549,0.0010667010210454464,19,,,
0.0005287225358188152,7599,0.001012343098409474,19,,,
0.0016003806376829743,7649,0.0008391709998250008,19,,,
0.00039456249214708805,7699,0.0009725019917823374,19,,,
0.0007147584692575037,7749,0.0014184470055624843,19,,,
0.00032039714278653264,7799,0.0012758440570905805,19,,,
,7799,,19,0.85589998960495,0.8271234035491943,0.8305689096450806
0.03875631093978882,7849,0.037457969039678574,20,,,
0.04833008721470833,7899,0.04758944362401962,20,,,
0.06616070121526718,7949,0.06405960023403168,20,,,
0.05430971086025238,7999,0.0512843020260334,20,,,
0.10324758291244507,8049,0.10718195885419846,20,,,
0.08454884588718414,8099,0.08691119402647018,20,,,
0.07505550235509872,8149,0.07219859957695007,20,,,
,8189,,20,0.7530999779701233,0.6390023827552795,0.6094150543212891
0.08159010112285614,8199,0.08143245428800583,21,,,
0.10595535486936569,8249,0.09744632989168167,21,,,
0.11263612657785416,8299,0.09970994293689728,21,,,
0.11438319832086563,8349,0.11242172867059708,21,,,
0.12031658738851547,8399,0.11302128434181213,21,,,
0.08484821766614914,8449,0.08592324703931808,21,,,
0.1261293590068817,8499,0.12458783388137817,21,,,
0.09262058138847351,8549,0.08815229684114456,21,,,
,8579,,21,0.7888000011444092,0.7461938858032227,0.7401242256164551
0.10288266092538834,8599,0.09743156284093857,22,,,
0.1016618013381958,8649,0.10591298341751099,22,,,
0.1077054888010025,8699,0.0976426973938942,22,,,
0.11250000447034836,8749,0.11398705095052719,22,,,
0.19189989566802979,8799,0.20252349972724915,22,,,
0.07156983017921448,8849,0.07711193710565567,22,,,
0.11399553716182709,8899,0.1155225858092308,22,,,
0.1215524971485138,8949,0.12419964373111725,22,,,
,8969,,22,0.8144000172615051,0.7623397707939148,0.7685897350311279
0.11530479043722153,8999,0.10646676272153854,23,,,
0.10073909908533096,9049,0.10832814127206802,23,,,
0.1253233253955841,9099,0.13050071895122528,23,,,
0.11791470646858215,9149,0.12696178257465363,23,,,
0.11051412671804428,9199,0.1038258895277977,23,,,
0.09635213762521744,9249,0.09741193801164627,23,,,
0.10531222075223923,9299,0.10519213229417801,23,,,
0.0960296243429184,9349,0.09896685183048248,23,,,
,9359,,23,0.8129000067710876,0.7772436141967773,0.7786658406257629
0.12295455485582352,9399,0.1158074140548706,24,,,
0.17944630980491638,9449,0.19087575376033783,24,,,
0.17275798320770264,9499,0.16981002688407898,24,,,
0.16248740255832672,9549,0.15676148235797882,24,,,
0.15847435593605042,9599,0.18352341651916504,24,,,
0.10054229944944382,9649,0.09743356704711914,24,,,
0.15676817297935486,9699,0.1427498757839203,24,,,
0.27383631467819214,9749,0.2616793215274811,24,,,
,9749,,24,0.8327999711036682,0.7867187261581421,0.7881810665130615
0.1140454113483429,9799,0.1100429818034172,25,,,
0.12297970056533813,9849,0.11435261368751526,25,,,
0.14393489062786102,9899,0.14425429701805115,25,,,
0.11204645782709122,9949,0.11110207438468933,25,,,
0.15762460231781006,9999,0.16639524698257446,25,,,
0.12582606077194214,10049,0.11667884141206741,25,,,
0.1726769059896469,10099,0.16655007004737854,25,,,
,10139,,25,0.8331999778747559,0.7969751358032227,0.7980769276618958
0.10689528286457062,10149,0.11046595126390457,26,,,
0.23511876165866852,10199,0.22778776288032532,26,,,
0.13929258286952972,10249,0.13531772792339325,26,,,
0.18837393820285797,10299,0.18907783925533295,26,,,
0.10877860337495804,10349,0.10113270580768585,26,,,
0.13084127008914948,10399,0.12046840786933899,26,,,
0.16731292009353638,10449,0.16062581539154053,26,,,
1.1261098384857178,10499,0.985792875289917,26,,,
,10529,,26,0.8054999709129333,0.7939703464508057,0.7989984154701233
0.11552923172712326,10549,0.12240990251302719,27,,,
0.1119818463921547,10599,0.11253666877746582,27,,,
0.19777555763721466,10649,0.19675861299037933,27,,,
0.20101824402809143,10699,0.2138582020998001,27,,,
0.20548787713050842,10749,0.221918985247612,27,,,
0.2654401361942291,10799,0.26387470960617065,27,,,
0.2441701889038086,10849,0.23789675533771515,27,,,
0.146160289645195,10899,0.1551387906074524,27,,,
,10919,,27,0.8309000134468079,0.803205132484436,0.8027443885803223
0.17049956321716309,10949,0.15895560383796692,28,,,
0.17865659296512604,10999,0.1828656941652298,28,,,
0.14803950488567352,11049,0.1341281235218048,28,,,
0.1559750884771347,11099,0.1448228806257248,28,,,
0.21217231452465057,11149,0.22769242525100708,28,,,
0.1547691375017166,11199,0.1512177437543869,28,,,
0.1715308427810669,11249,0.17918720841407776,28,,,
0.14033764600753784,11299,0.1407313346862793,28,,,
,11309,,28,0.8319000005722046,0.8079928159713745,0.8087139129638672
0.1745365709066391,11349,0.15909557044506073,29,,,
0.26262736320495605,11399,0.25530844926834106,29,,,
0.15449774265289307,11449,0.18047061562538147,29,,,
0.20622709393501282,11499,0.22611525654792786,29,,,
0.16394464671611786,11549,0.1571616679430008,29,,,
0.1943410187959671,11599,0.2082127332687378,29,,,
0.12217047065496445,11649,0.12874850630760193,29,,,
0.24133309721946716,11699,0.25834813714027405,29,,,
,11699,,29,0.8519999980926514,0.8103365302085876,0.8143429756164551
0.20718510448932648,11749,0.20363175868988037,30,,,
0.20747826993465424,11799,0.22807471454143524,30,,,
0.16675381362438202,11849,0.17516443133354187,30,,,
0.13950617611408234,11899,0.1378541886806488,30,,,
0.13520269095897675,11949,0.1517549753189087,30,,,
0.24067150056362152,11999,0.2655642032623291,30,,,
0.1814165711402893,12049,0.17803208529949188,30,,,
,12089,,30,0.8496000170707703,0.8113581538200378,0.8191906809806824
0.195670485496521,12099,0.2067098617553711,31,,,
0.24298708140850067,12149,0.23756319284439087,31,,,
0.31208962202072144,12199,0.35493046045303345,31,,,
0.3213430643081665,12249,0.2493734061717987,31,,,
0.16146859526634216,12299,0.1636282354593277,31,,,
0.183038592338562,12349,0.16831496357917786,31,,,
0.16831091046333313,12399,0.17628711462020874,31,,,
0.4186036288738251,12449,0.4070267677307129,31,,,
,12479,,31,0.8507999777793884,0.8181490302085876,0.818629801273346
0.18328993022441864,12499,0.18795432150363922,32,,,
0.2980591058731079,12549,0.2974596619606018,32,,,
0.27535951137542725,12599,0.2791975438594818,32,,,
0.2034011334180832,12649,0.20471850037574768,32,,,
0.25478076934814453,12699,0.2491491436958313,32,,,
0.18030613660812378,12749,0.16430462896823883,32,,,
0.577284038066864,12799,0.45295238494873047,32,,,
0.14583946764469147,12849,0.12517134845256805,32,,,
,12869,,32,0.84579998254776,0.8240384459495544,0.8243188858032227
0.20063059031963348,12899,0.22358804941177368,33,,,
0.14642378687858582,12949,0.14507779479026794,33,,,
0.1947774738073349,12999,0.18993477523326874,33,,,
0.24732159078121185,13049,0.2600351572036743,33,,,
0.173831507563591,13099,0.1675000786781311,33,,,
0.24870304763317108,13149,0.24902184307575226,33,,,
0.15830805897712708,13199,0.14734332263469696,33,,,
0.15258876979351044,13249,0.14850002527236938,33,,,
,13259,,33,0.8596000075340271,0.8225961327552795,0.8261618614196777
0.15570323169231415,13299,0.1606304943561554,34,,,
0.1200617328286171,13349,0.10924337059259415,34,,,
0.16061559319496155,13399,0.13420526683330536,34,,,
0.21051816642284393,13449,0.23432517051696777,34,,,
0.17064478993415833,13499,0.15138959884643555,34,,,
0.20618903636932373,13549,0.226310133934021,34,,,
0.21409350633621216,13599,0.2228688895702362,34,,,
0.2641686201095581,13649,0.24077248573303223,34,,,
,13649,,34,0.858299970626831,0.8248998522758484,0.8240985870361328
0.16708135604858398,13699,0.16888967156410217,35,,,
0.16586580872535706,13749,0.1727505624294281,35,,,
0.22784961760044098,13799,0.24562674760818481,35,,,
0.25263741612434387,13849,0.29690423607826233,35,,,
0.10394611209630966,13899,0.1167120710015297,35,,,
0.2743299901485443,13949,0.29780885577201843,35,,,
0.19906139373779297,13999,0.22103646397590637,35,,,
,14039,,35,0.8478000164031982,0.8275240659713745,0.8290064334869385
0.4489479064941406,14049,0.4273087680339813,36,,,
0.22722186148166656,14099,0.20769816637039185,36,,,
0.1680321842432022,14149,0.1938267946243286,36,,,
0.16622406244277954,14199,0.16965800523757935,36,,,
0.18041177093982697,14249,0.1921701729297638,36,,,
0.19576925039291382,14299,0.1961808204650879,36,,,
0.17411169409751892,14349,0.168165385723114,36,,,
0.18499234318733215,14399,0.18134333193302155,36,,,
,14429,,36,0.8598999977111816,0.8273237347602844,0.8283453583717346
0.24880051612854004,14449,0.26367059350013733,37,,,
0.30874601006507874,14499,0.2981686294078827,37,,,
0.1257287859916687,14549,0.13345836102962494,37,,,
0.23720429837703705,14599,0.2723066210746765,37,,,
0.16158096492290497,14649,0.1440151184797287,37,,,
0.2573436498641968,14699,0.25281447172164917,37,,,
0.17571376264095306,14749,0.1753675937652588,37,,,
0.23679418861865997,14799,0.20635986328125,37,,,
,14819,,37,0.85589998960495,0.8322115540504456,0.8306891322135925
0.20048654079437256,14849,0.19901151955127716,38,,,
0.26417914032936096,14899,0.3058253824710846,38,,,
0.14110909402370453,14949,0.1641685515642166,38,,,
0.16650284826755524,14999,0.1710636466741562,38,,,
0.18875616788864136,15049,0.19110077619552612,38,,,
0.14482589066028595,15099,0.1417205035686493,38,,,
0.41141214966773987,15149,0.438687801361084,38,,,
0.17681971192359924,15199,0.1675643026828766,38,,,
,15209,,38,0.845300018787384,0.8315104246139526,0.8349959850311279
0.19976948201656342,15249,0.2123512476682663,39,,,
0.14712166786193848,15299,0.1343686431646347,39,,,
0.18601849675178528,15349,0.18042762577533722,39,,,
0.27627742290496826,15399,0.272876501083374,39,,,
0.12987945973873138,15449,0.1530047506093979,39,,,
0.25602272152900696,15499,0.2593074440956116,39,,,
0.23228293657302856,15549,0.21094553172588348,39,,,
0.16444523632526398,15599,0.157757967710495,39,,,
,15599,,39,0.8481000065803528,0.8342147469520569,0.8352764248847961
0.1694391816854477,15649,0.16390538215637207,40,,,
0.1716040074825287,15699,0.17253798246383667,40,,,
0.14111177623271942,15749,0.11999855935573578,40,,,
0.22555425763130188,15799,0.17449715733528137,40,,,
0.20095527172088623,15849,0.18803848326206207,40,,,
0.1596803218126297,15899,0.14360123872756958,40,,,
0.19906705617904663,15949,0.22344832122325897,40,,,
,15989,,40,0.8693000078201294,0.8356770873069763,0.8218950033187866
0.19182737171649933,15999,0.20079365372657776,41,,,
0.168060302734375,16049,0.18825769424438477,41,,,
0.26680848002433777,16099,0.2478250414133072,41,,,
0.22507387399673462,16149,0.22821471095085144,41,,,
0.19618231058120728,16199,0.2021106332540512,41,,,
0.15962105989456177,16249,0.16079221665859222,41,,,
0.2381262183189392,16299,0.2511172890663147,41,,,
0.1420653760433197,16349,0.13786569237709045,41,,,
,16379,,41,0.8634999990463257,0.8349359035491943,0.836718738079071
0.3022395372390747,16399,0.2969571352005005,42,,,
0.2684284448623657,16449,0.2224409431219101,42,,,
0.20065058767795563,16499,0.23601453006267548,42,,,
0.23865213990211487,16549,0.25177034735679626,42,,,
0.23678290843963623,16599,0.2629808187484741,42,,,
0.3851223587989807,16649,0.4054703712463379,42,,,
0.09052486717700958,16699,0.10282046347856522,42,,,
0.3512992858886719,16749,0.3296698331832886,42,,,
,16769,,42,0.8519999980926514,0.8313501477241516,0.839102566242218
0.18767431378364563,16799,0.26747989654541016,43,,,
0.1393294781446457,16849,0.12073812633752823,43,,,
0.2073526829481125,16899,0.20208588242530823,43,,,
0.7205604314804077,16949,0.6164486408233643,43,,,
0.4977446496486664,16999,0.5064768195152283,43,,,
0.26053187251091003,17049,0.2629263401031494,43,,,
0.12226414680480957,17099,0.11863679438829422,43,,,
0.2255445122718811,17149,0.21245308220386505,43,,,
,17159,,43,0.8695999979972839,0.8315705060958862,0.8340344429016113
0.2697746455669403,17199,0.25214892625808716,44,,,
0.24594399333000183,17249,0.255429744720459,44,,,
0.2506468594074249,17299,0.2698670029640198,44,,,
0.23573769629001617,17349,0.25021710991859436,44,,,
0.18097952008247375,17399,0.1821204423904419,44,,,
0.2502523362636566,17449,0.24545039236545563,44,,,
0.2548515796661377,17499,0.2611600160598755,44,,,
0.45350733399391174,17549,0.3866921663284302,44,,,
,17549,,44,0.8592000007629395,0.8397035002708435,0.8397636413574219
0.3585050106048584,17599,0.4302842319011688,45,,,
0.5347552299499512,17649,0.5362069010734558,45,,,
0.1569913774728775,17699,0.17223480343818665,45,,,
0.1702520251274109,17749,0.16553175449371338,45,,,
0.26096659898757935,17799,0.23320604860782623,45,,,
0.22052209079265594,17849,0.19238361716270447,45,,,
0.24816830456256866,17899,0.25347742438316345,45,,,
,17939,,45,0.8676000237464905,0.842227578163147,0.8436698913574219
0.2995776832103729,17949,0.2901674807071686,46,,,
0.2454606592655182,17999,0.24575185775756836,46,,,
0.38858819007873535,18049,0.45610061287879944,46,,,
0.21719156205654144,18099,0.20089879631996155,46,,,
0.23762790858745575,18149,0.19443248212337494,46,,,
0.18904441595077515,18199,0.17876097559928894,46,,,
0.2724233865737915,18249,0.2197655886411667,46,,,
0.19695498049259186,18299,0.21727405488491058,46,,,
,18329,,46,0.8695999979972839,0.8424279093742371,0.8406850695610046
0.1522749364376068,18349,0.14604273438453674,47,,,
0.4440688192844391,18399,0.4545004963874817,47,,,
0.2207236886024475,18449,0.232441246509552,47,,,
0.6746649742126465,18499,0.696804940700531,47,,,
0.17156146466732025,18549,0.2025754302740097,47,,,
0.2972189784049988,18599,0.3674514889717102,47,,,
0.38685378432273865,18649,0.45451149344444275,47,,,
0.2401442676782608,18699,0.25685375928878784,47,,,
,18719,,47,0.8661999702453613,0.8426081538200378,0.8474559187889099
0.20663511753082275,18749,0.19888481497764587,48,,,
0.21387366950511932,18799,0.20354942977428436,48,,,
0.2790575623512268,18849,0.22379563748836517,48,,,
0.22971618175506592,18899,0.2458663284778595,48,,,
0.25751349329948425,18949,0.2354242354631424,48,,,
0.2753385901451111,18999,0.23290900886058807,48,,,
0.20352867245674133,19049,0.20427043735980988,48,,,
0.17254488170146942,19099,0.18757662177085876,48,,,
,19109,,48,0.8686000108718872,0.846173882484436,0.8459535241127014
0.21182739734649658,19149,0.17560012638568878,49,,,
0.1610420197248459,19199,0.1664266586303711,49,,,
0.2367342859506607,19249,0.23012174665927887,49,,,
0.40555673837661743,19299,0.4347901940345764,49,,,
0.2505466043949127,19349,0.2559067904949188,49,,,
0.34731799364089966,19399,0.3314743638038635,49,,,
0.18149028718471527,19449,0.2090384066104889,49,,,
0.23073619604110718,19499,0.24573290348052979,49,,,
,19499,,49,0.8640000224113464,0.848397433757782,0.849879801273346
0.19119107723236084,19549,0.16716013848781586,50,,,
0.16582341492176056,19599,0.17277775704860687,50,,,
0.12416613847017288,19649,0.1417241096496582,50,,,
0.5885435938835144,19699,0.6747386455535889,50,,,
0.2251502424478531,19749,0.20210692286491394,50,,,
0.16582775115966797,19799,0.17405253648757935,50,,,
0.2783239483833313,19849,0.2526577115058899,50,,,
,19889,,50,0.8646000027656555,0.8447115421295166,0.8502203822135925
0.4343481957912445,19899,0.41870641708374023,51,,,
0.13634276390075684,19949,0.12485633045434952,51,,,
0.21408972144126892,19999,0.2682085335254669,51,,,
0.15755705535411835,20049,0.15378911793231964,51,,,
0.3330102264881134,20099,0.3615766167640686,51,,,
0.16596312820911407,20149,0.1644153892993927,51,,,
0.1737346351146698,20199,0.17571744322776794,51,,,
0.26957428455352783,20249,0.26086267828941345,51,,,
,20279,,51,0.8722000122070312,0.8454126715660095,0.8452123403549194
0.17715775966644287,20299,0.18565957248210907,52,,,
0.21568341553211212,20349,0.2555786669254303,52,,,
0.249958798289299,20399,0.24907973408699036,52,,,
0.33659136295318604,20449,0.33032917976379395,52,,,
0.4195396602153778,20499,0.4123361110687256,52,,,
0.45486319065093994,20549,0.5458512902259827,52,,,
0.15414735674858093,20599,0.162368506193161,52,,,
0.1763945072889328,20649,0.1637258678674698,52,,,
,20669,,52,0.8737000226974487,0.8477163314819336,0.8504406809806824
0.24458029866218567,20699,0.2479846179485321,53,,,
0.12804031372070312,20749,0.13172663748264313,53,,,
0.302272230386734,20799,0.29322296380996704,53,,,
0.29424357414245605,20849,0.3018043637275696,53,,,
0.25168144702911377,20899,0.24045516550540924,53,,,
0.3793570399284363,20949,0.4021178185939789,53,,,
0.2245730310678482,20999,0.21841412782669067,53,,,
0.6262173652648926,21049,0.6222702264785767,53,,,
,21059,,53,0.8690000176429749,0.8518229126930237,0.8534655570983887
0.21947084367275238,21099,0.1896015852689743,54,,,
0.16664159297943115,21149,0.18304453790187836,54,,,
0.33280086517333984,21199,0.3417457938194275,54,,,
0.26087257266044617,21249,0.25795069336891174,54,,,
0.353338360786438,21299,0.35445767641067505,54,,,
0.12487020343542099,21349,0.13008816540241241,54,,,
0.4028874933719635,21399,0.4065549969673157,54,,,
0.12188203632831573,21449,0.13639315962791443,54,,,
,21449,,54,0.8662999868392944,0.8478766083717346,0.8487980961799622
0.2826105058193207,21499,0.24296003580093384,55,,,
0.20087647438049316,21549,0.2218373566865921,55,,,
0.3338324725627899,21599,0.33746910095214844,55,,,
0.3514214754104614,21649,0.32528889179229736,55,,,
0.30517613887786865,21699,0.26382607221603394,55,,,
0.22332783043384552,21749,0.1963537484407425,55,,,
0.1743369847536087,21799,0.14915798604488373,55,,,
,21839,,55,0.8820000290870667,0.8531851172447205,0.8514623641967773
0.43064042925834656,21849,0.3345576524734497,56,,,
0.26934731006622314,21899,0.2519521117210388,56,,,
0.23363491892814636,21949,0.21979635953903198,56,,,
0.21300151944160461,21999,0.1828881949186325,56,,,
0.28867506980895996,22049,0.25865229964256287,56,,,
0.3455684185028076,22099,0.3631298243999481,56,,,
0.2531692087650299,22149,0.23645004630088806,56,,,
0.1368894726037979,22199,0.14055655896663666,56,,,
,22229,,56,0.8626000285148621,0.8557692170143127,0.8529447317123413
0.32340359687805176,22249,0.3248259127140045,57,,,
0.1625085473060608,22299,0.1667078584432602,57,,,
0.2061842679977417,22349,0.2435540407896042,57,,,
0.15165269374847412,22399,0.16847123205661774,57,,,
0.15685808658599854,22449,0.1586230844259262,57,,,
0.200134739279747,22499,0.21859009563922882,57,,,
0.25495561957359314,22549,0.2536345422267914,57,,,
0.1707412451505661,22599,0.16179613769054413,57,,,
,22619,,57,0.86080002784729,0.8232772350311279,0.8432091474533081
0.1697395294904709,22649,0.17665541172027588,58,,,
0.5613393783569336,22699,0.43508288264274597,58,,,
0.23328229784965515,22749,0.26620545983314514,58,,,
0.2585159242153168,22799,0.250545471906662,58,,,
0.26205533742904663,22849,0.2531309127807617,58,,,
0.28323638439178467,22899,0.27296730875968933,58,,,
0.2642282247543335,22949,0.2525867819786072,58,,,
0.29756078124046326,22999,0.29381901025772095,58,,,
,23009,,58,0.8683000206947327,0.8472155332565308,0.8542267680168152
0.22839845716953278,23049,0.2055482119321823,59,,,
0.17217132449150085,23099,0.19562019407749176,59,,,
0.21312502026557922,23149,0.23537522554397583,59,,,
0.309828519821167,23199,0.3459954261779785,59,,,
0.2162226438522339,23249,0.2725905478000641,59,,,
0.23389975726604462,23299,0.22089356184005737,59,,,
0.16740232706069946,23349,0.1463531255722046,59,,,
0.2029484361410141,23399,0.19098244607448578,59,,,
,23399,,59,0.8751999735832214,0.8531450033187866,0.8551082015037537
0.17153239250183105,23449,0.16773676872253418,60,,,
0.13320083916187286,23499,0.17201831936836243,60,,,
0.11058417707681656,23549,0.15064318478107452,60,,,
0.1079539805650711,23599,0.1464640349149704,60,,,
0.11999053508043289,23649,0.14362773299217224,60,,,
0.09222412109375,23699,0.10866981744766235,60,,,
0.158821702003479,23749,0.19273249804973602,60,,,
,23789,,60,0.8723999857902527,0.8147435784339905,0.8606169819831848
0.24215777218341827,23799,0.24484135210514069,61,,,
0.26113879680633545,23849,0.24300280213356018,61,,,
0.21010562777519226,23899,0.23102042078971863,61,,,
0.14139460027217865,23949,0.14413627982139587,61,,,
0.27177125215530396,23999,0.22998715937137604,61,,,
0.2452070713043213,24049,0.25783711671829224,61,,,
0.24530328810214996,24099,0.2227441519498825,61,,,
0.1575968712568283,24149,0.14957471191883087,61,,,
,24179,,61,0.8799999952316284,0.8567708134651184,0.8590344786643982
0.5193756222724915,24199,0.5367017388343811,62,,,
0.22301411628723145,24249,0.20750980079174042,62,,,
0.30167195200920105,24299,0.28735899925231934,62,,,
0.16581231355667114,24349,0.177114799618721,62,,,
0.26030784845352173,24399,0.2530171871185303,62,,,
0.22812801599502563,24449,0.23424437642097473,62,,,
0.24308894574642181,24499,0.24106661975383759,62,,,
0.5293472409248352,24549,0.5365017056465149,62,,,
,24569,,62,0.8722000122070312,0.8593950271606445,0.8564703464508057
0.292366623878479,24599,0.3056328296661377,63,,,
0.36714768409729004,24649,0.3408328890800476,63,,,
0.3281344473361969,24699,0.35114747285842896,63,,,
0.24167123436927795,24749,0.24341405928134918,63,,,
0.2905071973800659,24799,0.26785165071487427,63,,,
0.2660106122493744,24849,0.2879309356212616,63,,,
0.3703596591949463,24899,0.3868592083454132,63,,,
0.2732286751270294,24949,0.30557289719581604,63,,,
,24959,,63,0.8748999834060669,0.8586137890815735,0.860897421836853
0.22558501362800598,24999,0.22376397252082825,64,,,
0.16653521358966827,25049,0.1885814070701599,64,,,
0.11267197877168655,25099,0.1338767260313034,64,,,
0.24346843361854553,25149,0.27498123049736023,64,,,
0.20445549488067627,25199,0.18833129107952118,64,,,
0.2164442241191864,25249,0.22022680938243866,64,,,
0.29332470893859863,25299,0.2756216526031494,64,,,
0.19605930149555206,25349,0.17253334820270538,64,,,
,25349,,64,0.8808000087738037,0.839062511920929,0.8373397588729858
0.37513455748558044,25399,0.4229024350643158,65,,,
0.256026953458786,25449,0.2198140025138855,65,,,
0.19921879470348358,25499,0.2259209156036377,65,,,
0.2771356999874115,25549,0.2697238028049469,65,,,
0.5558754801750183,25599,0.5315803289413452,65,,,
0.15510433912277222,25649,0.12104401737451553,65,,,
0.22676916420459747,25699,0.2224094569683075,65,,,
,25739,,65,0.8855999708175659,0.8592548370361328,0.8555488586425781
0.2925233542919159,25749,0.27310341596603394,66,,,
0.2521441578865051,25799,0.27043378353118896,66,,,
0.2475784569978714,25849,0.1991298645734787,66,,,
0.24923452734947205,25899,0.24705281853675842,66,,,
0.36406609416007996,25949,0.30855074524879456,66,,,
0.23059634864330292,25999,0.2449059784412384,66,,,
0.1410335898399353,26049,0.1452762931585312,66,,,
0.19993317127227783,26099,0.16201148927211761,66,,,
,26129,,66,0.878600001335144,0.8616586327552795,0.860156238079071
0.25073397159576416,26149,0.2385704666376114,67,,,
0.6189032793045044,26199,0.747604489326477,67,,,
0.16563501954078674,26249,0.199252650141716,67,,,
0.27066299319267273,26299,0.2845054864883423,67,,,
0.07550100237131119,26349,0.08585944026708603,67,,,
0.11470391601324081,26399,0.13315291702747345,67,,,
0.11788880079984665,26449,0.1415390819311142,67,,,
0.14161010086536407,26499,0.16245633363723755,67,,,
,26519,,67,0.8639000058174133,0.8345552682876587,0.8501001596450806
0.16730165481567383,26549,0.1316128373146057,68,,,
0.199677512049675,26599,0.17067648470401764,68,,,
0.22074481844902039,26649,0.2259240448474884,68,,,
0.2864466905593872,26699,0.2759335935115814,68,,,
0.23422196507453918,26749,0.2558688521385193,68,,,
0.4803577661514282,26799,0.5453574657440186,68,,,
0.15764868259429932,26849,0.1985855996608734,68,,,
0.5611498355865479,26899,0.46849730610847473,68,,,
,26909,,68,0.8740000128746033,0.8588341474533081,0.8577523827552795
0.22127987444400787,26949,0.21897096931934357,69,,,
0.2056613713502884,26999,0.18829043209552765,69,,,
0.26140838861465454,27049,0.28980088233947754,69,,,
0.3495415449142456,27099,0.4230291545391083,69,,,
0.4138183295726776,27149,0.3866954445838928,69,,,
0.23044705390930176,27199,0.26829031109809875,69,,,
0.5685410499572754,27249,0.5677778124809265,69,,,
0.15032272040843964,27299,0.18221524357795715,69,,,
,27299,,69,0.8790000081062317,0.8607972860336304,0.862500011920929
0.2039118856191635,27349,0.21343167126178741,70,,,
0.1558864563703537,27399,0.1815069615840912,70,,,
0.18348756432533264,27449,0.24898730218410492,70,,,
0.4030657410621643,27499,0.42782673239707947,70,,,
0.26262232661247253,27549,0.2267473340034485,70,,,
0.17535698413848877,27599,0.17213256657123566,70,,,
0.3488684296607971,27649,0.3319566249847412,70,,,
,27689,,70,0.885699987411499,0.8547075390815735,0.8622796535491943
0.27938297390937805,27699,0.24559403955936432,71,,,
0.24906416237354279,27749,0.2667545676231384,71,,,
0.1933249533176422,27799,0.23357976973056793,71,,,
0.2435637265443802,27849,0.2138967365026474,71,,,
0.23663774132728577,27899,0.2628723382949829,71,,,
0.12458561360836029,27949,0.12563787400722504,71,,,
0.16849718987941742,27999,0.17163251340389252,71,,,
0.2816055715084076,28049,0.29912397265434265,71,,,
,28079,,71,0.8754000067710876,0.8436498641967773,0.8570512533187866
0.2534518837928772,28099,0.27115368843078613,72,,,
0.4911915063858032,28149,0.5281251668930054,72,,,
0.24845805764198303,28199,0.23661616444587708,72,,,
0.17471647262573242,28249,0.16561129689216614,72,,,
0.1973968744277954,28299,0.18266169726848602,72,,,
0.368475079536438,28349,0.426079124212265,72,,,
0.42767515778541565,28399,0.34553104639053345,72,,,
0.1564968079328537,28449,0.15753543376922607,72,,,
,28469,,72,0.8871999979019165,0.8639022707939148,0.8584134578704834
0.24524950981140137,28499,0.2605806589126587,73,,,
0.3708817958831787,28549,0.4207051396369934,73,,,
0.5669890642166138,28599,0.5255509614944458,73,,,
0.2226775586605072,28649,0.27764028310775757,73,,,
0.24504521489143372,28699,0.2585757076740265,73,,,
0.22564856708049774,28749,0.23399768769741058,73,,,
0.258409708738327,28799,0.2468404769897461,73,,,
0.2734573781490326,28849,0.25048574805259705,73,,,
,28859,,73,0.885200023651123,0.8603365421295166,0.8654046654701233
0.3461192846298218,28899,0.35492393374443054,74,,,
0.26275718212127686,28949,0.29307714104652405,74,,,
0.26300790905952454,28999,0.23666179180145264,74,,,
0.24665012955665588,29049,0.2673552930355072,74,,,
0.32661667466163635,29099,0.3476519286632538,74,,,
0.16088956594467163,29149,0.16780374944210052,74,,,
0.45204371213912964,29199,0.5212723612785339,74,,,
0.30336451530456543,29249,0.2831072509288788,74,,,
,29249,,74,0.8822000026702881,0.8620192408561707,0.8676482439041138
0.28393542766571045,29299,0.27663084864616394,75,,,
0.44136762619018555,29349,0.5114898085594177,75,,,
0.17397701740264893,29399,0.16391582787036896,75,,,
0.3902898132801056,29449,0.36787301301956177,75,,,
0.7857007384300232,29499,0.6038964986801147,75,,,
0.2871912121772766,29549,0.2556214928627014,75,,,
0.5559890866279602,29599,0.41772016882896423,75,,,
,29639,,75,0.8885999917984009,0.8665664792060852,0.8663461804389954
0.19352205097675323,29649,0.2292162925004959,76,,,
0.1741277277469635,29699,0.16748546063899994,76,,,
0.4595223367214203,29749,0.5268513560295105,76,,,
0.1996934413909912,29799,0.2199634313583374,76,,,
0.09475737065076828,29849,0.08432077616453171,76,,,
0.1378091722726822,29899,0.12334971129894257,76,,,
0.20365633070468903,29949,0.21821758151054382,76,,,
0.23972436785697937,29999,0.2010010927915573,76,,,
,30029,,76,0.8826000094413757,0.8542467951774597,0.853205144405365
0.25325343012809753,30049,0.25229504704475403,77,,,
0.12764304876327515,30099,0.1746797412633896,77,,,
0.24920718371868134,30149,0.3075248897075653,77,,,
0.23560133576393127,30199,0.2665834426879883,77,,,
0.17026585340499878,30249,0.1797715723514557,77,,,
0.6759219169616699,30299,0.6704198718070984,77,,,
0.5333178043365479,30349,0.47010764479637146,77,,,
0.36782315373420715,30399,0.4075861871242523,77,,,
,30419,,77,0.8817999958992004,0.8564302921295166,0.870933473110199
0.2132747769355774,30449,0.2539878785610199,78,,,
0.1615626960992813,30499,0.1744498610496521,78,,,
0.3344211280345917,30549,0.3304117023944855,78,,,
0.5116339325904846,30599,0.5195350646972656,78,,,
0.2349516898393631,30649,0.23091676831245422,78,,,
0.24724161624908447,30699,0.23888824880123138,78,,,
0.35729050636291504,30749,0.28682735562324524,78,,,
0.19782692193984985,30799,0.20162387192249298,78,,,
,30809,,78,0.8916000127792358,0.8688101172447205,0.8668068647384644
0.2842003107070923,30849,0.3012954592704773,79,,,
0.24771162867546082,30899,0.2310027927160263,79,,,
0.12220178544521332,30949,0.13727255165576935,79,,,
0.2681107521057129,30999,0.3759980797767639,79,,,
0.32882818579673767,31049,0.4621240198612213,79,,,
0.27220630645751953,31099,0.2935473918914795,79,,,
0.34255677461624146,31149,0.33773577213287354,79,,,
0.4792458415031433,31199,0.5535922050476074,79,,,
,31199,,79,0.8755000233650208,0.8458533883094788,0.8695112466812134
0.3059425354003906,31249,0.36252909898757935,80,,,
0.2991522550582886,31299,0.3016479015350342,80,,,
0.3186447322368622,31349,0.26573702692985535,80,,,
0.1384144276380539,31399,0.12490827590227127,80,,,
0.19437818229198456,31449,0.20819270610809326,80,,,
0.20379264652729034,31499,0.21057598292827606,80,,,
0.4794618487358093,31549,0.5493919253349304,80,,,
,31589,,80,0.879800021648407,0.862500011920929,0.8645632863044739
0.2562824487686157,31599,0.19631972908973694,81,,,
0.34060630202293396,31649,0.3617616295814514,81,,,
0.16671206057071686,31699,0.18604521453380585,81,,,
0.1352929174900055,31749,0.16043679416179657,81,,,
0.3367152214050293,31799,0.34729844331741333,81,,,
0.23327460885047913,31849,0.2542232275009155,81,,,
0.2680946886539459,31899,0.24736052751541138,81,,,
0.2756967544555664,31949,0.2724704146385193,81,,,
,31979,,81,0.878600001335144,0.864182710647583,0.8668870329856873
0.1557535082101822,31999,0.15438245236873627,82,,,
0.2476980984210968,32049,0.2588407099246979,82,,,
0.09688451141119003,32099,0.11605019122362137,82,,,
0.16560280323028564,32149,0.15588942170143127,82,,,
0.4037065804004669,32199,0.5408930778503418,82,,,
0.3570975065231323,32249,0.3452337682247162,82,,,
0.21272814273834229,32299,0.2089906930923462,82,,,
0.3579934537410736,32349,0.44262662529945374,82,,,
,32369,,82,0.8809999823570251,0.8526843190193176,0.8724158406257629
0.18946705758571625,32399,0.21342651546001434,83,,,
0.21614380180835724,32449,0.22932498157024384,83,,,
0.24858106672763824,32499,0.3003939688205719,83,,,
0.2258128672838211,32549,0.22202394902706146,83,,,
0.30240023136138916,32599,0.2848705053329468,83,,,
0.2503014802932739,32649,0.3078581988811493,83,,,
0.29210901260375977,32699,0.2619001865386963,83,,,
0.1765972226858139,32749,0.15323707461357117,83,,,
,32759,,83,0.8835999965667725,0.8710737228393555,0.87109375
0.22952790558338165,32799,0.2079092115163803,84,,,
0.2856181561946869,32849,0.29303285479545593,84,,,
0.2850780189037323,32899,0.29693520069122314,84,,,
0.3905307948589325,32949,0.37235745787620544,84,,,
0.22711360454559326,32999,0.25778210163116455,84,,,
0.5734657049179077,33049,0.42350947856903076,84,,,
0.23181909322738647,33099,0.2715109884738922,84,,,
0.2395901083946228,33149,0.24172334372997284,84,,,
,33149,,84,0.8871999979019165,0.8684895634651184,0.8682291507720947
0.24340249598026276,33199,0.30626001954078674,85,,,
0.26957064867019653,33249,0.311866819858551,85,,,
0.19973473250865936,33299,0.20587079226970673,85,,,
0.23427420854568481,33349,0.2233380228281021,85,,,
0.10027666389942169,33399,0.09265360236167908,85,,,
0.10373800247907639,33449,0.10967577248811722,85,,,
0.5087964534759521,33499,0.4532940983772278,85,,,
,33539,,85,0.8766000270843506,0.8603966236114502,0.8497796654701233
0.4470631182193756,33549,0.34780049324035645,86,,,
0.23660019040107727,33599,0.20997144281864166,86,,,
0.2601640820503235,33649,0.21229562163352966,86,,,
0.26823854446411133,33699,0.22801445424556732,86,,,
0.44004392623901367,33749,0.3797159790992737,86,,,
0.1028633788228035,33799,0.13315428793430328,86,,,
0.12196292728185654,33849,0.13570097088813782,86,,,
0.22270116209983826,33899,0.27241405844688416,86,,,
,33929,,86,0.8781999945640564,0.8520833253860474,0.8650841116905212
0.5577694177627563,33949,0.4758242666721344,87,,,
0.2284756749868393,33999,0.26121100783348083,87,,,
0.34552323818206787,34049,0.32418298721313477,87,,,
0.3743877410888672,34099,0.41994982957839966,87,,,
0.19828914105892181,34149,0.2032153606414795,87,,,
0.7245223522186279,34199,0.5009519457817078,87,,,
0.12479079514741898,34249,0.12869715690612793,87,,,
1.0793317556381226,34299,1.12223482131958,87,,,
,34319,,87,0.8837000131607056,0.8677483797073364,0.874098539352417
0.6904546022415161,34349,0.7035350203514099,88,,,
0.2858400046825409,34399,0.2806440591812134,88,,,
0.15050625801086426,34449,0.1784546971321106,88,,,
0.3262270987033844,34499,0.3424886465072632,88,,,
0.1960996389389038,34549,0.18219828605651855,88,,,
1.8764723539352417,34599,2.308295726776123,88,,,
0.1127147227525711,34649,0.08983375132083893,88,,,
0.19718259572982788,34699,0.17181847989559174,88,,,
,34709,,88,0.8834999799728394,0.8658854365348816,0.8561298251152039
0.23273999989032745,34749,0.23257096111774445,89,,,
0.17307379841804504,34799,0.16328170895576477,89,,,
0.5767699480056763,34849,0.4330989122390747,89,,,
0.34331557154655457,34899,0.34192079305648804,89,,,
0.30249911546707153,34949,0.2661963403224945,89,,,
0.23488467931747437,34999,0.24840936064720154,89,,,
0.3446950614452362,35049,0.32709115743637085,89,,,
0.25210320949554443,35099,0.23459118604660034,89,,,
,35099,,89,0.8907999992370605,0.8765624761581421,0.8689903616905212
0.23766249418258667,35149,0.25870710611343384,90,,,
0.16113877296447754,35199,0.16879919171333313,90,,,
0.33981621265411377,35249,0.3329578936100006,90,,,
0.2547569274902344,35299,0.2554682195186615,90,,,
0.21091507375240326,35349,0.19348233938217163,90,,,
0.23268859088420868,35399,0.24684925377368927,90,,,
0.2506757974624634,35449,0.2637547552585602,90,,,
,35489,,90,0.8880000114440918,0.8747996687889099,0.8731570243835449
0.306345134973526,35499,0.284415066242218,91,,,
0.5443613529205322,35549,0.511071503162384,91,,,
0.26789164543151855,35599,0.2530148923397064,91,,,
0.23087866604328156,35649,0.2731989920139313,91,,,
0.2722631096839905,35699,0.27142298221588135,91,,,
0.3225233554840088,35749,0.3506823778152466,91,,,
0.4453011155128479,35799,0.4931456744670868,91,,,
0.2126893252134323,35849,0.24245697259902954,91,,,
,35879,,91,0.8837000131607056,0.8761819005012512,0.8728765845298767
0.5052669048309326,35899,0.4504872262477875,92,,,
0.2417684644460678,35949,0.2631576657295227,92,,,
0.16488873958587646,35999,0.15899986028671265,92,,,
0.14976835250854492,36049,0.15982858836650848,92,,,
0.18900470435619354,36099,0.16511456668376923,92,,,
0.3180593252182007,36149,0.2848058342933655,92,,,
0.14258261024951935,36199,0.18105445802211761,92,,,
0.1872137039899826,36249,0.19566597044467926,92,,,
,36269,,92,0.8677999973297119,0.8610977530479431,0.8649839758872986
0.255959689617157,36299,0.31492936611175537,93,,,
0.19864074885845184,36349,0.2122015506029129,93,,,
0.2558998465538025,36399,0.24014729261398315,93,,,
0.24176838994026184,36449,0.2499915063381195,93,,,
0.19732460379600525,36499,0.19981920719146729,93,,,
0.3233095407485962,36549,0.3227595388889313,93,,,
0.25065329670906067,36599,0.2592332363128662,93,,,
0.3234263062477112,36649,0.44928714632987976,93,,,
,36659,,93,0.8934000134468079,0.8710336685180664,0.8791866898536682
0.42461225390434265,36699,0.3797646462917328,94,,,
0.23680591583251953,36749,0.20689664781093597,94,,,
0.21668215095996857,36799,0.19576826691627502,94,,,
0.27950528264045715,36849,0.22893157601356506,94,,,
0.18886354565620422,36899,0.19980300962924957,94,,,
0.18559543788433075,36949,0.17468664050102234,94,,,
0.46557560563087463,36999,0.502906322479248,94,,,
0.2288484424352646,37049,0.26397550106048584,94,,,
,37049,,94,0.8902000188827515,0.8791866898536682,0.8725160360336304
0.2224726378917694,37099,0.23221492767333984,95,,,
0.330674946308136,37149,0.3468300700187683,95,,,
0.31233400106430054,37199,0.279665470123291,95,,,
0.3163144588470459,37249,0.26894137263298035,95,,,
0.51483154296875,37299,0.5423945188522339,95,,,
0.2577556073665619,37349,0.24775376915931702,95,,,
0.24010102450847626,37399,0.2111964076757431,95,,,
,37439,,95,0.8892999887466431,0.8779647350311279,0.8795673251152039
0.3048631250858307,37449,0.33798491954803467,96,,,
0.280204713344574,37499,0.28925544023513794,96,,,
0.1704949587583542,37549,0.1779767870903015,96,,,
0.3687712550163269,37599,0.33930134773254395,96,,,
0.2725676894187927,37649,0.2236405313014984,96,,,
0.540581464767456,37699,0.5031461119651794,96,,,
0.415823370218277,37749,0.3704456388950348,96,,,
0.2199447602033615,37799,0.2189430445432663,96,,,
,37829,,96,0.8867999911308289,0.8809294700622559,0.8751201629638672
0.2095433920621872,37849,0.18520620465278625,97,,,
0.42743635177612305,37899,0.32385870814323425,97,,,
0.5081294178962708,37949,0.4211026430130005,97,,,
0.5194696187973022,37999,0.4863503575325012,97,,,
0.33257660269737244,38049,0.3275362551212311,97,,,
0.23108716309070587,38099,0.22757172584533691,97,,,
0.25200220942497253,38149,0.28079503774642944,97,,,
0.27834028005599976,38199,0.2095900923013687,97,,,
,38219,,97,0.8881000280380249,0.883393406867981,0.8788862228393555
0.20152950286865234,38249,0.20401827991008759,98,,,
0.8029381036758423,38299,0.5956395864486694,98,,,
0.3521541953086853,38349,0.2983591854572296,98,,,
0.3685717284679413,38399,0.3917847275733948,98,,,
0.40202853083610535,38449,0.3685134947299957,98,,,
0.36100977659225464,38499,0.3127809762954712,98,,,
0.3458428978919983,38549,0.334994375705719,98,,,
0.25671955943107605,38599,0.2490178793668747,98,,,
,38609,,98,0.8700000047683716,0.8816105723381042,0.881290078163147
0.18717096745967865,38649,0.17373652756214142,99,,,
0.16879117488861084,38699,0.16216781735420227,99,,,
0.22123806178569794,38749,0.21534164249897003,99,,,
0.5430244207382202,38799,0.4430234134197235,99,,,
0.23554451763629913,38849,0.2501058280467987,99,,,
0.29276806116104126,38899,0.2753942608833313,99,,,
0.22109566628932953,38949,0.2489880621433258,99,,,
0.49868738651275635,38999,0.5015307068824768,99,,,
,38999,,99,0.8966000080108643,0.8815905451774597,0.8795673251152039
0.3494488000869751,39049,0.29776549339294434,100,,,
0.21904709935188293,39099,0.2214457243680954,100,,,
0.3078990578651428,39149,0.3083426356315613,100,,,
0.22221878170967102,39199,0.21296195685863495,100,,,
0.1291053146123886,39249,0.14484688639640808,100,,,
0.27070093154907227,39299,0.2366577386856079,100,,,
0.24116471409797668,39349,0.2555731534957886,100,,,
,39389,,100,0.8928999900817871,0.877383828163147,0.8801482319831848
0.36406344175338745,39399,0.32347992062568665,101,,,
0.2479768693447113,39449,0.24268615245819092,101,,,
0.4475975036621094,39499,0.34177982807159424,101,,,
0.24836541712284088,39549,0.24658997356891632,101,,,
0.37870803475379944,39599,0.4285596013069153,101,,,
0.7787991762161255,39649,0.7209333777427673,101,,,
0.3806515634059906,39699,0.4416285455226898,101,,,
0.2687416672706604,39749,0.26898354291915894,101,,,
,39779,,101,0.8841000199317932,0.8813701868057251,0.885036051273346
0.39959749579429626,39799,0.4152422845363617,102,,,
0.2272682636976242,39849,0.2626788020133972,102,,,
0.5885932445526123,39899,0.5458464622497559,102,,,
0.24867717921733856,39949,0.2519139051437378,102,,,
0.29797428846359253,39999,0.31281667947769165,102,,,
0.24719476699829102,40049,0.286695659160614,102,,,
0.17275623977184296,40099,0.19679835438728333,102,,,
0.5372039675712585,40149,0.5145373940467834,102,,,
,40169,,102,0.8878999948501587,0.8839142918586731,0.8868389129638672
0.3046036660671234,40199,0.29624807834625244,103,,,
0.5957992672920227,40249,0.7474548816680908,103,,,
0.5177984237670898,40299,0.5712546110153198,103,,,
0.196330264210701,40349,0.19056211411952972,103,,,
0.22167238593101501,40399,0.22086818516254425,103,,,
0.35125404596328735,40449,0.425293892621994,103,,,
0.43567100167274475,40499,0.4918460249900818,103,,,
0.24640461802482605,40549,0.23911187052726746,103,,,
,40559,,103,0.8841000199317932,0.882972776889801,0.8849559426307678
0.29045364260673523,40599,0.26235687732696533,104,,,
0.4894268214702606,40649,0.5622276663780212,104,,,
0.3548057973384857,40699,0.34149855375289917,104,,,
0.4705357253551483,40749,0.5125961303710938,104,,,
0.2103068083524704,40799,0.2316444218158722,104,,,
0.40971848368644714,40849,0.3544405400753021,104,,,
0.2643246054649353,40899,0.3091052770614624,104,,,
0.12455573678016663,40949,0.13498423993587494,104,,,
,40949,,104,0.8555999994277954,0.8840945363044739,0.8848557472229004
0.46974387764930725,40999,0.49944326281547546,105,,,
0.3838541805744171,41049,0.39721351861953735,105,,,
0.250885009765625,41099,0.23932132124900818,105,,,
0.18448194861412048,41149,0.16939769685268402,105,,,
0.24497394263744354,41199,0.24603071808815002,105,,,
0.3459567725658417,41249,0.3811708092689514,105,,,
0.26695412397384644,41299,0.2881026864051819,105,,,
,41339,,105,0.8791000247001648,0.8814102411270142,0.8857171535491943
0.266431987285614,41349,0.3261256814002991,106,,,
0.2523612678050995,41399,0.3024969696998596,106,,,
0.34187573194503784,41449,0.3244343400001526,106,,,
0.20622874796390533,41499,0.23036479949951172,106,,,
0.3290104269981384,41549,0.3522164523601532,106,,,
0.4011263847351074,41599,0.369772344827652,106,,,
0.29873126745224,41649,0.3485400676727295,106,,,
0.20685456693172455,41699,0.18460801243782043,106,,,
,41729,,106,0.8708000183105469,0.8808093070983887,0.8816105723381042
0.18447041511535645,41749,0.17800550162792206,107,,,
0.6875358819961548,41799,0.6284745931625366,107,,,
0.5157054662704468,41849,0.4289852976799011,107,,,
0.2946479916572571,41899,0.2581002116203308,107,,,
0.597406268119812,41949,0.7297474145889282,107,,,
0.4579702317714691,41999,0.5146534442901611,107,,,
0.2854248881340027,42049,0.28096210956573486,107,,,
0.9058765769004822,42099,0.8677331209182739,107,,,
,42119,,107,0.8970000147819519,0.8864583373069763,0.8774439096450806
0.3642386794090271,42149,0.32794278860092163,108,,,
0.47303786873817444,42199,0.5538890957832336,108,,,
0.6383963823318481,42249,0.5913359522819519,108,,,
0.15017519891262054,42299,0.1335848867893219,108,,,
0.1520387977361679,42349,0.14842310547828674,108,,,
0.28036439418792725,42399,0.26723742485046387,108,,,
0.20164790749549866,42449,0.19897162914276123,108,,,
0.24773578345775604,42499,0.2492523044347763,108,,,
,42509,,108,0.8931000232696533,0.883673906326294,0.8683293461799622
0.25368550419807434,42549,0.221236452460289,109,,,
0.505401611328125,42599,0.5071178078651428,109,,,
0.4893031716346741,42649,0.4885185956954956,109,,,
0.18666252493858337,42699,0.1746923327445984,109,,,
0.2270568162202835,42749,0.19636636972427368,109,,,
0.503960907459259,42799,0.587982177734375,109,,,
0.8901277780532837,42849,1.172057867050171,109,,,
0.41918134689331055,42899,0.37257811427116394,109,,,
,42899,,109,0.8876000046730042,0.8881009817123413,0.886137843132019
0.34199339151382446,42949,0.31795230507850647,110,,,
0.3096397817134857,42999,0.34898144006729126,110,,,
0.23269003629684448,43049,0.26396435499191284,110,,,
0.2397036999464035,43099,0.2806720733642578,110,,,
0.4206981956958771,43149,0.5475908517837524,110,,,
0.31736326217651367,43199,0.3464764356613159,110,,,
0.276123046875,43249,0.3201252520084381,110,,,
,43289,,110,0.8934000134468079,0.8823117017745972,0.886558473110199
0.2307056188583374,43299,0.2559720575809479,111,,,
0.24015045166015625,43349,0.2580374479293823,111,,,
0.4781864285469055,43399,0.5096757411956787,111,,,
0.4061449468135834,43449,0.39689165353775024,111,,,
0.222937673330307,43499,0.2771291434764862,111,,,
0.256467342376709,43549,0.22704486548900604,111,,,
0.2920255661010742,43599,0.3029789924621582,111,,,
0.26709917187690735,43649,0.24361500144004822,111,,,
,43679,,111,0.8902999758720398,0.8851161599159241,0.8869391083717346
0.463289737701416,43699,0.509509801864624,112,,,
0.2556808292865753,43749,0.24493522942066193,112,,,
0.3369077444076538,43799,0.32803037762641907,112,,,
0.2747701406478882,43849,0.2329140603542328,112,,,
0.4690929353237152,43899,0.45034053921699524,112,,,
0.23306560516357422,43949,0.26311296224594116,112,,,
0.24811474978923798,43999,0.2456853687763214,112,,,
0.1637168973684311,44049,0.14144907891750336,112,,,
,44069,,112,0.8896999955177307,0.8866786956787109,0.8894831538200378
0.32776153087615967,44099,0.3011588752269745,113,,,
0.25496721267700195,44149,0.24485063552856445,113,,,
0.23668840527534485,44199,0.2504817545413971,113,,,
0.45072832703590393,44249,0.37391194701194763,113,,,
0.5329480171203613,44299,0.49178946018218994,113,,,
0.43065500259399414,44349,0.5548120737075806,113,,,
0.23496565222740173,44399,0.2531737685203552,113,,,
0.4687352180480957,44449,0.5445412397384644,113,,,
,44459,,113,0.8895000219345093,0.887499988079071,0.8892227411270142
0.24446538090705872,44499,0.30292409658432007,114,,,
0.22582556307315826,44549,0.27248725295066833,114,,,
0.47619640827178955,44599,0.5336533784866333,114,,,
0.24473285675048828,44649,0.3098312318325043,114,,,
0.314205527305603,44699,0.34323808550834656,114,,,
0.2665886878967285,44749,0.3077903389930725,114,,,
0.4725113809108734,44799,0.5507034063339233,114,,,
0.2520460784435272,44849,0.24564287066459656,114,,,
,44849,,114,0.8889999985694885,0.8861778974533081,0.8877003192901611
0.36369559168815613,44899,0.40935030579566956,115,,,
0.3345315158367157,44949,0.33241206407546997,115,,,
0.33952635526657104,44999,0.36430656909942627,115,,,
0.31555846333503723,45049,0.3815801739692688,115,,,
0.3415685296058655,45099,0.3598717451095581,115,,,
0.5290405750274658,45149,0.5394319295883179,115,,,
0.2845059037208557,45199,0.3391510248184204,115,,,
,45239,,115,0.8920999765396118,0.8855568766593933,0.8900641202926636
0.26096805930137634,45249,0.29919350147247314,116,,,
0.36202239990234375,45299,0.28403809666633606,116,,,
0.187330961227417,45349,0.18803814053535461,116,,,
2.1522252559661865,45399,2.0149149894714355,116,,,
0.5361981391906738,45449,0.488166868686676,116,,,
0.45083194971084595,45499,0.5043137073516846,116,,,
0.5461949110031128,45549,0.4565298855304718,116,,,
0.3021109998226166,45599,0.35130971670150757,116,,,
,45629,,116,0.8925999999046326,0.8880408406257629,0.8827323913574219
0.5054566860198975,45649,0.5148841738700867,117,,,
0.24768497049808502,45699,0.23864570260047913,117,,,
0.3046955466270447,45749,0.3623664975166321,117,,,
0.2535719573497772,45799,0.21844397485256195,117,,,
0.2524455487728119,45849,0.2609776258468628,117,,,
0.21993011236190796,45899,0.21842050552368164,117,,,
0.22307175397872925,45949,0.2619034945964813,117,,,
0.3519632816314697,45999,0.4308532774448395,117,,,
,46019,,117,0.9006999731063843,0.8927083611488342,0.8923677802085876
0.5175597071647644,46049,0.45321914553642273,118,,,
0.5276370644569397,46099,0.4927979111671448,118,,,
0.35548147559165955,46149,0.3163997530937195,118,,,
1.1026315689086914,46199,1.004288673400879,118,,,
0.382906973361969,46249,0.4394676387310028,118,,,
0.3350237011909485,46299,0.30366307497024536,118,,,
0.26203489303588867,46349,0.24877285957336426,118,,,
1.0273118019104004,46399,1.1128427982330322,118,,,
,46409,,118,0.895799994468689,0.8942908644676208,0.891366183757782
0.457023024559021,46449,0.5098943710327148,119,,,
0.49258390069007874,46499,0.5266868472099304,119,,,
0.3712582588195801,46549,0.2944469451904297,119,,,
0.23034332692623138,46599,0.25732988119125366,119,,,
0.4490205645561218,46649,0.4506679177284241,119,,,
1.0892045497894287,46699,0.8090169429779053,119,,,
0.31986477971076965,46749,0.3741708993911743,119,,,
0.5060279369354248,46799,0.5154076218605042,119,,,
,46799,,119,0.88919997215271,0.8916065692901611,0.8915665149688721
0.4655974209308624,46849,0.5247252583503723,120,,,
0.34738779067993164,46899,0.28404858708381653,120,,,
2.116459846496582,46949,2.300075054168701,120,,,
0.5645895600318909,46999,0.7306010723114014,120,,,
0.38583216071128845,47049,0.42240872979164124,120,,,
0.3766325116157532,47099,0.44650664925575256,120,,,
0.3461529016494751,47149,0.3107909560203552,120,,,
,47189,,120,0.8924999833106995,0.8894831538200378,0.8927484154701233
0.29227152466773987,47199,0.26285603642463684,121,,,
0.5549603700637817,47249,0.4475874900817871,121,,,
0.29474973678588867,47299,0.2566114366054535,121,,,
0.6170702576637268,47349,0.6045335531234741,121,,,
1.0490541458129883,47399,1.0488080978393555,121,,,
0.522976815700531,47449,0.5492779612541199,121,,,
2.3320817947387695,47499,1.664585828781128,121,,,
0.3685063123703003,47549,0.39666202664375305,121,,,
,47579,,121,0.8920999765396118,0.8945112228393555,0.8926682472229004
0.41833963990211487,47599,0.39142653346061707,122,,,
0.4831223487854004,47649,0.523406982421875,122,,,
0.4694669842720032,47699,0.5326939225196838,122,,,
0.41452717781066895,47749,0.3686944544315338,122,,,
0.2811490297317505,47799,0.2989978492259979,122,,,
0.23186597228050232,47849,0.2531324028968811,122,,,
0.30064815282821655,47899,0.32855215668678284,122,,,
0.29141342639923096,47949,0.36144301295280457,122,,,
,47969,,122,0.8968999981880188,0.8929086327552795,0.895112156867981
0.49717941880226135,47999,0.5124049186706543,123,,,
0.2390492558479309,48049,0.31226369738578796,123,,,
0.4159547984600067,48099,0.40018001198768616,123,,,
0.26200899481773376,48149,0.28554558753967285,123,,,
0.4063427150249481,48199,0.4321610629558563,123,,,
0.33943912386894226,48249,0.3257613480091095,123,,,
0.5439600944519043,48299,0.5048503279685974,123,,,
0.3064408600330353,48349,0.3318474590778351,123,,,
,48359,,123,0.8981000185012817,0.8924078345298767,0.896754801273346
0.46625569462776184,48399,0.5336034893989563,124,,,
0.28002986311912537,48449,0.3683894872665405,124,,,
0.16663894057273865,48499,0.1618884950876236,124,,,
0.5050011277198792,48549,0.5221134424209595,124,,,
0.25213682651519775,48599,0.29649922251701355,124,,,
0.5758605003356934,48649,0.6609049439430237,124,,,
0.48913145065307617,48699,0.4959358274936676,124,,,
0.7501175403594971,48749,1.0960357189178467,124,,,
,48749,,124,0.8981999754905701,0.893008828163147,0.8942107558250427
0.2542377710342407,48799,0.2401418685913086,125,,,
0.47109708189964294,48849,0.4672723412513733,125,,,
0.2442987561225891,48899,0.2570905089378357,125,,,
0.1821124404668808,48949,0.1823161393404007,125,,,
0.31515011191368103,48999,0.3339577317237854,125,,,
0.4201970398426056,49049,0.47866955399513245,125,,,
0.49273592233657837,49099,0.47172942757606506,125,,,
,49139,,125,0.8952999711036682,0.8956730961799622,0.8949919939041138
0.20374512672424316,49149,0.22604261338710785,126,,,
0.4945265054702759,49199,0.4591233432292938,126,,,
0.4379834532737732,49249,0.521124005317688,126,,,
0.3483547568321228,49299,0.3291059136390686,126,,,
0.23821404576301575,49349,0.263955682516098,126,,,
0.7297806143760681,49399,0.5977064371109009,126,,,
0.2717897593975067,49449,0.2770240008831024,126,,,
0.40946659445762634,49499,0.37909674644470215,126,,,
,49529,,126,0.8963000178337097,0.895392656326294,0.895432710647583
0.18045829236507416,49549,0.1788197010755539,127,,,
0.275851309299469,49599,0.23939481377601624,127,,,
0.5282046794891357,49649,0.510371208190918,127,,,
0.34545502066612244,49699,0.44281482696533203,127,,,
0.32263508439064026,49749,0.3224593997001648,127,,,
0.3429674506187439,49799,0.3006558418273926,127,,,
0.18869929015636444,49849,0.1750633865594864,127,,,
0.45179542899131775,49899,0.5350976586341858,127,,,
,49919,,127,0.8978000283241272,0.8982171416282654,0.8917868733406067
0.5429931879043579,49949,0.5332216024398804,128,,,
0.45242294669151306,49999,0.31096455454826355,128,,,
0.5945475101470947,50049,0.7133606672286987,128,,,
0.616703987121582,50099,0.7083250284194946,128,,,
0.45364007353782654,50149,0.3490394055843353,128,,,
0.39834022521972656,50199,0.41894885897636414,128,,,
0.5715417861938477,50249,0.47124773263931274,128,,,
0.5607432126998901,50299,0.7365764379501343,128,,,
,50309,,128,0.8974999785423279,0.8977764248847961,0.8922275900840759
0.24420100450515747,50349,0.24243618547916412,129,,,
nan,50399,nan,129,,,
0.3635966181755066,50449,0.2925126552581787,129,,,
2.3282089233398438,50499,1.9614510536193848,129,,,
0.665005087852478,50549,0.6831890344619751,129,,,
0.3654952943325043,50599,0.3868585526943207,129,,,
0.5068601369857788,50649,0.4784421920776367,129,,,
0.3027231693267822,50699,0.35579952597618103,129,,,
,50699,,129,0.8925999999046326,0.8952524065971375,0.8987579941749573
0.5323360562324524,50749,0.5066852569580078,130,,,
1.0418403148651123,50799,1.146068811416626,130,,,
1.1621371507644653,50849,0.959942638874054,130,,,
0.25092387199401855,50899,0.2498188316822052,130,,,
0.982593297958374,50949,1.1476722955703735,130,,,
0.4918152391910553,50999,0.5598692893981934,130,,,
0.34215497970581055,51049,0.3165602684020996,130,,,
,51089,,130,0.9000999927520752,0.8979166746139526,0.8984174728393555
0.47341910004615784,51099,0.5126279592514038,131,,,
0.4104195833206177,51149,0.5420931577682495,131,,,
0.3446504771709442,51199,0.2883882522583008,131,,,
0.24726755917072296,51249,0.24108931422233582,131,,,
0.6969854831695557,51299,0.6658986806869507,131,,,
0.548640251159668,51349,0.4322882890701294,131,,,
0.21780163049697876,51399,0.217031329870224,131,,,
0.2974590063095093,51449,0.31098636984825134,131,,,
,51479,,131,0.8871999979019165,0.8970552682876587,0.8988782167434692
0.24427999556064606,51499,0.2621613144874573,132,,,
0.41079944372177124,51549,0.5048490762710571,132,,,
0.47065073251724243,51599,0.48780256509780884,132,,,
0.34564444422721863,51649,0.4136525094509125,132,,,
0.5659936666488647,51699,0.5910049080848694,132,,,
1.1009330749511719,51749,0.950522780418396,132,,,
0.39702650904655457,51799,0.4178634583950043,132,,,
0.6604596376419067,51849,0.6709999442100525,132,,,
,51869,,132,0.8971999883651733,0.8949919939041138,0.9015424847602844
0.2547086477279663,51899,0.2440526932477951,133,,,
0.6808804869651794,51949,0.6159117221832275,133,,,
0.5173546075820923,51999,0.5395492911338806,133,,,
0.3956199586391449,52049,0.3844798505306244,133,,,
0.4788495600223541,52099,0.545187771320343,133,,,
0.20022724568843842,52149,0.1775585263967514,133,,,
0.2586330473423004,52199,0.22802530229091644,133,,,
0.5016007423400879,52249,0.42967313528060913,133,,,
,52259,,133,0.8974000215530396,0.8988181352615356,0.8979367017745972
0.6943663954734802,52299,0.6774539351463318,134,,,
0.4315497577190399,52349,0.4730057418346405,134,,,
0.49305403232574463,52399,0.48331207036972046,134,,,
0.23105517029762268,52449,0.26151973009109497,134,,,
0.5036930441856384,52499,0.4272896647453308,134,,,
0.5006843209266663,52549,0.4478108882904053,134,,,
0.33707207441329956,52599,0.3402324914932251,134,,,
0.5011003017425537,52649,0.4872192144393921,134,,,
,52649,,134,0.9025999903678894,0.8986178040504456,0.897536039352417
0.500927746295929,52699,0.4792304039001465,135,,,
0.26356691122055054,52749,0.2414039671421051,135,,,
0.28384193778038025,52799,0.2914052903652191,135,,,
0.22858726978302002,52849,0.25675731897354126,135,,,
0.43768274784088135,52899,0.532075047492981,135,,,
0.4634997248649597,52949,0.5075064897537231,135,,,
0.31933435797691345,52999,0.401721715927124,135,,,
,53039,,135,0.8978000283241272,0.8994991779327393,0.8976162075996399
2.0151255130767822,53049,1.6182887554168701,136,,,
0.5013285279273987,53099,0.4665977358818054,136,,,
0.4167947769165039,53149,0.46739110350608826,136,,,
0.7489878535270691,53199,0.6618287563323975,136,,,
1.0163600444793701,53249,0.9660389423370361,136,,,
0.2899512052536011,53299,0.26654669642448425,136,,,
0.29288893938064575,53349,0.306205689907074,136,,,
0.5166548490524292,53399,0.5273869633674622,136,,,
,53429,,136,0.9016000032424927,0.9036458134651184,0.8977764248847961
0.5312169790267944,53449,0.5002642869949341,137,,,
0.6775381565093994,53499,0.6339942216873169,137,,,
nan,53549,nan,137,,,
0.4539351463317871,53599,0.5541821718215942,137,,,
0.24657464027404785,53649,0.24101927876472473,137,,,
0.4819273352622986,53699,0.49287697672843933,137,,,
0.6535789370536804,53749,0.6750029921531677,137,,,
0.6819605827331543,53799,0.7086238861083984,137,,,
,53819,,137,0.885200023651123,0.9033052921295166,0.9013020992279053
1.1189014911651611,53849,0.7682096362113953,138,,,
0.270230770111084,53899,0.252828449010849,138,,,
1.0906919240951538,53949,0.8905473947525024,138,,,
0.502686083316803,53999,0.5777192115783691,138,,,
0.4265974760055542,54049,0.5359009504318237,138,,,
0.5153152346611023,54099,0.5816729664802551,138,,,
0.7310588359832764,54149,0.7311413288116455,138,,,
0.28444087505340576,54199,0.30271944403648376,138,,,
,54209,,138,0.8981999754905701,0.9022836685180664,0.9025641083717346
0.2837325930595398,54249,0.369623601436615,139,,,
0.2966238856315613,54299,0.3583909273147583,139,,,
0.508501410484314,54349,0.5057348608970642,139,,,
0.7381349802017212,54399,0.6454938650131226,139,,,
0.5177035331726074,54449,0.5166344046592712,139,,,
0.5605376958847046,54499,0.40947577357292175,139,,,
0.25976109504699707,54549,0.2728698253631592,139,,,
0.38068851828575134,54599,0.41040465235710144,139,,,
,54599,,139,0.8939999938011169,0.8996794819831848,0.9025440812110901
2.406865119934082,54649,2.194934129714966,140,,,
0.17288343608379364,54699,0.17982278764247894,140,,,
0.5200657844543457,54749,0.4562568664550781,140,,,
0.49009618163108826,54799,0.5712940096855164,140,,,
0.5164049863815308,54849,0.7065402269363403,140,,,
0.3310282230377197,54899,0.36492854356765747,140,,,
0.44771701097488403,54949,0.5412716269493103,140,,,
,54989,,140,0.900600016117096,0.8999398946762085,0.9045873284339905
0.48641031980514526,54999,0.5023289918899536,141,,,
0.4655151069164276,55049,0.5507736802101135,141,,,
0.46287041902542114,55099,0.4977911412715912,141,,,
0.6344097852706909,55149,0.6036413908004761,141,,,
0.5831883549690247,55199,0.5163992047309875,141,,,
0.2368098646402359,55249,0.2480621337890625,141,,,
0.9619718790054321,55299,0.9926975965499878,141,,,
0.39963117241859436,55349,0.40555164217948914,141,,,
,55379,,141,0.8968999981880188,0.9040464758872986,0.9017828702926636
0.5377963185310364,55399,0.44033586978912354,142,,,
0.23652036488056183,55449,0.19907334446907043,142,,,
0.4453592002391815,55499,0.3847676217556,142,,,
0.257178395986557,55549,0.29299306869506836,142,,,
0.41870051622390747,55599,0.36675217747688293,142,,,
0.28896665573120117,55649,0.3364359736442566,142,,,
0.5187258720397949,55699,0.5037787556648254,142,,,
0.5430634617805481,55749,0.5031464695930481,142,,,
,55769,,142,0.9021999835968018,0.9061298370361328,0.9052684307098389
0.5180197358131409,55799,0.40116116404533386,143,,,
0.3322792053222656,55849,0.32302024960517883,143,,,
0.7429400682449341,55899,0.6361000537872314,143,,,
1.1050028800964355,55949,1.0058848857879639,143,,,
0.4118218719959259,55999,0.5903698205947876,143,,,
0.4487758278846741,56049,0.35582613945007324,143,,,
0.3626784682273865,56099,0.40668511390686035,143,,,
0.43173500895500183,56149,0.392762690782547,143,,,
,56159,,143,0.9003000259399414,0.9048076868057251,0.9044871926307678
0.4903567433357239,56199,0.4582141041755676,144,,,
0.4373941719532013,56249,0.5604544878005981,144,,,
0.2910313308238983,56299,0.2994116246700287,144,,,
0.24498988687992096,56349,0.24059566855430603,144,,,
0.5353580713272095,56399,0.4352805018424988,144,,,
0.5451912879943848,56449,0.5497657060623169,144,,,
0.3319095969200134,56499,0.3354911208152771,144,,,
0.3515113294124603,56549,0.4047318398952484,144,,,
,56549,,144,0.8944000005722046,0.9039262533187866,0.9033253192901611
0.4232347011566162,56599,0.35642609000205994,145,,,
0.6600196957588196,56649,0.639692485332489,145,,,
0.6823634505271912,56699,0.6715060472488403,145,,,
0.32581162452697754,56749,0.3404327630996704,145,,,
0.48977285623550415,56799,0.48247069120407104,145,,,
0.4822322428226471,56849,0.5481905341148376,145,,,
0.4108729362487793,56899,0.5263517498970032,145,,,
,56939,,145,0.9010000228881836,0.9036858677864075,0.9049879908561707
0.41922250390052795,56949,0.41208407282829285,146,,,
0.547633171081543,56999,0.44229981303215027,146,,,
0.255560964345932,57049,0.29983243346214294,146,,,
0.23440101742744446,57099,0.25328528881073,146,,,
1.1212109327316284,57149,1.0056443214416504,146,,,
0.706169068813324,57199,0.7087382674217224,146,,,
0.32376766204833984,57249,0.3363116383552551,146,,,
0.3093841075897217,57299,0.32208529114723206,146,,,
,57329,,146,0.9018999934196472,0.9066306352615356,0.9060096144676208
0.885300874710083,57349,1.1370108127593994,147,,,
1.8506056070327759,57399,2.205054521560669,147,,,
1.978324055671692,57449,2.3482444286346436,147,,,
0.26298171281814575,57499,0.2976316809654236,147,,,
0.5271656513214111,57549,0.5228474736213684,147,,,
0.4967714250087738,57599,0.5290948152542114,147,,,
0.371491402387619,57649,0.45022183656692505,147,,,
0.36285051703453064,57699,0.41123470664024353,147,,,
,57719,,147,0.8992000222206116,0.9068710207939148,0.9067507982254028
0.25329670310020447,57749,0.24531681835651398,148,,,
1.027287483215332,57799,0.8698439598083496,148,,,
0.6184687614440918,57849,0.7694858312606812,148,,,
0.5415583848953247,57899,0.46640121936798096,148,,,
0.5461441874504089,57949,0.4842245578765869,148,,,
0.22645151615142822,57999,0.2618681788444519,148,,,
0.292907178401947,58049,0.35182949900627136,148,,,
0.23869283497333527,58099,0.23348838090896606,148,,,
,58109,,148,0.9034000039100647,0.9043869972229004,0.9058493375778198
0.3877268433570862,58149,0.3730977475643158,149,,,
0.35765978693962097,58199,0.3460344970226288,149,,,
0.31179943680763245,58249,0.258640855550766,149,,,
1.4612581729888916,58299,2.392814874649048,149,,,
1.9680758714675903,58349,1.461444616317749,149,,,
0.49910348653793335,58399,0.4275640845298767,149,,,
0.27131399512290955,58449,0.2931985557079315,149,,,
0.5060012340545654,58499,0.5290748476982117,149,,,
,58499,,149,0.8992999792098999,0.9071314334869385,0.9041265845298767
1.10003662109375,58549,0.8105699419975281,150,,,
0.6957011222839355,58599,0.5888062715530396,150,,,
0.5523003339767456,58649,0.5151132345199585,150,,,
0.33907362818717957,58699,0.31458693742752075,150,,,
0.2884533107280731,58749,0.25678423047065735,150,,,
nan,58799,nan,150,,,
0.4652719795703888,58849,0.47172123193740845,150,,,
,58889,,150,0.8966000080108643,0.9077924489974976,0.9078525900840759
nan,58899,nan,151,,,
0.47218674421310425,58949,0.5349757671356201,151,,,
0.32654231786727905,58999,0.34313517808914185,151,,,
0.6723382472991943,59049,0.7130424976348877,151,,,
0.9936205744743347,59099,1.2023364305496216,151,,,
1.6226328611373901,59149,2.033694267272949,151,,,
0.5698133111000061,59199,0.6671778559684753,151,,,
0.41291674971580505,59249,0.35042446851730347,151,,,
,59279,,151,0.8942000269889832,0.9085536599159241,0.9090544581413269
0.42787647247314453,59299,0.4246371388435364,152,,,
2.253098249435425,59349,1.7855877876281738,152,,,
0.5577088594436646,59399,0.4239829182624817,152,,,
0.5663058161735535,59449,0.4885523021221161,152,,,
0.45802929997444153,59499,0.4462513029575348,152,,,
0.48937833309173584,59549,0.5174295902252197,152,,,
0.4797610640525818,59599,0.5305331945419312,152,,,
0.4486520290374756,59649,0.3326612114906311,152,,,
,59669,,152,0.9041000008583069,0.9090745449066162,0.909294843673706
1.0442943572998047,59699,0.978745698928833,153,,,
0.8776226043701172,59749,0.9196833372116089,153,,,
0.728627622127533,59799,0.6544002294540405,153,,,
0.5211530923843384,59849,0.5138776302337646,153,,,
0.44606876373291016,59899,0.5236334204673767,153,,,
0.4317202568054199,59949,0.41538962721824646,153,,,
0.2534136474132538,59999,0.29002246260643005,153,,,
0.25839754939079285,60049,0.22422213852405548,153,,,
,60059,,153,0.8995000123977661,0.9080929756164551,0.9083533883094788
1.0054078102111816,60099,1.1433131694793701,154,,,
0.2741214334964752,60149,0.3537605404853821,154,,,
0.5475289225578308,60199,0.5800659656524658,154,,,
0.49656248092651367,60249,0.4731485843658447,154,,,
0.631192684173584,60299,0.753510594367981,154,,,
2.417619228363037,60349,2.4303605556488037,154,,,
0.6270265579223633,60399,0.6770979166030884,154,,,
0.3874122202396393,60449,0.5474531650543213,154,,,
,60449,,154,0.9004999995231628,0.9102764129638672,0.9103565812110901
0.37758389115333557,60499,0.5147720575332642,155,,,
0.5016906261444092,60549,0.42136043310165405,155,,,
0.5676242113113403,60599,0.602067768573761,155,,,
0.32819947600364685,60649,0.4398569166660309,155,,,
0.43933528661727905,60699,0.5156006217002869,155,,,
0.3487628102302551,60749,0.2881527543067932,155,,,
1.2240843772888184,60799,1.0385688543319702,155,,,
,60839,,155,0.9017999768257141,0.9079927802085876,0.911017656326294
0.33474332094192505,60849,0.3097677230834961,156,,,
0.5188203454017639,60899,0.49033722281455994,156,,,
0.6846405267715454,60949,0.6357752680778503,156,,,
0.4372268617153168,60999,0.5002584457397461,156,,,
0.2945188581943512,61049,0.3490144908428192,156,,,
0.6631957292556763,61099,0.6722657680511475,156,,,
0.5303763151168823,61149,0.436138391494751,156,,,
0.6377125978469849,61199,0.6345964074134827,156,,,
,61229,,156,0.8964999914169312,0.9089543223381042,0.9100160002708435
2.3930554389953613,61249,2.4472639560699463,157,,,
0.5539478063583374,61299,0.4158288538455963,157,,,
0.340612530708313,61349,0.31695038080215454,157,,,
0.5087564587593079,61399,0.5286435484886169,157,,,
0.5440899133682251,61449,0.454401433467865,157,,,
0.3666585385799408,61499,0.42569804191589355,157,,,
0.49950581789016724,61549,0.5726779699325562,157,,,
0.7473921775817871,61599,0.5519276261329651,157,,,
,61619,,157,0.9009000062942505,0.9099759459495544,0.910937488079071
0.6734722852706909,61649,0.5686421990394592,158,,,
0.7295529246330261,61699,0.6205022931098938,158,,,
0.43895697593688965,61749,0.5119431018829346,158,,,
0.5706647634506226,61799,0.4731096625328064,158,,,
0.6381173729896545,61849,0.7333201766014099,158,,,
2.0211241245269775,61899,2.432042121887207,158,,,
0.30598604679107666,61949,0.3434184193611145,158,,,
0.4634702503681183,61999,0.524476945400238,158,,,
,62009,,158,0.8996999859809875,0.9116586446762085,0.9098758101463318
1.0893155336380005,62049,0.9845404028892517,159,,,
0.3388687074184418,62099,0.30712488293647766,159,,,
0.6963651180267334,62149,0.6761680841445923,159,,,
0.4110763967037201,62199,0.3774200975894928,159,,,
0.5297874212265015,62249,0.665965735912323,159,,,
0.5195457935333252,62299,0.49871116876602173,159,,,
1.0316003561019897,62349,0.8897356390953064,159,,,
0.32069724798202515,62399,0.3118707239627838,159,,,
,62399,,159,0.9027000069618225,0.911838948726654,0.9120793342590332
0.5205779075622559,62449,0.41810059547424316,160,,,
0.3126286566257477,62499,0.3285294771194458,160,,,
0.25960221886634827,62549,0.248764768242836,160,,,
1.9335495233535767,62599,1.97036874294281,160,,,
0.5893205404281616,62649,0.6418399810791016,160,,,
2.2762858867645264,62699,1.927582025527954,160,,,
0.5288653373718262,62749,0.7201259136199951,160,,,
,62789,,160,0.9020000100135803,0.9134414792060852,0.9106971025466919
0.27303606271743774,62799,0.2648046314716339,161,,,
0.29677900671958923,62849,0.3697455823421478,161,,,
0.6224015951156616,62899,0.6283296346664429,161,,,
0.7882111072540283,62949,1.0091524124145508,161,,,
0.5476409196853638,62999,0.5136755704879761,161,,,
1.0846452713012695,63049,0.7322721481323242,161,,,
0.2472814917564392,63099,0.2877519130706787,161,,,
0.5357690453529358,63149,0.44427162408828735,161,,,
,63179,,161,0.8938000202178955,0.9129006266593933,0.9123597741127014
0.5587042570114136,63199,0.4322669208049774,162,,,
0.5585387945175171,63249,0.47374051809310913,162,,,
0.935506284236908,63299,1.10069739818573,162,,,
0.7535120248794556,63349,0.5983209609985352,162,,,
1.142629861831665,63399,0.9272223711013794,162,,,
0.3512169122695923,63449,0.31576815247535706,162,,,
0.49127283692359924,63499,0.5674551725387573,162,,,
1.112273931503296,63549,0.7941954731941223,162,,,
,63569,,162,0.9016000032424927,0.9111378192901611,0.9135216474533081
0.41585227847099304,63599,0.5354005694389343,163,,,
0.676366925239563,63649,0.6578196287155151,163,,,
0.872491180896759,63699,1.0720205307006836,163,,,
0.45981311798095703,63749,0.494062215089798,163,,,
1.5603407621383667,63799,1.9680087566375732,163,,,
2.458162784576416,63849,1.6894603967666626,163,,,
2.0545151233673096,63899,2.441077709197998,163,,,
0.5009693503379822,63949,0.4791974425315857,163,,,
,63959,,163,0.901199996471405,0.9132612347602844,0.913902223110199
0.4761435389518738,63999,0.5508366823196411,164,,,
0.399691641330719,64049,0.37299779057502747,164,,,
0.8961673378944397,64099,0.9289991855621338,164,,,
nan,64149,nan,164,,,
1.8249602317810059,64199,2.1015443801879883,164,,,
0.5675336122512817,64249,0.49858343601226807,164,,,
0.5505593419075012,64299,0.4564830958843231,164,,,
0.36773422360420227,64349,0.3799591064453125,164,,,
,64349,,164,0.9014999866485596,0.9144431352615356,0.9141426086425781
0.7105860710144043,64399,0.7662855982780457,165,,,
0.2623388171195984,64449,0.35805031657218933,165,,,
0.4961189925670624,64499,0.4290253818035126,165,,,
1.1389148235321045,64549,0.9560344815254211,165,,,
0.9725614786148071,64599,1.1784228086471558,165,,,
0.0,64649,0.0,165,,,
0.6999082565307617,64699,0.6530579328536987,165,,,
,64739,,165,0.9010999798774719,0.9143429398536682,0.9157652258872986
0.2872162461280823,64749,0.25544458627700806,166,,,
1.1301789283752441,64799,0.7540828585624695,166,,,
1.0142964124679565,64849,0.9621184468269348,166,,,
0.47596681118011475,64899,0.5334180593490601,166,,,
1.9472198486328125,64949,1.8712376356124878,166,,,
1.0479989051818848,64999,0.8949030637741089,166,,,
1.529347538948059,65049,2.1155612468719482,166,,,
0.4744080603122711,65099,0.45678597688674927,166,,,
,65129,,166,0.9053000211715698,0.915544867515564,0.9148837924003601
0.6434040665626526,65149,0.6442773342132568,167,,,
0.21775782108306885,65199,0.24316102266311646,167,,,
0.44603556394577026,65249,0.5004693865776062,167,,,
0.554926872253418,65299,0.576744794845581,167,,,
nan,65349,nan,167,,,
0.48895925283432007,65399,0.5169978141784668,167,,,
0.5147910118103027,65449,0.4519144892692566,167,,,
1.0424659252166748,65499,0.8752678036689758,167,,,
,65519,,167,0.9021000266075134,0.9143629670143127,0.9137019515037537
1.9773039817810059,65549,1.6607515811920166,168,,,
0.8866274356842041,65599,1.0443458557128906,168,,,
1.1481820344924927,65649,0.9268233776092529,168,,,
0.3325299322605133,65699,0.3218769431114197,168,,,
0.4975526034832001,65749,0.4992973208427429,168,,,
0.7704429626464844,65799,1.0422743558883667,168,,,
1.192746639251709,65849,1.0684446096420288,168,,,
1.0710339546203613,65899,1.021311640739441,168,,,
,65909,,168,0.9021000266075134,0.9159855842590332,0.9159455299377441
nan,65949,nan,169,,,
0.6787461638450623,65999,0.5715100169181824,169,,,
0.6951512694358826,66049,0.5131538510322571,169,,,
0.9724525213241577,66099,1.175699234008789,169,,,
0.47015661001205444,66149,0.5298243761062622,169,,,
0.9053632020950317,66199,0.9374770522117615,169,,,
0.9879143834114075,66249,0.9782888889312744,169,,,
nan,66299,nan,169,,,
,66299,,169,0.9038000106811523,0.9157852530479431,0.9165464639663696
0.0,66349,0.0,170,,,
0.0,66399,0.0,170,,,
0.48478490114212036,66449,0.5032919645309448,170,,,
0.6948150992393494,66499,0.5484017133712769,170,,,
0.5037800669670105,66549,0.5516537427902222,170,,,
1.0251703262329102,66599,0.7438654899597168,170,,,
0.9803199768066406,66649,1.0990731716156006,170,,,
,66689,,170,0.9025999903678894,0.9158453345298767,0.9151442050933838
0.48297348618507385,66699,0.4993087351322174,171,,,
0.7747465372085571,66749,0.7066088914871216,171,,,
0.5318787693977356,66799,0.4205634593963623,171,,,
0.5536757707595825,66849,0.4799729287624359,171,,,
nan,66899,nan,171,,,
0.5168213844299316,66949,0.5197148323059082,171,,,
1.1523983478546143,66999,1.0178710222244263,171,,,
0.42836475372314453,67049,0.49464213848114014,171,,,
,67079,,171,0.9039000272750854,0.9174679517745972,0.9171274304389954
0.7215778231620789,67099,0.6201103925704956,172,,,
0.5636885166168213,67149,0.4353840947151184,172,,,
0.9785043001174927,67199,1.0977423191070557,172,,,
0.4718279242515564,67249,0.480945348739624,172,,,
0.5167927742004395,67299,0.4806973934173584,172,,,
0.5027859210968018,67349,0.4992295801639557,172,,,
0.5477503538131714,67399,0.544608473777771,172,,,
1.0828726291656494,67449,1.0096538066864014,172,,,
,67469,,172,0.9017000198364258,0.9176482558250427,0.9182291626930237
nan,67499,nan,173,,,
0.7588005065917969,67549,0.6507915258407593,173,,,
nan,67599,nan,173,,,
0.5245185494422913,67649,0.5283140540122986,173,,,
2.418048143386841,67699,2.4339826107025146,173,,,
0.6973410844802856,67749,0.6646633148193359,173,,,
0.5848963260650635,67799,0.6071228981018066,173,,,
nan,67849,nan,173,,,
,67859,,173,0.9068999886512756,0.9173076748847961,0.9181089997291565
0.9826895594596863,67899,0.8703862428665161,174,,,
0.5470834374427795,67949,0.4985673725605011,174,,,
2.0885016918182373,67999,2.114037275314331,174,,,
0.31960529088974,68049,0.32517552375793457,174,,,
2.4173026084899902,68099,2.459970474243164,174,,,
nan,68149,nan,174,,,
2.2661995887756348,68199,1.6035833358764648,174,,,
1.0987672805786133,68249,1.1457340717315674,174,,,
,68249,,174,0.90420001745224,0.917227566242218,0.9180288314819336
2.2298879623413086,68299,1.6402297019958496,175,,,
2.1747889518737793,68349,1.8366847038269043,175,,,
1.6604280471801758,68399,2.3614730834960938,175,,,
0.6772085428237915,68449,0.5967084169387817,175,,,
0.5019646883010864,68499,0.5709443092346191,175,,,
0.4938609004020691,68549,0.44151434302330017,175,,,
1.941646695137024,68599,1.4619026184082031,175,,,
,68639,,175,0.904699981212616,0.9187900424003601,0.9195713400840759
0.46170303225517273,68649,0.5314560532569885,176,,,
1.9751739501953125,68699,1.8346720933914185,176,,,
2.0261244773864746,68749,1.4623982906341553,176,,,
1.0721616744995117,68799,0.7503640651702881,176,,,
0.969185471534729,68849,0.860640287399292,176,,,
1.0366623401641846,68899,0.9449947476387024,176,,,
0.4014456868171692,68949,0.5373520851135254,176,,,
0.5160056352615356,68999,0.49335694313049316,176,,,
,69029,,176,0.9031999707221985,0.9192908406257629,0.9193910360336304
0.6333451271057129,69049,0.6323875188827515,177,,,
0.6564536690711975,69099,0.7793588638305664,177,,,
0.9157978892326355,69149,1.0954511165618896,177,,,
2.1639041900634766,69199,2.415153741836548,177,,,
nan,69249,nan,177,,,
0.4880835711956024,69299,0.562810480594635,177,,,
0.6399381160736084,69349,0.5955519676208496,177,,,
0.7342220544815063,69399,0.6155279874801636,177,,,
,69419,,177,0.9081000089645386,0.9203125238418579,0.9200320243835449
nan,69449,nan,178,,,
2.4406676292419434,69499,2.4157912731170654,178,,,
1.209864854812622,69549,1.116109848022461,178,,,
0.45528122782707214,69599,0.41377097368240356,178,,,
1.9645434617996216,69649,1.461714744567871,178,,,
0.525449275970459,69699,0.5470188856124878,178,,,
0.9403347969055176,69749,1.0246317386627197,178,,,
nan,69799,nan,178,,,
,69809,,178,0.9081000089645386,0.9204527139663696,0.9194310903549194
0.5341204404830933,69849,0.4648743271827698,179,,,
0.0,69899,0.0,179,,,
0.7539515495300293,69949,1.1679375171661377,179,,,
0.29620906710624695,69999,0.25883808732032776,179,,,
1.0958867073059082,70049,0.9095648527145386,179,,,
2.222618818283081,70099,1.468633770942688,179,,,
0.494157075881958,70149,0.4448733329772949,179,,,
2.1118500232696533,70199,1.4615626335144043,179,,,
,70199,,179,0.9021999835968018,0.9205529093742371,0.9205328822135925
0.6706521511077881,70249,0.6994196772575378,180,,,
2.2038941383361816,70299,2.043510913848877,180,,,
2.4389634132385254,70349,2.0472710132598877,180,,,
2.421705961227417,70399,2.174569606781006,180,,,
1.5716971158981323,70449,2.1037209033966064,180,,,
0.569930911064148,70499,0.7380878925323486,180,,,
0.47949743270874023,70549,0.5688549876213074,180,,,
,70589,,180,0.9078999757766724,0.9208333492279053,0.9213141202926636
nan,70599,nan,181,,,
0.9547048211097717,70649,1.0286765098571777,181,,,
0.3082248568534851,70699,0.25702738761901855,181,,,
1.5663971900939941,70749,2.1327571868896484,181,,,
1.2209382057189941,70799,1.2229957580566406,181,,,
0.0,70849,0.0,181,,,
2.302445650100708,70899,2.145824432373047,181,,,
0.5821439027786255,70949,0.654057502746582,181,,,
,70979,,181,0.9057000279426575,0.9208533763885498,0.9213942289352417
0.8873085975646973,70999,1.202030897140503,182,,,
0.5254826545715332,71049,0.4898729622364044,182,,,
0.0,71099,0.0,182,,,
0.6602786779403687,71149,0.6459118127822876,182,,,
1.1816565990447998,71199,1.017540454864502,182,,,
0.5956513285636902,71249,0.7400544881820679,182,,,
2.170184373855591,71299,1.48232901096344,182,,,
0.5728890895843506,71349,0.505771279335022,182,,,
,71369,,182,0.9061999917030334,0.9209535121917725,0.9214943647384644
0.8698720932006836,71399,0.911112904548645,183,,,
nan,71449,nan,183,,,
0.5739359259605408,71499,0.5435671806335449,183,,,
1.955853819847107,71549,2.304277181625366,183,,,
nan,71599,nan,183,,,
1.0105891227722168,71649,0.7908474802970886,183,,,
0.503785252571106,71699,0.5074726939201355,183,,,
1.4619033336639404,71749,2.0228052139282227,183,,,
,71759,,183,0.9056000113487244,0.9209535121917725,0.9216946959495544
0.8610531091690063,71799,0.9132329225540161,184,,,
1.121216058731079,71849,0.7867348790168762,184,,,
1.9348186254501343,71899,2.0885863304138184,184,,,
0.2910172641277313,71949,0.28007838129997253,184,,,
2.244466781616211,71999,1.9628212451934814,184,,,
0.9724876880645752,72049,1.106984257698059,184,,,
nan,72099,nan,184,,,
0.7115253210067749,72149,0.692959189414978,184,,,
,72149,,184,0.9059000015258789,0.9222756624221802,0.9220753312110901
1.5045846700668335,72199,2.125723361968994,185,,,
0.7690885066986084,72249,1.0208278894424438,185,,,
1.0605303049087524,72299,0.921710729598999,185,,,
0.9211089611053467,72349,0.8969892263412476,185,,,
0.5818675756454468,72399,0.7332621812820435,185,,,
0.6233813762664795,72449,0.6466987729072571,185,,,
0.980829119682312,72499,0.947880744934082,185,,,
,72539,,185,0.9061999917030334,0.9214342832565308,0.9229166507720947
nan,72549,nan,186,,,
nan,72599,nan,186,,,
0.548646092414856,72649,0.4481276273727417,186,,,
0.7515512704849243,72699,0.5971235036849976,186,,,
2.028179168701172,72749,1.7259514331817627,186,,,
0.46962225437164307,72799,0.49550026655197144,186,,,
0.6690551042556763,72849,0.5459296703338623,186,,,
0.5469218492507935,72899,0.5883923768997192,186,,,
,72929,,186,0.906000018119812,0.9223757982254028,0.9222155213356018
0.5339177846908569,72949,0.5327529907226562,187,,,
1.2163708209991455,72999,1.2065844535827637,187,,,
0.5382983684539795,73049,0.5168453454971313,187,,,
0.9380987882614136,73099,0.935049295425415,187,,,
0.4823210537433624,73149,0.5720033049583435,187,,,
1.464314579963684,73199,2.142857551574707,187,,,
2.0410501956939697,73249,1.5147234201431274,187,,,
0.9802026152610779,73299,1.104846715927124,187,,,
,73319,,187,0.9077000021934509,0.9222155213356018,0.9231570363044739
0.9775522351264954,73349,1.149341106414795,188,,,
1.125179409980774,73399,1.2061169147491455,188,,,
0.6671597957611084,73449,0.6182796955108643,188,,,
0.5845565795898438,73499,0.6831132769584656,188,,,
0.4886067509651184,73549,0.5671379566192627,188,,,
0.9340245723724365,73599,1.0335049629211426,188,,,
nan,73649,nan,188,,,
1.939079999923706,73699,1.5841809511184692,188,,,
,73709,,188,0.9065999984741211,0.9225961565971375,0.9236978888511658
0.9804899096488953,73749,0.8225924968719482,189,,,
nan,73799,nan,189,,,
0.0,73849,0.0,189,,,
0.6390300393104553,73899,0.6892738342285156,189,,,
nan,73949,nan,189,,,
0.5982078313827515,73999,0.625910758972168,189,,,
0.47323864698410034,74049,0.5060753226280212,189,,,
1.2143832445144653,74099,1.126295804977417,189,,,
,74099,,189,0.910099983215332,0.9223157167434692,0.9241786599159241
0.8878204822540283,74149,1.082865595817566,190,,,
1.186614990234375,74199,0.9204559326171875,190,,,
1.8880796432495117,74249,2.350175380706787,190,,,
2.4454305171966553,74299,2.063262939453125,190,,,
1.984470248222351,74349,1.7001092433929443,190,,,
0.6720985174179077,74399,0.6214707493782043,190,,,
nan,74449,nan,190,,,
,74489,,190,0.9099000096321106,0.9237780570983887,0.9238181114196777
2.407994270324707,74499,2.4257023334503174,191,,,
0.6699928641319275,74549,0.6213700175285339,191,,,
1.0069776773452759,74599,0.8716237545013428,191,,,
0.0,74649,0.0,191,,,
1.0659323930740356,74699,0.7959877252578735,191,,,
0.9597492218017578,74749,1.0973002910614014,191,,,
2.452296495437622,74799,2.0671896934509277,191,,,
0.5059329867362976,74849,0.4764726161956787,191,,,
,74879,,191,0.9092000126838684,0.9240584969520569,0.9251001477241516
2.373063325881958,74899,1.6526795625686646,192,,,
1.1301034688949585,74949,0.7468776702880859,192,,,
0.0,74999,0.0,192,,,
0.5993862152099609,75049,0.64860999584198,192,,,
1.2131626605987549,75099,1.210303783416748,192,,,
1.0759520530700684,75149,1.1247084140777588,192,,,
0.5280365347862244,75199,0.5486496686935425,192,,,
1.6801929473876953,75249,2.1317026615142822,192,,,
,75269,,192,0.9114999771118164,0.9243189096450806,0.9243789911270142
nan,75299,nan,193,,,
1.4649288654327393,75349,1.9934206008911133,193,,,
1.4714010953903198,75399,1.9860756397247314,193,,,
nan,75449,nan,193,,,
1.2056307792663574,75499,1.2054798603057861,193,,,
0.497999370098114,75549,0.5230850577354431,193,,,
nan,75599,nan,193,,,
0.6583913564682007,75649,0.6941766142845154,193,,,
,75659,,193,0.9089999794960022,0.9241586327552795,0.924879789352417
1.9586496353149414,75699,2.369838237762451,194,,,
2.3437957763671875,75749,1.5360946655273438,194,,,
0.5501596927642822,75799,0.7732193470001221,194,,,
2.4114112854003906,75849,1.6068145036697388,194,,,
1.462733507156372,75899,2.101714611053467,194,,,
0.0,75949,0.0,194,,,
2.418243646621704,75999,2.4262208938598633,194,,,
nan,76049,nan,194,,,
,76049,,194,0.9097999930381775,0.924098551273346,0.9248397350311279
0.49197226762771606,76099,0.49210208654403687,195,,,
2.391972064971924,76149,2.460252285003662,195,,,
nan,76199,nan,195,,,
1.1034184694290161,76249,0.9864680171012878,195,,,
1.0901581048965454,76299,0.7830294370651245,195,,,
2.34389591217041,76349,2.268981695175171,195,,,
1.0910406112670898,76399,0.9698498845100403,195,,,
,76439,,195,0.9096999764442444,0.9241786599159241,0.9249599575996399
0.4654456079006195,76449,0.46403267979621887,196,,,
nan,76499,nan,196,,,
0.39883294701576233,76549,0.37804993987083435,196,,,
0.0,76599,0.0,196,,,
0.0,76649,0.0,196,,,
nan,76699,nan,196,,,
0.9430757761001587,76749,1.1049935817718506,196,,,
nan,76799,nan,196,,,
,76829,,196,0.9082000255584717,0.9247395992279053,0.9247996807098389
2.4599273204803467,76849,2.3927900791168213,197,,,
0.5120091438293457,76899,0.5319156050682068,197,,,
2.2217795848846436,76949,1.4892315864562988,197,,,
1.805135726928711,76999,1.9590479135513306,197,,,
nan,77049,nan,197,,,
2.002753734588623,77099,2.2204270362854004,197,,,
nan,77149,nan,197,,,
0.4745909869670868,77199,0.5109127759933472,197,,,
,77219,,197,0.9117000102996826,0.924919843673706,0.9252604246139526
nan,77249,nan,198,,,
nan,77299,nan,198,,,
2.0482680797576904,77349,2.151599168777466,198,,,
1.1872618198394775,77399,0.9809001684188843,198,,,
0.7686800956726074,77449,0.7230069041252136,198,,,
2.346374034881592,77499,2.412532329559326,198,,,
1.103695034980774,77549,0.8933092951774597,198,,,
0.5872967839241028,77599,0.6336010694503784,198,,,
,77609,,198,0.9096999764442444,0.9239182472229004,0.9256009459495544
1.0500483512878418,77649,1.139073133468628,199,,,
0.48321717977523804,77699,0.5102585554122925,199,,,
0.0,77749,0.0,199,,,
0.9365367889404297,77799,0.8782625198364258,199,,,
2.347811698913574,77849,1.5020654201507568,199,,,
1.9989389181137085,77899,1.4991618394851685,199,,,
2.4498071670532227,77949,2.456125497817993,199,,,
nan,77999,nan,199,,,
,77999,,199,0.9104999899864197,0.9245192408561707,0.9250200390815735
