train_loss,step,epoch,val_loss,val_acc,test_acc,train_acc
3.934706449508667,49,0,,,,
3.4328606128692627,99,0,,,,
3.545536994934082,149,0,,,,
3.1612303256988525,199,0,,,,
3.4123146533966064,249,0,,,,
3.0673162937164307,299,0,,,,
,311,0,1.5793184041976929,0.4316999912261963,,
,311,0,,,0.4307999908924103,0.3039112687110901
2.996391534805298,349,1,,,,
2.9284369945526123,399,1,,,,
2.9217865467071533,449,1,,,,
3.021894693374634,499,1,,,,
2.4668192863464355,549,1,,,,
2.6332151889801025,599,1,,,,
,623,1,1.2277095317840576,0.576200008392334,,
,623,1,,,0.6014000177383423,0.46531951427459717
2.465146064758301,649,2,,,,
2.5444750785827637,699,2,,,,
2.189164638519287,749,2,,,,
2.218212604522705,799,2,,,,
1.9223239421844482,849,2,,,,
2.3595430850982666,899,2,,,,
,935,2,1.2714253664016724,0.5738000273704529,,
,935,2,,,0.5992000102996826,0.5666566491127014
2.1194896697998047,949,3,,,,
2.4678878784179688,999,3,,,,
2.2049736976623535,1049,3,,,,
2.1867260932922363,1099,3,,,,
2.0454890727996826,1149,3,,,,
2.0773820877075195,1199,3,,,,
,1247,3,0.9909002780914307,0.6837999820709229,,
,1247,3,,,0.7174000144004822,0.624098539352417
1.90389883518219,1249,4,,,,
1.94106924533844,1299,4,,,,
2.017585039138794,1349,4,,,,
1.7960212230682373,1399,4,,,,
1.9077131748199463,1449,4,,,,
2.2500803470611572,1499,4,,,,
1.6402175426483154,1549,4,,,,
,1559,4,0.8902615308761597,0.714900016784668,,
,1559,4,,,0.7429999709129333,0.6649514436721802
1.5869191884994507,1599,5,,,,
1.9909515380859375,1649,5,,,,
1.6022521257400513,1699,5,,,,
1.6731481552124023,1749,5,,,,
2.015559673309326,1799,5,,,,
1.8590679168701172,1849,5,,,,
,1871,5,0.8612383008003235,0.736299991607666,,
,1871,5,,,0.7724000215530396,0.6927834749221802
1.4455013275146484,1899,6,,,,
1.5561001300811768,1949,6,,,,
1.5658230781555176,1999,6,,,,
1.7593464851379395,2049,6,,,,
1.5880056619644165,2099,6,,,,
1.5926671028137207,2149,6,,,,
,2183,6,0.7800596952438354,0.7587000131607056,,
,2183,6,,,0.7972000241279602,0.7101237177848816
1.7395973205566406,2199,7,,,,
1.6963423490524292,2249,7,,,,
1.773082971572876,2299,7,,,,
1.4772326946258545,2349,7,,,,
1.7307640314102173,2399,7,,,,
1.473446011543274,2449,7,,,,
,2495,7,0.8858446478843689,0.7329000234603882,,
,2495,7,,,0.7616000175476074,0.7261242866516113
1.554172396659851,2499,8,,,,
1.6692274808883667,2549,8,,,,
1.3751949071884155,2599,8,,,,
1.5384471416473389,2649,8,,,,
1.6880524158477783,2699,8,,,,
1.442309856414795,2749,8,,,,
1.5471596717834473,2799,8,,,,
,2807,8,0.7594819068908691,0.7781999707221985,,
,2807,8,,,0.8147000074386597,0.7357772588729858
1.4468621015548706,2849,9,,,,
1.408691167831421,2899,9,,,,
1.8056070804595947,2949,9,,,,
1.413503885269165,2999,9,,,,
1.2758641242980957,3049,9,,,,
1.3535845279693604,3099,9,,,,
,3119,9,0.7479638457298279,0.7835000157356262,,
,3119,9,,,0.8269000053405762,0.7479968070983887
1.576491355895996,3149,10,,,,
1.5247483253479004,3199,10,,,,
1.312307596206665,3249,10,,,,
1.0789934396743774,3299,10,,,,
1.4707837104797363,3349,10,,,,
1.08689284324646,3399,10,,,,
,3431,10,0.7573673129081726,0.8019999861717224,,
,3431,10,,,0.8446000218391418,0.7558718919754028
1.327744960784912,3449,11,,,,
1.2548644542694092,3499,11,,,,
1.5023417472839355,3549,11,,,,
1.2376405000686646,3599,11,,,,
1.1558910608291626,3649,11,,,,
1.27234947681427,3699,11,,,,
,3743,11,0.8543384075164795,0.7767000198364258,,
,3743,11,,,0.810699999332428,0.7623572945594788
1.1952428817749023,3749,12,,,,
1.0590392351150513,3799,12,,,,
1.4536463022232056,3849,12,,,,
1.214719295501709,3899,12,,,,
1.518965482711792,3949,12,,,,
1.0725723505020142,3999,12,,,,
1.110823631286621,4049,12,,,,
,4055,12,0.7712960243225098,0.8014000058174133,,
,4055,12,,,0.8425999879837036,0.7709710597991943
1.2752630710601807,4099,13,,,,
1.124925136566162,4149,13,,,,
1.0571825504302979,4199,13,,,,
1.197176456451416,4249,13,,,,
1.261182188987732,4299,13,,,,
1.2446725368499756,4349,13,,,,
,4367,13,0.8129032850265503,0.8011000156402588,,
,4367,13,,,0.8409000039100647,0.7771183848381042
1.1490697860717773,4399,14,,,,
1.5441890954971313,4449,14,,,,
0.9807753562927246,4499,14,,,,
1.3770956993103027,4549,14,,,,
1.1331980228424072,4599,14,,,,
1.0438477993011475,4649,14,,,,
,4679,14,0.755771815776825,0.8177000284194946,,
,4679,14,,,0.8601999878883362,0.7814753651618958
1.220228672027588,4699,15,,,,
1.0080246925354004,4749,15,,,,
1.0623379945755005,4799,15,,,,
1.327581763267517,4849,15,,,,
1.2153370380401611,4899,15,,,,
1.1333590745925903,4949,15,,,,
,4991,15,0.8398032188415527,0.7893999814987183,,
,4991,15,,,0.8355000019073486,0.78759765625
0.855925440788269,4999,16,,,,
1.4285070896148682,5049,16,,,,
0.9880620241165161,5099,16,,,,
0.962157666683197,5149,16,,,,
1.2999821901321411,5199,16,,,,
0.9967857599258423,5249,16,,,,
1.121856451034546,5299,16,,,,
,5303,16,0.8217481374740601,0.820900022983551,,
,5303,16,,,0.8651000261306763,0.7914788722991943
1.2481343746185303,5349,17,,,,
0.8962005376815796,5399,17,,,,
0.9267403483390808,5449,17,,,,
0.9904028177261353,5499,17,,,,
1.1228537559509277,5549,17,,,,
1.1662228107452393,5599,17,,,,
,5615,17,0.8029698729515076,0.8140000104904175,,
,5615,17,,,0.8543000221252441,0.7972130179405212
0.9400105476379395,5649,18,,,,
0.8330676555633545,5699,18,,,,
1.1811859607696533,5749,18,,,,
0.9928416013717651,5799,18,,,,
1.196925401687622,5849,18,,,,
0.8505851030349731,5899,18,,,,
,5927,18,0.903910756111145,0.8140000104904175,,
,5927,18,,,0.8585000038146973,0.7987279891967773
1.0152778625488281,5949,19,,,,
0.8889663815498352,5999,19,,,,
0.8312937617301941,6049,19,,,,
1.0126386880874634,6099,19,,,,
0.8624866008758545,6149,19,,,,
1.0123957395553589,6199,19,,,,
,6239,19,0.8064254522323608,0.8248000144958496,,
,6239,19,,,0.8711000084877014,0.8019831776618958
0.9374546408653259,6249,20,,,,
1.1311010122299194,6299,20,,,,
0.9678094983100891,6349,20,,,,
0.9705643057823181,6399,20,,,,
0.9691143035888672,6449,20,,,,
1.0791431665420532,6499,20,,,,
0.8288670778274536,6549,20,,,,
,6551,20,0.8899149298667908,0.8026000261306763,,
,6551,20,,,0.8445000052452087,0.8063276410102844
1.073610544204712,6599,21,,,,
0.8979993462562561,6649,21,,,,
0.9087064266204834,6699,21,,,,
0.7415008544921875,6749,21,,,,
0.9587363004684448,6799,21,,,,
0.9742457866668701,6849,21,,,,
,6863,21,0.889700174331665,0.8083000183105469,,
,6863,21,,,0.8508999943733215,0.8079552054405212
1.018775224685669,6899,22,,,,
0.864720344543457,6949,22,,,,
0.9319230914115906,6999,22,,,,
1.0813411474227905,7049,22,,,,
1.1168880462646484,7099,22,,,,
0.8905172348022461,7149,22,,,,
,7175,22,0.8884735107421875,0.8154000043869019,,
,7175,22,,,0.8634999990463257,0.8090945482254028
1.0008325576782227,7199,23,,,,
0.8226011991500854,7249,23,,,,
0.8149645328521729,7299,23,,,,
0.8622454404830933,7349,23,,,,
0.9744579792022705,7399,23,,,,
0.9279326796531677,7449,23,,,,
,7487,23,0.8629577159881592,0.8353999853134155,,
,7487,23,,,0.8827999830245972,0.8141151070594788
0.8386850357055664,7499,24,,,,
1.0636872053146362,7549,24,,,,
0.6586403846740723,7599,24,,,,
0.9534686803817749,7649,24,,,,
0.9158951044082642,7699,24,,,,
0.7094296216964722,7749,24,,,,
0.9863262176513672,7799,24,,,,
,7799,24,0.9284990429878235,0.8274000287055969,,
,7799,24,,,0.8766999840736389,0.8166942000389099
0.7470787167549133,7849,25,,,,
0.9812459945678711,7899,25,,,,
1.0038187503814697,7949,25,,,,
0.8347638845443726,7999,25,,,,
0.8435243368148804,8049,25,,,,
0.7183105945587158,8099,25,,,,
,8111,25,0.9075583219528198,0.8136000037193298,,
,8111,25,,,0.8601999878883362,0.8155423402786255
1.0204828977584839,8149,26,,,,
0.8171577453613281,8199,26,,,,
0.9647231101989746,8249,26,,,,
0.9188856482505798,8299,26,,,,
1.1064702272415161,8349,26,,,,
1.0845811367034912,8399,26,,,,
,8423,26,0.9295490980148315,0.8305000066757202,,
,8423,26,,,0.864300012588501,0.818434476852417
0.709729015827179,8449,27,,,,
0.9713671207427979,8499,27,,,,
0.9252077341079712,8549,27,,,,
0.9114599227905273,8599,27,,,,
0.6845794916152954,8649,27,,,,
0.8046059608459473,8699,27,,,,
,8735,27,0.9097242951393127,0.8357999920845032,,
,8735,27,,,0.878000020980835,0.8213391304016113
1.064882516860962,8749,28,,,,
0.75347900390625,8799,28,,,,
0.9296020269393921,8849,28,,,,
0.8433258533477783,8899,28,,,,
1.0093634128570557,8949,28,,,,
0.8897343873977661,8999,28,,,,
,9047,28,0.8708049058914185,0.8385999798774719,,
,9047,28,,,0.887499988079071,0.8222781419754028
0.8586776256561279,9049,29,,,,
0.7634503245353699,9099,29,,,,
0.7921116352081299,9149,29,,,,
0.9143386483192444,9199,29,,,,
0.8456571698188782,9249,29,,,,
1.0638536214828491,9299,29,,,,
0.929893970489502,9349,29,,,,
,9359,29,0.8848769664764404,0.8450000286102295,,
,9359,29,,,0.8934999704360962,0.8240309357643127
0.8748828172683716,9399,30,,,,
0.8906717300415039,9449,30,,,,
0.9066239595413208,9499,30,,,,
0.9485898613929749,9549,30,,,,
0.8659802675247192,9599,30,,,,
0.9198634624481201,9649,30,,,,
,9671,30,0.875117301940918,0.8474000096321106,,
,9671,30,,,0.8942999839782715,0.8266100883483887
0.8172586560249329,9699,31,,,,
0.8287973403930664,9749,31,,,,
0.762148916721344,9799,31,,,,
0.8809470534324646,9849,31,,,,
0.8629289269447327,9899,31,,,,
0.8450053930282593,9949,31,,,,
,9983,31,0.9475889801979065,0.843999981880188,,
,9983,31,,,0.897599995136261,0.8277493715286255
0.7944536805152893,9999,32,,,,
0.9102551341056824,10049,32,,,,
0.9021585583686829,10099,32,,,,
0.6372548937797546,10149,32,,,,
0.8592339754104614,10199,32,,,,
0.8250212073326111,10249,32,,,,
,10295,32,1.0371721982955933,0.8202999830245972,,
,10295,32,,,0.8590999841690063,0.8274739384651184
0.9380582571029663,10299,33,,,,
0.745384931564331,10349,33,,,,
0.885614275932312,10399,33,,,,
0.9173496961593628,10449,33,,,,
1.0005483627319336,10499,33,,,,
0.8055932521820068,10549,33,,,,
0.8340696096420288,10599,33,,,,
,10607,33,0.9448107481002808,0.8465999960899353,,
,10607,33,,,0.8953999876976013,0.8306164741516113
0.6919305920600891,10649,34,,,,
0.895756721496582,10699,34,,,,
0.7956205010414124,10749,34,,,,
0.7862032055854797,10799,34,,,,
0.8220744132995605,10849,34,,,,
0.7459812164306641,10899,34,,,,
,10919,34,0.87548828125,0.8504999876022339,,
,10919,34,,,0.8982999920845032,0.8284880518913269
0.7663472890853882,10949,35,,,,
1.0395857095718384,10999,35,,,,
0.7626262903213501,11049,35,,,,
0.8557921648025513,11099,35,,,,
0.8370233774185181,11149,35,,,,
0.9333099722862244,11199,35,,,,
,11231,35,0.8734362125396729,0.8411999940872192,,
,11231,35,,,0.8867999911308289,0.8314177393913269
0.8574780225753784,11249,36,,,,
0.7194299101829529,11299,36,,,,
0.770319938659668,11349,36,,,,
0.8439157605171204,11399,36,,,,
0.9884834289550781,11449,36,,,,
0.6779877543449402,11499,36,,,,
,11543,36,0.8950706124305725,0.8493000268936157,,
,11543,36,,,0.9004999995231628,0.8315304517745972
0.6181290149688721,11549,37,,,,
0.8006561994552612,11599,37,,,,
0.9301729202270508,11649,37,,,,
0.9490929841995239,11699,37,,,,
0.8183004260063171,11749,37,,,,
0.8186647891998291,11799,37,,,,
0.9488088488578796,11849,37,,,,
,11855,37,0.8638158440589905,0.8497999906539917,,
,11855,37,,,0.8999999761581421,0.8331204652786255
0.9290165901184082,11899,38,,,,
0.908637523651123,11949,38,,,,
0.884108304977417,11999,38,,,,
0.8689613938331604,12049,38,,,,
0.8406630754470825,12099,38,,,,
0.946052074432373,12149,38,,,,
,12167,38,0.9124411344528198,0.8443999886512756,,
,12167,38,,,0.8809999823570251,0.833909273147583
0.8010187149047852,12199,39,,,,
0.7156538963317871,12249,39,,,,
0.9022157192230225,12299,39,,,,
0.7766379117965698,12349,39,,,,
0.839424729347229,12399,39,,,,
0.685989499092102,12449,39,,,,
,12479,39,0.951470136642456,0.8378000259399414,,
,12479,39,,,0.8845000267028809,0.8354116678237915
0.6610466837882996,12499,40,,,,
0.7337348461151123,12549,40,,,,
0.8949556350708008,12599,40,,,,
0.9211174249649048,12649,40,,,,
0.8263249397277832,12699,40,,,,
0.7442589998245239,12749,40,,,,
,12791,40,0.8614651560783386,0.8504999876022339,,
,12791,40,,,0.9004999995231628,0.8362004160881042
0.6969412565231323,12799,41,,,,
0.812858521938324,12849,41,,,,
0.8112077713012695,12899,41,,,,
0.9149710536003113,12949,41,,,,
0.7936458587646484,12999,41,,,,
0.8089407682418823,13049,41,,,,
0.925870418548584,13099,41,,,,
,13103,41,0.9104277491569519,0.8489000201225281,,
,13103,41,,,0.902400016784668,0.8381285071372986
1.0444830656051636,13149,42,,,,
0.8985772132873535,13199,42,,,,
0.9380682706832886,13249,42,,,,
0.867740273475647,13299,42,,,,
0.9130915999412537,13349,42,,,,
0.8250437378883362,13399,42,,,,
,13415,42,0.9206196069717407,0.8549000024795532,,
,13415,42,,,0.9036999940872192,0.8371269106864929
0.8521859645843506,13449,43,,,,
0.9299542903900146,13499,43,,,,
0.7787794470787048,13549,43,,,,
0.8685557842254639,13599,43,,,,
0.9787770509719849,13649,43,,,,
0.8189729452133179,13699,43,,,,
,13727,43,0.9132996201515198,0.8539999723434448,,
,13727,43,,,0.9064000248908997,0.8377904891967773
0.6129994988441467,13749,44,,,,
0.7914646863937378,13799,44,,,,
0.672079861164093,13849,44,,,,
0.7271080017089844,13899,44,,,,
0.7101268768310547,13949,44,,,,
0.7686324119567871,13999,44,,,,
,14039,44,0.9688809514045715,0.8452000021934509,,
,14039,44,,,0.8974000215530396,0.83935546875
0.9469376802444458,14049,45,,,,
0.7096614241600037,14099,45,,,,
0.8792170286178589,14149,45,,,,
0.9138433933258057,14199,45,,,,
0.7703675031661987,14249,45,,,,
0.8886308670043945,14299,45,,,,
0.8214377760887146,14349,45,,,,
,14351,45,0.8306471705436707,0.858299970626831,,
,14351,45,,,0.9085000157356262,0.8391801714897156
0.6323035359382629,14399,46,,,,
0.9152894020080566,14449,46,,,,
0.7960634231567383,14499,46,,,,
0.9864659905433655,14549,46,,,,
0.6376131772994995,14599,46,,,,
0.720215916633606,14649,46,,,,
,14663,46,0.8797385692596436,0.8468999862670898,,
,14663,46,,,0.9002000093460083,0.8396934866905212
0.8050373196601868,14699,47,,,,
1.0526020526885986,14749,47,,,,
0.7420456409454346,14799,47,,,,
0.8398953676223755,14849,47,,,,
0.8169882893562317,14899,47,,,,
0.7618768215179443,14949,47,,,,
,14975,47,0.861163854598999,0.852400004863739,,
,14975,47,,,0.9059000015258789,0.8401692509651184
0.9735066294670105,14999,48,,,,
0.8913121819496155,15049,48,,,,
0.7120580673217773,15099,48,,,,
0.7829551696777344,15149,48,,,,
0.9423553943634033,15199,48,,,,
0.7434548139572144,15249,48,,,,
,15287,48,0.9230086207389832,0.8460000157356262,,
,15287,48,,,0.899399995803833,0.8405448794364929
0.6549046635627747,15299,49,,,,
0.6703313589096069,15349,49,,,,
0.7893268465995789,15399,49,,,,
0.7436434030532837,15449,49,,,,
0.7719466686248779,15499,49,,,,
0.7770144939422607,15549,49,,,,
0.8285319209098816,15599,49,,,,
,15599,49,0.9020442366600037,0.8564000129699707,,
,15599,49,,,0.9075999855995178,0.8415089249610901
0.8046579360961914,15649,50,,,,
0.9720662832260132,15699,50,,,,
0.8482741117477417,15749,50,,,,
0.8021640777587891,15799,50,,,,
0.9841187596321106,15849,50,,,,
0.8709269762039185,15899,50,,,,
,15911,50,0.8705741167068481,0.8579000234603882,,
,15911,50,,,0.9110000133514404,0.8425105214118958
0.6861340999603271,15949,51,,,,
0.8183443546295166,15999,51,,,,
0.8624070882797241,16049,51,,,,
0.7073819637298584,16099,51,,,,
0.7780489921569824,16149,51,,,,
0.8540613055229187,16199,51,,,,
,16223,51,0.9353528022766113,0.8482000231742859,,
,16223,51,,,0.8981000185012817,0.8424604535102844
0.847583532333374,16249,52,,,,
0.852452278137207,16299,52,,,,
0.8056436777114868,16349,52,,,,
0.873085618019104,16399,52,,,,
0.7314057946205139,16449,52,,,,
0.7441275119781494,16499,52,,,,
,16535,52,0.9610132575035095,0.8499000072479248,,
,16535,52,,,0.9023000001907349,0.8451772928237915
0.57002854347229,16549,53,,,,
0.8528799414634705,16599,53,,,,
0.7492267489433289,16649,53,,,,
0.8430447578430176,16699,53,,,,
0.7788190841674805,16749,53,,,,
0.7495443820953369,16799,53,,,,
,16847,53,0.9363068342208862,0.8521000146865845,,
,16847,53,,,0.9086999893188477,0.8439252972602844
0.6975678205490112,16849,54,,,,
0.7252141833305359,16899,54,,,,
0.7114207148551941,16949,54,,,,
0.859052300453186,16999,54,,,,
0.7673182487487793,17049,54,,,,
1.0011439323425293,17099,54,,,,
0.853772759437561,17149,54,,,,
,17159,54,0.8762768507003784,0.8575999736785889,,
,17159,54,,,0.9124000072479248,0.8429737687110901
0.7462610006332397,17199,55,,,,
0.7325359582901001,17249,55,,,,
0.8403320908546448,17299,55,,,,
0.8591663837432861,17349,55,,,,
0.6997922658920288,17399,55,,,,
0.7026421427726746,17449,55,,,,
,17471,55,0.9101651310920715,0.8560000061988831,,
,17471,55,,,0.9056000113487244,0.8444636464118958
0.678560733795166,17499,56,,,,
0.7134301662445068,17549,56,,,,
0.7530084848403931,17599,56,,,,
0.7607795000076294,17649,56,,,,
0.7396629452705383,17699,56,,,,
0.7583209276199341,17749,56,,,,
,17783,56,0.8973712921142578,0.8525000214576721,,
,17783,56,,,0.9075000286102295,0.8444260954856873
0.8144891262054443,17799,57,,,,
0.7538245916366577,17849,57,,,,
0.7158677577972412,17899,57,,,,
0.7967504262924194,17949,57,,,,
0.746697187423706,17999,57,,,,
0.8023329973220825,18049,57,,,,
,18095,57,0.9145005941390991,0.8532999753952026,,
,18095,57,,,0.9028000235557556,0.8444010615348816
0.682889461517334,18099,58,,,,
0.6514549255371094,18149,58,,,,
0.766506552696228,18199,58,,,,
0.7971874475479126,18249,58,,,,
0.7317001223564148,18299,58,,,,
0.8183737993240356,18349,58,,,,
0.7604818940162659,18399,58,,,,
,18407,58,0.8590583801269531,0.8565999865531921,,
,18407,58,,,0.9089000225067139,0.8445762991905212
0.7237288951873779,18449,59,,,,
0.7801406979560852,18499,59,,,,
0.8682031631469727,18549,59,,,,
0.8111295104026794,18599,59,,,,
0.738461971282959,18649,59,,,,
0.6842485666275024,18699,59,,,,
,18719,59,0.874343752861023,0.8597000241279602,,
,18719,59,,,0.9089000225067139,0.8467172384262085
0.820372998714447,18749,60,,,,
0.7378371357917786,18799,60,,,,
0.6648234128952026,18849,60,,,,
0.8115592002868652,18899,60,,,,
0.7988453507423401,18949,60,,,,
0.750187873840332,18999,60,,,,
,19031,60,0.9582958817481995,0.8482999801635742,,
,19031,60,,,0.8956000208854675,0.8476938009262085
0.7436896562576294,19049,61,,,,
0.5704976320266724,19099,61,,,,
0.9137775897979736,19149,61,,,,
0.8312255144119263,19199,61,,,,
0.669984757900238,19249,61,,,,
0.7983434200286865,19299,61,,,,
,19343,61,0.8145833015441895,0.8632000088691711,,
,19343,61,,,0.916700005531311,0.8460912704467773
0.723624587059021,19349,62,,,,
0.7764757871627808,19399,62,,,,
0.824350118637085,19449,62,,,,
0.5913717746734619,19499,62,,,,
0.7729175090789795,19549,62,,,,
0.8137426376342773,19599,62,,,,
0.819367527961731,19649,62,,,,
,19655,62,0.8829385638237,0.8511000275611877,,
,19655,62,,,0.9059000015258789,0.8469801545143127
0.699741780757904,19699,63,,,,
0.7374095916748047,19749,63,,,,
0.8161167502403259,19799,63,,,,
0.8497435450553894,19849,63,,,,
0.6841109991073608,19899,63,,,,
0.6551265716552734,19949,63,,,,
,19967,63,0.8360223770141602,0.8586999773979187,,
,19967,63,,,0.9101999998092651,0.8473432660102844
0.8467826843261719,19999,64,,,,
0.7946325540542603,20049,64,,,,
0.8115960359573364,20099,64,,,,
0.7564589381217957,20149,64,,,,
0.7892175912857056,20199,64,,,,
0.6343506574630737,20249,64,,,,
,20279,64,0.8468239307403564,0.8597000241279602,,
,20279,64,,,0.9107000231742859,0.8477063179016113
0.6245675086975098,20299,65,,,,
0.8333757519721985,20349,65,,,,
0.7288366556167603,20399,65,,,,
0.6795041561126709,20449,65,,,,
0.7923488616943359,20499,65,,,,
0.7045627236366272,20549,65,,,,
,20591,65,0.8491385579109192,0.8532999753952026,,
,20591,65,,,0.9041000008583069,0.8468675017356873
0.6054189801216125,20599,66,,,,
0.7823699712753296,20649,66,,,,
0.8921806812286377,20699,66,,,,
0.8034694194793701,20749,66,,,,
0.6359450221061707,20799,66,,,,
0.7505843639373779,20849,66,,,,
0.7915107607841492,20899,66,,,,
,20903,66,0.8802048563957214,0.8634999990463257,,
,20903,66,,,0.9142000079154968,0.8479316830635071
0.7695082426071167,20949,67,,,,
0.6716689467430115,20999,67,,,,
0.7411154508590698,21049,67,,,,
0.8678698539733887,21099,67,,,,
0.808239221572876,21149,67,,,,
0.7439274191856384,21199,67,,,,
,21215,67,0.7956398725509644,0.8633999824523926,,
,21215,67,,,0.9160000085830688,0.8501477241516113
0.7517778873443604,21249,68,,,,
0.7544430494308472,21299,68,,,,
0.7578963041305542,21349,68,,,,
0.7416528463363647,21399,68,,,,
0.705814778804779,21449,68,,,,
0.7533515691757202,21499,68,,,,
,21527,68,0.8666960000991821,0.8579000234603882,,
,21527,68,,,0.9120000004768372,0.8489708304405212
0.6581388711929321,21549,69,,,,
0.7188634276390076,21599,69,,,,
0.656927227973938,21649,69,,,,
0.6432610154151917,21699,69,,,,
0.659422755241394,21749,69,,,,
0.8741974830627441,21799,69,,,,
,21839,69,0.8092418313026428,0.8618999719619751,,
,21839,69,,,0.9090999960899353,0.8486453294754028
0.7806567549705505,21849,70,,,,
0.8130406141281128,21899,70,,,,
0.5843055248260498,21949,70,,,,
0.6641508340835571,21999,70,,,,
0.7291933298110962,22049,70,,,,
0.6384202241897583,22099,70,,,,
0.6202496290206909,22149,70,,,,
,22151,70,0.9138063192367554,0.8562999963760376,,
,22151,70,,,0.913100004196167,0.8497721552848816
0.6436083316802979,22199,71,,,,
0.7834141254425049,22249,71,,,,
0.8431013822555542,22299,71,,,,
0.9588346481323242,22349,71,,,,
0.6917617321014404,22399,71,,,,
0.6368064880371094,22449,71,,,,
,22463,71,0.8184496760368347,0.8568000197410583,,
,22463,71,,,0.9070000052452087,0.8496218919754028
0.6904382705688477,22499,72,,,,
0.6307919025421143,22549,72,,,,
0.8085898756980896,22599,72,,,,
0.7110708951950073,22649,72,,,,
0.7788270115852356,22699,72,,,,
0.8476104736328125,22749,72,,,,
,22775,72,0.8688271641731262,0.85589998960495,,
,22775,72,,,0.9156000018119812,0.8503730893135071
0.6784558892250061,22799,73,,,,
0.7536860704421997,22849,73,,,,
0.6264200806617737,22899,73,,,,
0.6109901666641235,22949,73,,,,
0.605313241481781,22999,73,,,,
0.6258721351623535,23049,73,,,,
,23087,73,0.9551726579666138,0.8547999858856201,,
,23087,73,,,0.9071999788284302,0.8528270125389099
0.6943585872650146,23099,74,,,,
0.6710424423217773,23149,74,,,,
0.5168033838272095,23199,74,,,,
0.6048538684844971,23249,74,,,,
0.5446010828018188,23299,74,,,,
0.7472384572029114,23349,74,,,,
0.7604032754898071,23399,74,,,,
,23399,74,0.8773543834686279,0.8679999709129333,,
,23399,74,,,0.9186999797821045,0.8504858016967773
0.6819230318069458,23449,75,,,,
0.7063659429550171,23499,75,,,,
0.5601205825805664,23549,75,,,,
0.7265129089355469,23599,75,,,,
0.9187867045402527,23649,75,,,,
0.6641796231269836,23699,75,,,,
,23711,75,0.8736028075218201,0.8579000234603882,,
,23711,75,,,0.9128000140190125,0.8509740829467773
0.6684715151786804,23749,76,,,,
0.5550434589385986,23799,76,,,,
0.6527290940284729,23849,76,,,,
0.7495465874671936,23899,76,,,,
0.6711854934692383,23949,76,,,,
0.7795672416687012,23999,76,,,,
,24023,76,0.8608308434486389,0.8575999736785889,,
,24023,76,,,0.9101999998092651,0.8533403277397156
0.5587037205696106,24049,77,,,,
0.6583809852600098,24099,77,,,,
0.5825986862182617,24149,77,,,,
0.6782522797584534,24199,77,,,,
0.610029399394989,24249,77,,,,
0.883213996887207,24299,77,,,,
,24335,77,0.951849102973938,0.8496999740600586,,
,24335,77,,,0.8981000185012817,0.8529021143913269
0.5531132221221924,24349,78,,,,
0.7572434544563293,24399,78,,,,
0.6658161878585815,24449,78,,,,
0.6134566068649292,24499,78,,,,
0.6884588599205017,24549,78,,,,
0.5985234379768372,24599,78,,,,
,24647,78,0.8666449189186096,0.861299991607666,,
,24647,78,,,0.9129999876022339,0.8523136973381042
0.5938865542411804,24649,79,,,,
0.6610051989555359,24699,79,,,,
0.6255825161933899,24749,79,,,,
0.6584239602088928,24799,79,,,,
0.7671679258346558,24849,79,,,,
0.6491081714630127,24899,79,,,,
0.6477642059326172,24949,79,,,,
,24959,79,0.8306710720062256,0.8578000068664551,,
,24959,79,,,0.9175999760627747,0.8528645634651184
0.6438977718353271,24999,80,,,,
0.6466925740242004,25049,80,,,,
0.6597452163696289,25099,80,,,,
0.5906294584274292,25149,80,,,,
0.7762598991394043,25199,80,,,,
0.6335594654083252,25249,80,,,,
,25271,80,0.9340803623199463,0.8550000190734863,,
,25271,80,,,0.9067999720573425,0.8538912534713745
0.6794635057449341,25299,81,,,,
0.7423802018165588,25349,81,,,,
0.6135967373847961,25399,81,,,,
0.810910701751709,25449,81,,,,
0.8390604853630066,25499,81,,,,
0.7873170375823975,25549,81,,,,
,25583,81,0.8694201111793518,0.8646000027656555,,
,25583,81,,,0.9154000282287598,0.8541165590286255
0.6853699088096619,25599,82,,,,
0.43588322401046753,25649,82,,,,
0.6698466539382935,25699,82,,,,
0.7084878087043762,25749,82,,,,
0.6422992944717407,25799,82,,,,
0.8508893847465515,25849,82,,,,
,25895,82,0.8975992202758789,0.8590999841690063,,
,25895,82,,,0.9121999740600586,0.8547425866127014
0.5663851499557495,25899,83,,,,
0.7218060493469238,25949,83,,,,
0.7882488965988159,25999,83,,,,
0.5584140419960022,26049,83,,,,
0.7136621475219727,26099,83,,,,
0.7128887176513672,26149,83,,,,
0.5916139483451843,26199,83,,,,
,26207,83,0.8414912223815918,0.8637999892234802,,
,26207,83,,,0.9128999710083008,0.8534530401229858
0.8001431226730347,26249,84,,,,
0.6519292593002319,26299,84,,,,
0.6669784784317017,26349,84,,,,
0.6228590607643127,26399,84,,,,
0.6254562735557556,26449,84,,,,
0.6454335451126099,26499,84,,,,
,26519,84,0.906686007976532,0.8639000058174133,,
,26519,84,,,0.9193000197410583,0.8543795347213745
0.6474909782409668,26549,85,,,,
0.6350746154785156,26599,85,,,,
0.7126059532165527,26649,85,,,,
0.5706099271774292,26699,85,,,,
0.6611630916595459,26749,85,,,,
0.6951606273651123,26799,85,,,,
,26831,85,0.8466954231262207,0.8629000186920166,,
,26831,85,,,0.9135000109672546,0.8558694124221802
0.6162060499191284,26849,86,,,,
0.6422604322433472,26899,86,,,,
0.6256581544876099,26949,86,,,,
0.7297770380973816,26999,86,,,,
0.5505053400993347,27049,86,,,,
0.5879902243614197,27099,86,,,,
,27143,86,0.9515261650085449,0.8623999953269958,,
,27143,86,,,0.9154000282287598,0.8543669581413269
0.5270966291427612,27149,87,,,,
0.7459332942962646,27199,87,,,,
0.5409951210021973,27249,87,,,,
0.5290035009384155,27299,87,,,,
0.7278925180435181,27349,87,,,,
0.6286068558692932,27399,87,,,,
0.5983116626739502,27449,87,,,,
,27455,87,0.9986066222190857,0.8572999835014343,,
,27455,87,,,0.914900004863739,0.8552058339118958
0.5714673399925232,27499,88,,,,
0.5899507999420166,27549,88,,,,
0.7415112257003784,27599,88,,,,
0.5443230867385864,27649,88,,,,
0.5694853663444519,27699,88,,,,
0.7648419141769409,27749,88,,,,
,27767,88,0.9141186475753784,0.8553000092506409,,
,27767,88,,,0.9031999707221985,0.8561949133872986
0.5910469889640808,27799,89,,,,
0.7615254521369934,27849,89,,,,
0.6130828857421875,27899,89,,,,
0.5093876719474792,27949,89,,,,
0.7547047734260559,27999,89,,,,
0.5718366503715515,28049,89,,,,
,28079,89,0.8611230254173279,0.867900013923645,,
,28079,89,,,0.9203000068664551,0.8548176884651184
0.6073008179664612,28099,90,,,,
0.6988570094108582,28149,90,,,,
0.7938919067382812,28199,90,,,,
0.7229984402656555,28249,90,,,,
0.6025241017341614,28299,90,,,,
0.64267498254776,28349,90,,,,
,28391,90,0.8962211012840271,0.8720999956130981,,
,28391,90,,,0.928600013256073,0.8542292714118958
0.6862435936927795,28399,91,,,,
0.5937756299972534,28449,91,,,,
0.6001781225204468,28499,91,,,,
0.6893452405929565,28549,91,,,,
0.7175636887550354,28599,91,,,,
0.674196720123291,28649,91,,,,
0.6473056077957153,28699,91,,,,
,28703,91,0.8591726422309875,0.859499990940094,,
,28703,91,,,0.9156000018119812,0.8564828634262085
0.803220272064209,28749,92,,,,
0.5984912514686584,28799,92,,,,
0.6812773942947388,28849,92,,,,
0.6710754632949829,28899,92,,,,
0.5093067288398743,28949,92,,,,
0.6082165241241455,28999,92,,,,
,29015,92,0.9295722842216492,0.8608999848365784,,
,29015,92,,,0.9174000024795532,0.8576597571372986
0.5854383707046509,29049,93,,,,
0.6508322954177856,29099,93,,,,
0.5769540667533875,29149,93,,,,
0.7446814775466919,29199,93,,,,
0.5866531729698181,29249,93,,,,
0.6311690807342529,29299,93,,,,
,29327,93,0.9254419803619385,0.8550000190734863,,
,29327,93,,,0.909600019454956,0.8571464419364929
0.6373703479766846,29349,94,,,,
0.5454750061035156,29399,94,,,,
0.6684978008270264,29449,94,,,,
0.649761974811554,29499,94,,,,
0.6047470569610596,29549,94,,,,
0.6073602437973022,29599,94,,,,
,29639,94,0.9162853360176086,0.8654999732971191,,
,29639,94,,,0.9223999977111816,0.8594751358032227
0.6292495727539062,29649,95,,,,
0.6610163450241089,29699,95,,,,
0.5856873989105225,29749,95,,,,
0.5735321044921875,29799,95,,,,
0.7001446485519409,29849,95,,,,
0.667444109916687,29899,95,,,,
0.6955534219741821,29949,95,,,,
,29951,95,0.8571091890335083,0.8691999912261963,,
,29951,95,,,0.9229999780654907,0.8566456437110901
0.5370449423789978,29999,96,,,,
0.6389007568359375,30049,96,,,,
0.673547625541687,30099,96,,,,
0.5135893225669861,30149,96,,,,
0.7086916565895081,30199,96,,,,
0.6182819604873657,30249,96,,,,
,30263,96,0.8553027510643005,0.861299991607666,,
,30263,96,,,0.9135000109672546,0.8575471043586731
0.8324824571609497,30299,97,,,,
0.6984277963638306,30349,97,,,,
0.6210331916809082,30399,97,,,,
0.6934840679168701,30449,97,,,,
0.5831654667854309,30499,97,,,,
0.6369403004646301,30549,97,,,,
,30575,97,0.8643417954444885,0.8651000261306763,,
,30575,97,,,0.9187999963760376,0.8590494990348816
0.7045477032661438,30599,98,,,,
0.5799537301063538,30649,98,,,,
0.7262667417526245,30699,98,,,,
0.6290293335914612,30749,98,,,,
0.7147006988525391,30799,98,,,,
0.6140495538711548,30849,98,,,,
,30887,98,0.9053894281387329,0.8605999946594238,,
,30887,98,,,0.9185000061988831,0.8567833304405212
0.5962826013565063,30899,99,,,,
0.7354141473770142,30949,99,,,,
0.6702710390090942,30999,99,,,,
0.6225940585136414,31049,99,,,,
0.5722349882125854,31099,99,,,,
0.5840349793434143,31149,99,,,,
0.5261338353157043,31199,99,,,,
,31199,99,0.9010955095291138,0.8704000115394592,,
,31199,99,,,0.9244999885559082,0.8581480383872986
0.632117509841919,31249,100,,,,
0.6308420896530151,31299,100,,,,
0.5441132187843323,31349,100,,,,
0.7398337125778198,31399,100,,,,
0.5629478693008423,31449,100,,,,
0.6508127450942993,31499,100,,,,
,31511,100,0.8714045882225037,0.8684999942779541,,
,31511,100,,,0.9225000143051147,0.8598006963729858
0.6477476954460144,31549,101,,,,
0.4882639944553375,31599,101,,,,
0.6149895191192627,31649,101,,,,
0.5782510638237,31699,101,,,,
0.5477020740509033,31749,101,,,,
0.6510376334190369,31799,101,,,,
,31823,101,0.8782402276992798,0.864300012588501,,
,31823,101,,,0.9158999919891357,0.860914945602417
0.6484702229499817,31849,102,,,,
0.6561156511306763,31899,102,,,,
0.5804790258407593,31949,102,,,,
0.5221965909004211,31999,102,,,,
0.6500344276428223,32049,102,,,,
0.48735472559928894,32099,102,,,,
,32135,102,0.9548969864845276,0.8657000064849854,,
,32135,102,,,0.9226999878883362,0.8607271909713745
0.5912741422653198,32149,103,,,,
0.7232758402824402,32199,103,,,,
0.5455470085144043,32249,103,,,,
0.6247692704200745,32299,103,,,,
0.5063724517822266,32349,103,,,,
0.7051549553871155,32399,103,,,,
,32447,103,0.895126461982727,0.8611999750137329,,
,32447,103,,,0.9126999974250793,0.8591621518135071
0.5000131130218506,32449,104,,,,
0.567284882068634,32499,104,,,,
0.5787498950958252,32549,104,,,,
0.49561065435409546,32599,104,,,,
0.5835621356964111,32649,104,,,,
0.4867941439151764,32699,104,,,,
0.6169992089271545,32749,104,,,,
,32759,104,0.9062682390213013,0.8641999959945679,,
,32759,104,,,0.9244999885559082,0.8616160750389099
0.4628514349460602,32799,105,,,,
0.6438094973564148,32849,105,,,,
0.5041914582252502,32899,105,,,,
0.5868228673934937,32949,105,,,,
0.5884536504745483,32999,105,,,,
0.5359686613082886,33049,105,,,,
,33071,105,0.877455472946167,0.8640999794006348,,
,33071,105,,,0.9247000217437744,0.8614282608032227
0.5426697731018066,33099,106,,,,
0.6186760663986206,33149,106,,,,
0.683972954750061,33199,106,,,,
0.7586946487426758,33249,106,,,,
0.7281283140182495,33299,106,,,,
0.4963645339012146,33349,106,,,,
,33383,106,0.8905296921730042,0.868399977684021,,
,33383,106,,,0.9207000136375427,0.8608648777008057
0.598853349685669,33399,107,,,,
0.5445916652679443,33449,107,,,,
0.5559724569320679,33499,107,,,,
0.5486665368080139,33549,107,,,,
0.5812909603118896,33599,107,,,,
0.7185946702957153,33649,107,,,,
,33695,107,0.9444921016693115,0.8593999743461609,,
,33695,107,,,0.9164999723434448,0.8608648777008057
0.5896063446998596,33699,108,,,,
0.5880855917930603,33749,108,,,,
0.7721138000488281,33799,108,,,,
0.49180278182029724,33849,108,,,,
0.716606855392456,33899,108,,,,
0.5899996757507324,33949,108,,,,
0.6184752583503723,33999,108,,,,
,34007,108,0.8726279139518738,0.8700000047683716,,
,34007,108,,,0.9243000149726868,0.8610526919364929
0.7618764638900757,34049,109,,,,
0.6386744379997253,34099,109,,,,
0.657084047794342,34149,109,,,,
0.6628713607788086,34199,109,,,,
0.5228860378265381,34249,109,,,,
0.4988367557525635,34299,109,,,,
,34319,109,0.9157183766365051,0.8725000023841858,,
,34319,109,,,0.9298999905586243,0.8620417714118958
0.615747332572937,34349,110,,,,
0.4994264543056488,34399,110,,,,
0.6410384774208069,34449,110,,,,
0.5069832801818848,34499,110,,,,
0.559283435344696,34549,110,,,,
0.6002235412597656,34599,110,,,,
,34631,110,0.9642554521560669,0.8677999973297119,,
,34631,110,,,0.9230999946594238,0.8631685972213745
0.4845202565193176,34649,111,,,,
0.46285274624824524,34699,111,,,,
0.5027801394462585,34749,111,,,,
0.55623459815979,34799,111,,,,
0.6310000419616699,34849,111,,,,
0.8249104022979736,34899,111,,,,
,34943,111,0.9290069341659546,0.8592000007629395,,
,34943,111,,,0.916700005531311,0.8624799847602844
0.615189790725708,34949,112,,,,
0.6624187231063843,34999,112,,,,
0.550384521484375,35049,112,,,,
0.7683310508728027,35099,112,,,,
0.5827817916870117,35149,112,,,,
0.5180116891860962,35199,112,,,,
0.692259669303894,35249,112,,,,
,35255,112,0.9071419835090637,0.8661999702453613,,
,35255,112,,,0.9226999878883362,0.8614658713340759
0.5639496445655823,35299,113,,,,
0.5135658383369446,35349,113,,,,
0.531171441078186,35399,113,,,,
0.5830773115158081,35449,113,,,,
0.5341917872428894,35499,113,,,,
0.6728101968765259,35549,113,,,,
,35567,113,0.8704113364219666,0.8707000017166138,,
,35567,113,,,0.9225000143051147,0.8623923063278198
0.570563554763794,35599,114,,,,
0.6139273047447205,35649,114,,,,
0.623727560043335,35699,114,,,,
0.5288001894950867,35749,114,,,,
0.5434753894805908,35799,114,,,,
0.592755913734436,35849,114,,,,
,35879,114,0.8985379934310913,0.864799976348877,,
,35879,114,,,0.9214000105857849,0.8628430366516113
0.5145481824874878,35899,115,,,,
0.503013014793396,35949,115,,,,
0.7002997398376465,35999,115,,,,
0.4877127707004547,36049,115,,,,
0.5710266828536987,36099,115,,,,
0.6123711466789246,36149,115,,,,
,36191,115,0.9446311593055725,0.8687000274658203,,
,36191,115,,,0.9179999828338623,0.8634315133094788
0.5196269750595093,36199,116,,,,
0.5015744566917419,36249,116,,,,
0.5984426736831665,36299,116,,,,
0.6453995704650879,36349,116,,,,
0.6930387616157532,36399,116,,,,
0.5966376066207886,36449,116,,,,
0.6894313097000122,36499,116,,,,
,36503,116,0.9249886870384216,0.8673999905586243,,
,36503,116,,,0.9251000285148621,0.8632562160491943
0.5381462574005127,36549,117,,,,
0.5814613699913025,36599,117,,,,
0.5097590088844299,36649,117,,,,
0.764248788356781,36699,117,,,,
0.5475587844848633,36749,117,,,,
0.6682375073432922,36799,117,,,,
,36815,117,0.9105258584022522,0.871999979019165,,
,36815,117,,,0.9269999861717224,0.8636819124221802
0.625053882598877,36849,118,,,,
0.4797067940235138,36899,118,,,,
0.6129791736602783,36949,118,,,,
0.5415272116661072,36999,118,,,,
0.5904909372329712,37049,118,,,,
0.8030226230621338,37099,118,,,,
,37127,118,0.9695096611976624,0.8543999791145325,,
,37127,118,,,0.90829998254776,0.8640074133872986
0.54835045337677,37149,119,,,,
0.744166374206543,37199,119,,,,
0.6220908761024475,37249,119,,,,
0.5872316360473633,37299,119,,,,
0.6197490692138672,37349,119,,,,
0.6499059796333313,37399,119,,,,
,37439,119,0.901726245880127,0.8655999898910522,,
,37439,119,,,0.9208999872207642,0.8641952276229858
0.43692338466644287,37449,120,,,,
0.45679429173469543,37499,120,,,,
0.6224195957183838,37549,120,,,,
0.601233720779419,37599,120,,,,
0.5250371098518372,37649,120,,,,
0.4742879867553711,37699,120,,,,
0.5748271942138672,37749,120,,,,
,37751,120,0.8599277138710022,0.8677999973297119,,
,37751,120,,,0.9251999855041504,0.8643078804016113
0.6381109952926636,37799,121,,,,
0.5015722513198853,37849,121,,,,
0.6320448517799377,37899,121,,,,
0.7251262664794922,37949,121,,,,
0.45806965231895447,37999,121,,,,
0.5264188051223755,38049,121,,,,
,38063,121,0.892812192440033,0.8707000017166138,,
,38063,121,,,0.9259999990463257,0.8642327785491943
0.6152433156967163,38099,122,,,,
0.553120493888855,38149,122,,,,
0.5562589764595032,38199,122,,,,
0.6540040969848633,38249,122,,,,
0.6273011565208435,38299,122,,,,
0.6095057129859924,38349,122,,,,
,38375,122,0.852232038974762,0.8694000244140625,,
,38375,122,,,0.9241999983787537,0.8655723929405212
0.4866510033607483,38399,123,,,,
0.7164157032966614,38449,123,,,,
0.5505730509757996,38499,123,,,,
0.5663696527481079,38549,123,,,,
0.644612729549408,38599,123,,,,
0.5079120397567749,38649,123,,,,
,38687,123,0.9555718898773193,0.8671000003814697,,
,38687,123,,,0.925000011920929,0.8664613366127014
0.6478769183158875,38699,124,,,,
0.5246407985687256,38749,124,,,,
0.5011234283447266,38799,124,,,,
0.577282190322876,38849,124,,,,
0.568536102771759,38899,124,,,,
0.5389337539672852,38949,124,,,,
0.7089857459068298,38999,124,,,,
,38999,124,0.8832992315292358,0.8715000152587891,,
,38999,124,,,0.9311000108718872,0.8663361668586731
0.5837975740432739,39049,125,,,,
0.5667853355407715,39099,125,,,,
0.7266709804534912,39149,125,,,,
0.4726184904575348,39199,125,,,,
0.5473753809928894,39249,125,,,,
0.5230979919433594,39299,125,,,,
,39311,125,0.9199867248535156,0.870199978351593,,
,39311,125,,,0.9244999885559082,0.8662234544754028
0.5787826776504517,39349,126,,,,
0.7096930742263794,39399,126,,,,
0.5101586580276489,39449,126,,,,
0.7310209274291992,39499,126,,,,
0.6024949550628662,39549,126,,,,
0.6684404611587524,39599,126,,,,
,39623,126,0.9169802665710449,0.8687999844551086,,
,39623,126,,,0.9298999905586243,0.8666616678237915
0.5200071334838867,39649,127,,,,
0.6723591685295105,39699,127,,,,
0.661154568195343,39749,127,,,,
0.5160596370697021,39799,127,,,,
0.5701137781143188,39849,127,,,,
0.6151660680770874,39899,127,,,,
,39935,127,0.8452590107917786,0.8729000091552734,,
,39935,127,,,0.9273999929428101,0.8682266473770142
0.5478333830833435,39949,128,,,,
0.6088426113128662,39999,128,,,,
0.4771026074886322,40049,128,,,,
0.5451754331588745,40099,128,,,,
0.610813319683075,40149,128,,,,
0.6012477874755859,40199,128,,,,
,40247,128,0.9172769784927368,0.8723000288009644,,
,40247,128,,,0.9315999746322632,0.8669245839118958
0.5386981964111328,40249,129,,,,
0.5784240365028381,40299,129,,,,
0.6428934931755066,40349,129,,,,
0.5541597604751587,40399,129,,,,
0.6146085262298584,40449,129,,,,
0.6593784689903259,40499,129,,,,
0.6244189739227295,40549,129,,,,
,40559,129,0.9172205924987793,0.8686000108718872,,
,40559,129,,,0.9241999983787537,0.8679762482643127
0.6117984056472778,40599,130,,,,
0.5118148326873779,40649,130,,,,
0.4918198883533478,40699,130,,,,
0.4732944369316101,40749,130,,,,
0.4618699848651886,40799,130,,,,
0.5761950016021729,40849,130,,,,
,40871,130,0.8951551914215088,0.8708000183105469,,
,40871,130,,,0.9265000224113464,0.868727445602417
0.5897731781005859,40899,131,,,,
0.5533466339111328,40949,131,,,,
0.5866219997406006,40999,131,,,,
0.5399075150489807,41049,131,,,,
0.49789804220199585,41099,131,,,,
0.5240482091903687,41149,131,,,,
,41183,131,0.9138988256454468,0.8693000078201294,,
,41183,131,,,0.9276000261306763,0.8673627972602844
0.46160030364990234,41199,132,,,,
0.6182044744491577,41249,132,,,,
0.51878422498703,41299,132,,,,
0.7565146684646606,41349,132,,,,
0.45597803592681885,41399,132,,,,
0.6192190051078796,41449,132,,,,
,41495,132,0.9398240447044373,0.8672999739646912,,
,41495,132,,,0.9240000247955322,0.8693910241127014
0.5622622966766357,41499,133,,,,
0.6746187210083008,41549,133,,,,
0.5072869062423706,41599,133,,,,
0.6327328085899353,41649,133,,,,
0.6058564186096191,41699,133,,,,
0.48394715785980225,41749,133,,,,
0.45539847016334534,41799,133,,,,
,41807,133,0.8677393794059753,0.8691999912261963,,
,41807,133,,,0.9265999794006348,0.8684019446372986
0.4589737355709076,41849,134,,,,
0.530193567276001,41899,134,,,,
0.5648008584976196,41949,134,,,,
0.5563874244689941,41999,134,,,,
0.5698528289794922,42049,134,,,,
0.6403046250343323,42099,134,,,,
,42119,134,0.899721086025238,0.8686000108718872,,
,42119,134,,,0.9226999878883362,0.8694160580635071
0.46840700507164,42149,135,,,,
0.566680908203125,42199,135,,,,
0.6261481046676636,42249,135,,,,
0.43572235107421875,42299,135,,,,
0.5704214572906494,42349,135,,,,
0.4689302146434784,42399,135,,,,
,42431,135,0.9056227803230286,0.875,,
,42431,135,,,0.9291999936103821,0.868727445602417
0.534540057182312,42449,136,,,,
0.5919325947761536,42499,136,,,,
0.5202990174293518,42549,136,,,,
0.4518928527832031,42599,136,,,,
0.48505887389183044,42649,136,,,,
0.5356826782226562,42699,136,,,,
,42743,136,0.8993147611618042,0.8729000091552734,,
,42743,136,,,0.9254000186920166,0.8711563348770142
0.5432544946670532,42749,137,,,,
0.5630578994750977,42799,137,,,,
0.5037413239479065,42849,137,,,,
0.6973607540130615,42899,137,,,,
0.592606246471405,42949,137,,,,
0.5445997714996338,42999,137,,,,
0.559023380279541,43049,137,,,,
,43055,137,0.8600332736968994,0.873199999332428,,
,43055,137,,,0.9289000034332275,0.8686898946762085
0.5199562311172485,43099,138,,,,
0.4595126509666443,43149,138,,,,
0.5562544465065002,43199,138,,,,
0.6044349074363708,43249,138,,,,
0.476743221282959,43299,138,,,,
0.6302533745765686,43349,138,,,,
,43367,138,0.8965591788291931,0.8756999969482422,,
,43367,138,,,0.9337999820709229,0.8701046705245972
0.6370941400527954,43399,139,,,,
0.5055091381072998,43449,139,,,,
0.4957979619503021,43499,139,,,,
0.5978530645370483,43549,139,,,,
0.5293170809745789,43599,139,,,,
0.6617997884750366,43649,139,,,,
,43679,139,0.8993039131164551,0.8726000189781189,,
,43679,139,,,0.9315000176429749,0.8704426884651184
0.4329284429550171,43699,140,,,,
0.6358352899551392,43749,140,,,,
0.4708694815635681,43799,140,,,,
0.619932234287262,43849,140,,,,
0.6060125231742859,43899,140,,,,
0.43952926993370056,43949,140,,,,
,43991,140,0.9142616987228394,0.8752999901771545,,
,43991,140,,,0.9340999722480774,0.8720202445983887
0.6699248552322388,43999,141,,,,
0.528264582157135,44049,141,,,,
0.6273679733276367,44099,141,,,,
0.6299043893814087,44149,141,,,,
0.5132704973220825,44199,141,,,,
0.6140397787094116,44249,141,,,,
0.4663558006286621,44299,141,,,,
,44303,141,0.8780529499053955,0.8711000084877014,,
,44303,141,,,0.9329000115394592,0.8698918223381042
0.5035804510116577,44349,142,,,,
0.5785696506500244,44399,142,,,,
0.4990999102592468,44449,142,,,,
0.4553007185459137,44499,142,,,,
0.6632615327835083,44549,142,,,,
0.5816850662231445,44599,142,,,,
,44615,142,0.871260941028595,0.8751999735832214,,
,44615,142,,,0.9333000183105469,0.8704552054405212
0.45648789405822754,44649,143,,,,
0.5929393768310547,44699,143,,,,
0.6383827924728394,44749,143,,,,
0.5291122198104858,44799,143,,,,
0.6222489476203918,44849,143,,,,
0.5948816537857056,44899,143,,,,
,44927,143,0.8682887554168701,0.8762999773025513,,
,44927,143,,,0.934499979019165,0.8727213740348816
0.557873547077179,44949,144,,,,
0.5423598885536194,44999,144,,,,
0.49165254831314087,45049,144,,,,
0.7432104349136353,45099,144,,,,
0.5193890333175659,45149,144,,,,
0.4535853862762451,45199,144,,,,
,45239,144,0.8411164879798889,0.8730999827384949,,
,45239,144,,,0.9273999929428101,0.8711187839508057
0.5074673295021057,45249,145,,,,
0.4580487608909607,45299,145,,,,
0.6079344153404236,45349,145,,,,
0.6560261249542236,45399,145,,,,
0.5461437702178955,45449,145,,,,
0.5534350872039795,45499,145,,,,
0.549325168132782,45549,145,,,,
,45551,145,0.9061474800109863,0.8715000152587891,,
,45551,145,,,0.9345999956130981,0.8717448115348816
0.5121461749076843,45599,146,,,,
0.6425327062606812,45649,146,,,,
0.5413262844085693,45699,146,,,,
0.5198802947998047,45749,146,,,,
0.6212853193283081,45799,146,,,,
0.4536716341972351,45849,146,,,,
,45863,146,0.8954783082008362,0.8694000244140625,,
,45863,146,,,0.9300000071525574,0.8714192509651184
0.5774801969528198,45899,147,,,,
0.49090415239334106,45949,147,,,,
0.45556312799453735,45999,147,,,,
0.5025643706321716,46049,147,,,,
0.5428043007850647,46099,147,,,,
0.532193660736084,46149,147,,,,
,46175,147,0.9233248829841614,0.8752999901771545,,
,46175,147,,,0.9340000152587891,0.8718950152397156
0.7259182929992676,46199,148,,,,
0.39137113094329834,46249,148,,,,
0.5192955732345581,46299,148,,,,
0.4571506977081299,46349,148,,,,
0.505100667476654,46399,148,,,,
0.7295067310333252,46449,148,,,,
,46487,148,0.886856734752655,0.8715999722480774,,
,46487,148,,,0.9265000224113464,0.8739984035491943
0.5668723583221436,46499,149,,,,
0.4851156771183014,46549,149,,,,
0.5677945613861084,46599,149,,,,
0.5765191912651062,46649,149,,,,
0.5299683809280396,46699,149,,,,
0.5261570811271667,46749,149,,,,
0.6145520210266113,46799,149,,,,
,46799,149,0.9062882661819458,0.8774999976158142,,
,46799,149,,,0.9369999766349792,0.8731344938278198
0.5918634533882141,46849,150,,,,
0.5535643696784973,46899,150,,,,
0.5259130001068115,46949,150,,,,
0.5238243937492371,46999,150,,,,
0.6525717973709106,47049,150,,,,
0.5198748111724854,47099,150,,,,
,47111,150,0.8867733478546143,0.8737999796867371,,
,47111,150,,,0.9261999726295471,0.8732597231864929
0.5809359550476074,47149,151,,,,
0.44975101947784424,47199,151,,,,
0.5007829070091248,47249,151,,,,
0.5037127733230591,47299,151,,,,
0.5793284177780151,47349,151,,,,
0.48914873600006104,47399,151,,,,
,47423,151,0.9482790231704712,0.8719000220298767,,
,47423,151,,,0.9337000250816345,0.8741737008094788
0.47961539030075073,47449,152,,,,
0.5583303570747375,47499,152,,,,
0.5715692043304443,47549,152,,,,
0.5420679450035095,47599,152,,,,
0.4339849352836609,47649,152,,,,
0.5449855923652649,47699,152,,,,
,47735,152,0.8706958293914795,0.8766000270843506,,
,47735,152,,,0.932699978351593,0.8744741678237915
0.4959614872932434,47749,153,,,,
0.640243411064148,47799,153,,,,
0.4051361083984375,47849,153,,,,
0.5800681114196777,47899,153,,,,
0.44227755069732666,47949,153,,,,
0.5196528434753418,47999,153,,,,
,48047,153,0.8262597918510437,0.8709999918937683,,
,48047,153,,,0.9275000095367432,0.8729968070983887
0.4715753197669983,48049,154,,,,
0.4573887586593628,48099,154,,,,
0.5709371566772461,48149,154,,,,
0.4514889121055603,48199,154,,,,
0.5486816167831421,48249,154,,,,
0.5356355905532837,48299,154,,,,
0.4152993857860565,48349,154,,,,
,48359,154,0.8933722376823425,0.8743000030517578,,
,48359,154,,,0.9300000071525574,0.8740359544754028
0.5271554589271545,48399,155,,,,
0.5034158229827881,48449,155,,,,
0.6213760375976562,48499,155,,,,
0.5792261362075806,48549,155,,,,
0.6641449332237244,48599,155,,,,
0.49967411160469055,48649,155,,,,
,48671,155,0.8732041716575623,0.8712999820709229,,
,48671,155,,,0.9304999709129333,0.8749749660491943
0.5938631892204285,48699,156,,,,
0.5650886297225952,48749,156,,,,
0.4602096676826477,48799,156,,,,
0.6365153193473816,48849,156,,,,
0.5755050182342529,48899,156,,,,
0.5724097490310669,48949,156,,,,
,48983,156,0.8937321305274963,0.8762000203132629,,
,48983,156,,,0.9379000067710876,0.8748497366905212
0.5297936201095581,48999,157,,,,
0.5404461622238159,49049,157,,,,
0.5661776065826416,49099,157,,,,
0.5245055556297302,49149,157,,,,
0.4650765061378479,49199,157,,,,
0.4810316562652588,49249,157,,,,
,49295,157,0.8973032236099243,0.8704000115394592,,
,49295,157,,,0.9261999726295471,0.8747746348381042
0.3583357632160187,49299,158,,,,
0.5895968675613403,49349,158,,,,
0.5280671119689941,49399,158,,,,
0.4210173189640045,49449,158,,,,
0.5956075191497803,49499,158,,,,
0.4836081266403198,49549,158,,,,
0.5769119262695312,49599,158,,,,
,49607,158,0.9290111064910889,0.8729000091552734,,
,49607,158,,,0.929099977016449,0.8757011294364929
0.47329187393188477,49649,159,,,,
0.6552295684814453,49699,159,,,,
0.500520646572113,49749,159,,,,
0.4736791253089905,49799,159,,,,
0.46302855014801025,49849,159,,,,
0.6171829700469971,49899,159,,,,
,49919,159,0.8963156938552856,0.8715000152587891,,
,49919,159,,,0.9320999979972839,0.8754382133483887
0.4292021095752716,49949,160,,,,
0.4695989191532135,49999,160,,,,
0.42083442211151123,50049,160,,,,
0.502703845500946,50099,160,,,,
0.565570592880249,50149,160,,,,
0.4567553400993347,50199,160,,,,
,50231,160,0.9040570259094238,0.8743000030517578,,
,50231,160,,,0.9387999773025513,0.876051664352417
0.4026119112968445,50249,161,,,,
0.6128706336021423,50299,161,,,,
0.5107518434524536,50349,161,,,,
0.5009374618530273,50399,161,,,,
0.45751771330833435,50449,161,,,,
0.5286823511123657,50499,161,,,,
,50543,161,0.8269652128219604,0.8729000091552734,,
,50543,161,,,0.9298999905586243,0.8772786259651184
0.5199365019798279,50549,162,,,,
0.4318694472312927,50599,162,,,,
0.4458523690700531,50649,162,,,,
0.43439918756484985,50699,162,,,,
0.5814552307128906,50749,162,,,,
0.45509588718414307,50799,162,,,,
0.5750541090965271,50849,162,,,,
,50855,162,0.9355757832527161,0.8720999956130981,,
,50855,162,,,0.9336000084877014,0.8768655061721802
0.4689226746559143,50899,163,,,,
0.5568768382072449,50949,163,,,,
0.5379965305328369,50999,163,,,,
0.5397424697875977,51049,163,,,,
0.5483092665672302,51099,163,,,,
0.575169026851654,51149,163,,,,
,51167,163,0.8584819436073303,0.8738999962806702,,
,51167,163,,,0.9361000061035156,0.8779422044754028
0.6516087055206299,51199,164,,,,
0.4050203263759613,51249,164,,,,
0.499747097492218,51299,164,,,,
0.5139937400817871,51349,164,,,,
0.547979474067688,51399,164,,,,
0.5408778786659241,51449,164,,,,
,51479,164,0.8998033404350281,0.8722000122070312,,
,51479,164,,,0.930899977684021,0.8771409392356873
0.5809227228164673,51499,165,,,,
0.40617305040359497,51549,165,,,,
0.5689778923988342,51599,165,,,,
0.5251846313476562,51649,165,,,,
0.5403538942337036,51699,165,,,,
0.5595892071723938,51749,165,,,,
,51791,165,0.9422342777252197,0.8744000196456909,,
,51791,165,,,0.9319999814033508,0.877028226852417
0.46961987018585205,51799,166,,,,
0.5031269192695618,51849,166,,,,
0.5137453675270081,51899,166,,,,
0.41893649101257324,51949,166,,,,
0.46224379539489746,51999,166,,,,
0.5629624128341675,52049,166,,,,
0.5233637094497681,52099,166,,,,
,52103,166,0.9006953835487366,0.8787000179290771,,
,52103,166,,,0.9375,0.8788061141967773
0.4695991277694702,52149,167,,,,
0.46065908670425415,52199,167,,,,
0.49398839473724365,52249,167,,,,
0.5053902268409729,52299,167,,,,
0.6089012622833252,52349,167,,,,
0.48298054933547974,52399,167,,,,
,52415,167,0.8575599789619446,0.8776000142097473,,
,52415,167,,,0.9373000264167786,0.879319429397583
0.47563302516937256,52449,168,,,,
0.44811397790908813,52499,168,,,,
0.5552530288696289,52549,168,,,,
0.6085758805274963,52599,168,,,,
0.4684793949127197,52649,168,,,,
0.5040704011917114,52699,168,,,,
,52727,168,0.9371868371963501,0.8773999810218811,,
,52727,168,,,0.9369000196456909,0.8797325491905212
0.42811140418052673,52749,169,,,,
0.4108777940273285,52799,169,,,,
0.39735376834869385,52849,169,,,,
0.47555094957351685,52899,169,,,,
0.44373592734336853,52949,169,,,,
0.5450036525726318,52999,169,,,,
,53039,169,0.8657050728797913,0.8776999711990356,,
,53039,169,,,0.9350000023841858,0.8786934018135071
0.46190911531448364,53049,170,,,,
0.49977463483810425,53099,170,,,,
0.45065775513648987,53149,170,,,,
0.596754789352417,53199,170,,,,
0.5690311193466187,53249,170,,,,
0.6051152348518372,53299,170,,,,
0.47137024998664856,53349,170,,,,
,53351,170,0.837167501449585,0.8777999877929688,,
,53351,170,,,0.9362999796867371,0.8808093070983887
0.5101101398468018,53399,171,,,,
0.616718053817749,53449,171,,,,
0.5824544429779053,53499,171,,,,
0.4185047149658203,53549,171,,,,
0.42852523922920227,53599,171,,,,
0.4467308819293976,53649,171,,,,
,53663,171,0.8313897252082825,0.8755000233650208,,
,53663,171,,,0.9320999979972839,0.8805088400840759
0.5115940570831299,53699,172,,,,
0.46828755736351013,53749,172,,,,
0.4917156398296356,53799,172,,,,
0.5589971542358398,53849,172,,,,
0.4398864805698395,53899,172,,,,
0.5322707891464233,53949,172,,,,
,53975,172,0.8485321402549744,0.8794000148773193,,
,53975,172,,,0.9388999938964844,0.8786433339118958
0.5517709255218506,53999,173,,,,
0.5051706433296204,54049,173,,,,
0.6332457065582275,54099,173,,,,
0.48498865962028503,54149,173,,,,
0.43097418546676636,54199,173,,,,
0.47335582971572876,54249,173,,,,
,54287,173,0.892531156539917,0.8738999962806702,,
,54287,173,,,0.9366000294685364,0.8802834749221802
0.4940693974494934,54299,174,,,,
0.4887811839580536,54349,174,,,,
0.512769341468811,54399,174,,,,
0.4528597593307495,54449,174,,,,
0.5545252561569214,54499,174,,,,
0.4949074685573578,54549,174,,,,
0.43958550691604614,54599,174,,,,
,54599,174,0.9089123010635376,0.8702999949455261,,
,54599,174,,,0.9304999709129333,0.8806465268135071
0.4464525580406189,54649,175,,,,
0.5049052238464355,54699,175,,,,
0.4444458782672882,54749,175,,,,
0.44452106952667236,54799,175,,,,
0.46149247884750366,54849,175,,,,
0.4681389331817627,54899,175,,,,
,54911,175,0.8945855498313904,0.8779000043869019,,
,54911,175,,,0.9334999918937683,0.8800581097602844
0.4886353015899658,54949,176,,,,
0.5144088268280029,54999,176,,,,
0.5534601211547852,55049,176,,,,
0.5491220951080322,55099,176,,,,
0.5105363726615906,55149,176,,,,
0.5026683211326599,55199,176,,,,
,55223,176,0.9020283222198486,0.8812000155448914,,
,55223,176,,,0.9380000233650208,0.8800455927848816
0.5622154474258423,55249,177,,,,
0.5002988576889038,55299,177,,,,
0.4661385118961334,55349,177,,,,
0.6392452716827393,55399,177,,,,
0.4770151376724243,55449,177,,,,
0.4115261435508728,55499,177,,,,
,55535,177,0.8880949020385742,0.876800000667572,,
,55535,177,,,0.9404000043869019,0.8811348080635071
0.42654818296432495,55549,178,,,,
0.5030467510223389,55599,178,,,,
0.4884742498397827,55649,178,,,,
0.46768373250961304,55699,178,,,,
0.43068069219589233,55749,178,,,,
0.5138861536979675,55799,178,,,,
,55847,178,0.8411182761192322,0.881600022315979,,
,55847,178,,,0.9402999877929688,0.8812350034713745
0.42578887939453125,55849,179,,,,
0.619221568107605,55899,179,,,,
0.426836758852005,55949,179,,,,
0.38613373041152954,55999,179,,,,
0.5810446739196777,56049,179,,,,
0.4681956171989441,56099,179,,,,
0.47665488719940186,56149,179,,,,
,56159,179,0.8752176761627197,0.8804000020027161,,
,56159,179,,,0.9399999976158142,0.8819987177848816
0.588822603225708,56199,180,,,,
0.5115655064582825,56249,180,,,,
0.4017132520675659,56299,180,,,,
0.5999999642372131,56349,180,,,,
0.5532657504081726,56399,180,,,,
0.4652891755104065,56449,180,,,,
,56471,180,0.881325364112854,0.8769999742507935,,
,56471,180,,,0.9409999847412109,0.8816981911659241
0.4548141658306122,56499,181,,,,
0.4155343770980835,56549,181,,,,
0.6066895723342896,56599,181,,,,
0.5133436918258667,56649,181,,,,
0.5055429339408875,56699,181,,,,
0.5420365333557129,56749,181,,,,
,56783,181,0.8843939304351807,0.8784999847412109,,
,56783,181,,,0.9401999711990356,0.8825621008872986
0.46730637550354004,56799,182,,,,
0.6353092193603516,56849,182,,,,
0.47291046380996704,56899,182,,,,
0.4118417501449585,56949,182,,,,
0.4849342107772827,56999,182,,,,
0.5569397807121277,57049,182,,,,
,57095,182,0.8709135055541992,0.878000020980835,,
,57095,182,,,0.9379000067710876,0.8821489214897156
0.5623684525489807,57099,183,,,,
0.4996030330657959,57149,183,,,,
0.42650848627090454,57199,183,,,,
0.5665624737739563,57249,183,,,,
0.4560457766056061,57299,183,,,,
0.42531687021255493,57349,183,,,,
0.536544919013977,57399,183,,,,
,57407,183,0.8760843873023987,0.8794999718666077,,
,57407,183,,,0.9415000081062317,0.8825621008872986
0.3792356848716736,57449,184,,,,
0.44459158182144165,57499,184,,,,
0.5073638558387756,57549,184,,,,
0.5461971163749695,57599,184,,,,
0.5225666165351868,57649,184,,,,
0.5012175440788269,57699,184,,,,
,57719,184,0.8728887438774109,0.880299985408783,,
,57719,184,,,0.9416000247001648,0.8825996518135071
0.4647095203399658,57749,185,,,,
0.513579785823822,57799,185,,,,
0.585290253162384,57849,185,,,,
0.49583059549331665,57899,185,,,,
0.4318625330924988,57949,185,,,,
0.49611788988113403,57999,185,,,,
,58031,185,0.8631200194358826,0.8791999816894531,,
,58031,185,,,0.9394000172615051,0.8832882642745972
0.5279130935668945,58049,186,,,,
0.4325106739997864,58099,186,,,,
0.46356266736984253,58149,186,,,,
0.3850782513618469,58199,186,,,,
0.519853949546814,58249,186,,,,
0.4824061989784241,58299,186,,,,
,58343,186,0.8654447197914124,0.8787999749183655,,
,58343,186,,,0.9384999871253967,0.8838015794754028
0.5619181394577026,58349,187,,,,
0.5016880035400391,58399,187,,,,
0.47947967052459717,58449,187,,,,
0.4614141583442688,58499,187,,,,
0.43679529428482056,58549,187,,,,
0.4523785412311554,58599,187,,,,
0.45728397369384766,58649,187,,,,
,58655,187,0.883136510848999,0.8776999711990356,,
,58655,187,,,0.933899998664856,0.8837640285491943
0.4635792374610901,58699,188,,,,
0.3695831894874573,58749,188,,,,
0.5094948410987854,58799,188,,,,
0.6163257956504822,58849,188,,,,
0.36614200472831726,58899,188,,,,
0.40221041440963745,58949,188,,,,
,58967,188,0.9179404377937317,0.8812000155448914,,
,58967,188,,,0.9380999803543091,0.8848031759262085
0.5029244422912598,58999,189,,,,
0.5406221151351929,59049,189,,,,
0.47113656997680664,59099,189,,,,
0.4913291931152344,59149,189,,,,
0.4532315731048584,59199,189,,,,
0.46701890230178833,59249,189,,,,
,59279,189,0.8802456855773926,0.8769999742507935,,
,59279,189,,,0.9412000179290771,0.8843899965286255
0.5267437100410461,59299,190,,,,
0.39727911353111267,59349,190,,,,
0.38446611166000366,59399,190,,,,
0.5537112951278687,59449,190,,,,
0.5641463398933411,59499,190,,,,
0.5228732228279114,59549,190,,,,
,59591,190,0.8832722902297974,0.8823999762535095,,
,59591,190,,,0.9404000043869019,0.8846529722213745
0.36583131551742554,59599,191,,,,
0.4179764986038208,59649,191,,,,
0.48257309198379517,59699,191,,,,
0.5184850692749023,59749,191,,,,
0.5191112756729126,59799,191,,,,
0.46168428659439087,59849,191,,,,
0.4802892804145813,59899,191,,,,
,59903,191,0.9087466597557068,0.8801000118255615,,
,59903,191,,,0.9341999888420105,0.884840726852417
0.5771196484565735,59949,192,,,,
0.5155858993530273,59999,192,,,,
0.4782446026802063,60049,192,,,,
0.4981735348701477,60099,192,,,,
0.47469717264175415,60149,192,,,,
0.5105856657028198,60199,192,,,,
,60215,192,0.8560316562652588,0.880299985408783,,
,60215,192,,,0.9387999773025513,0.8852413892745972
0.5705928802490234,60249,193,,,,
0.41994380950927734,60299,193,,,,
0.4231899082660675,60349,193,,,,
0.45889556407928467,60399,193,,,,
0.3816624581813812,60449,193,,,,
0.5539354085922241,60499,193,,,,
,60527,193,0.8317347764968872,0.8816999793052673,,
,60527,193,,,0.9422000050544739,0.886155366897583
0.4255276918411255,60549,194,,,,
0.40869903564453125,60599,194,,,,
0.5205407738685608,60649,194,,,,
0.408376544713974,60699,194,,,,
0.5958014130592346,60749,194,,,,
0.5074553489685059,60799,194,,,,
,60839,194,0.8483291864395142,0.8805000185966492,,
,60839,194,,,0.9413999915122986,0.8861929178237915
0.3731410503387451,60849,195,,,,
0.413204550743103,60899,195,,,,
0.5094544887542725,60949,195,,,,
0.46245908737182617,60999,195,,,,
0.47658461332321167,61049,195,,,,
0.522864580154419,61099,195,,,,
0.533830463886261,61149,195,,,,
,61151,195,0.8934701085090637,0.8805999755859375,,
,61151,195,,,0.9419000148773193,0.8865684866905212
0.38376548886299133,61199,196,,,,
0.4551727771759033,61249,196,,,,
0.4420042335987091,61299,196,,,,
0.41057899594306946,61349,196,,,,
0.415709912776947,61399,196,,,,
0.6432355642318726,61449,196,,,,
,61463,196,0.859263002872467,0.8787999749183655,,
,61463,196,,,0.932699978351593,0.8860301375389099
0.446012020111084,61499,197,,,,
0.4195009469985962,61549,197,,,,
0.46978050470352173,61599,197,,,,
0.4461056888103485,61649,197,,,,
0.4537564516067505,61699,197,,,,
0.48393380641937256,61749,197,,,,
,61775,197,0.8889206051826477,0.8787999749183655,,
,61775,197,,,0.9388999938964844,0.8859800696372986
0.4381718635559082,61799,198,,,,
0.5117058157920837,61849,198,,,,
0.47922852635383606,61899,198,,,,
0.47670572996139526,61949,198,,,,
0.39277106523513794,61999,198,,,,
0.4403300881385803,62049,198,,,,
,62087,198,0.862713098526001,0.881600022315979,,
,62087,198,,,0.9448000192642212,0.8883588910102844
0.4880833029747009,62099,199,,,,
0.40673720836639404,62149,199,,,,
0.42432093620300293,62199,199,,,,
0.4123345911502838,62249,199,,,,
0.4457390010356903,62299,199,,,,
0.34850797057151794,62349,199,,,,
0.4709959030151367,62399,199,,,,
,62399,199,0.8793811798095703,0.8827000260353088,,
,62399,199,,,0.9430999755859375,0.8886343240737915
0.4357900619506836,62449,200,,,,
0.4077279567718506,62499,200,,,,
0.456659734249115,62549,200,,,,
0.48494741320610046,62599,200,,,,
0.3981361389160156,62649,200,,,,
0.4740581214427948,62699,200,,,,
,62711,200,0.896033525466919,0.8820000290870667,,
,62711,200,,,0.9419000148773193,0.8875700831413269
0.5532320737838745,62749,201,,,,
0.401334285736084,62799,201,,,,
0.5459780693054199,62849,201,,,,
0.3787451684474945,62899,201,,,,
0.4727078080177307,62949,201,,,,
0.5527769923210144,62999,201,,,,
,63023,201,0.8566749095916748,0.8823999762535095,,
,63023,201,,,0.9416000247001648,0.8874949812889099
0.40031322836875916,63049,202,,,,
0.501383900642395,63099,202,,,,
0.41204699873924255,63149,202,,,,
0.5488545298576355,63199,202,,,,
0.44517120718955994,63249,202,,,,
0.44474533200263977,63299,202,,,,
,63335,202,0.8725612163543701,0.8797000050544739,,
,63335,202,,,0.9402999877929688,0.8880959749221802
0.37158480286598206,63349,203,,,,
0.41682469844818115,63399,203,,,,
0.4242631793022156,63449,203,,,,
0.5571997165679932,63499,203,,,,
0.5373678207397461,63549,203,,,,
0.48196735978126526,63599,203,,,,
,63647,203,0.8790973424911499,0.8816999793052673,,
,63647,203,,,0.9438999891281128,0.8888722062110901
0.5257961750030518,63649,204,,,,
0.5374013781547546,63699,204,,,,
0.48231860995292664,63749,204,,,,
0.5277687311172485,63799,204,,,,
0.38855624198913574,63849,204,,,,
0.496701717376709,63899,204,,,,
0.520155668258667,63949,204,,,,
,63959,204,0.886528730392456,0.8840000033378601,,
,63959,204,,,0.9447000026702881,0.8880959749221802
0.3769463300704956,63999,205,,,,
0.5195949077606201,64049,205,,,,
0.3533581495285034,64099,205,,,,
0.4914204478263855,64149,205,,,,
0.49931657314300537,64199,205,,,,
0.36231088638305664,64249,205,,,,
,64271,205,0.8923863172531128,0.8830999732017517,,
,64271,205,,,0.946399986743927,0.8894481062889099
0.40833964943885803,64299,206,,,,
0.48708146810531616,64349,206,,,,
0.4215412139892578,64399,206,,,,
0.422128826379776,64449,206,,,,
0.5068755149841309,64499,206,,,,
0.4387345314025879,64549,206,,,,
,64583,206,0.8671230673789978,0.8823000192642212,,
,64583,206,,,0.9427000284194946,0.8896734714508057
0.41990572214126587,64599,207,,,,
0.40708374977111816,64649,207,,,,
0.3835625648498535,64699,207,,,,
0.39738351106643677,64749,207,,,,
0.3501279354095459,64799,207,,,,
0.48059168457984924,64849,207,,,,
,64895,207,0.8626726269721985,0.8805000185966492,,
,64895,207,,,0.9406999945640564,0.8893730044364929
0.4799119234085083,64899,208,,,,
0.3860253095626831,64949,208,,,,
0.4436631202697754,64999,208,,,,
0.387251079082489,65049,208,,,,
0.4785856008529663,65099,208,,,,
0.4424196183681488,65149,208,,,,
0.3483341336250305,65199,208,,,,
,65207,208,0.8849992156028748,0.8824999928474426,,
,65207,208,,,0.9474999904632568,0.889723539352417
0.4199303388595581,65249,209,,,,
0.48484253883361816,65299,209,,,,
0.46470195055007935,65349,209,,,,
0.47686561942100525,65399,209,,,,
0.504410982131958,65449,209,,,,
0.3951360583305359,65499,209,,,,
,65519,209,0.8663955330848694,0.8855999708175659,,
,65519,209,,,0.9452000260353088,0.8901993036270142
0.5293864607810974,65549,210,,,,
0.41895222663879395,65599,210,,,,
0.4482114315032959,65649,210,,,,
0.38815492391586304,65699,210,,,,
0.500385046005249,65749,210,,,,
0.4469321072101593,65799,210,,,,
,65831,210,0.8592450022697449,0.8833000063896179,,
,65831,210,,,0.9492999911308289,0.8898738026618958
0.4321368932723999,65849,211,,,,
0.3508501648902893,65899,211,,,,
0.48288655281066895,65949,211,,,,
0.5026119351387024,65999,211,,,,
0.4191327691078186,66049,211,,,,
0.5267007946968079,66099,211,,,,
,66143,211,0.8698667287826538,0.8859000205993652,,
,66143,211,,,0.9469000101089478,0.8909630179405212
0.3666023313999176,66149,212,,,,
0.5742429494857788,66199,212,,,,
0.44290125370025635,66249,212,,,,
0.403425395488739,66299,212,,,,
0.46603500843048096,66349,212,,,,
0.43382835388183594,66399,212,,,,
0.40061670541763306,66449,212,,,,
,66455,212,0.8644675612449646,0.8823999762535095,,
,66455,212,,,0.9427000284194946,0.8922526240348816
0.48180076479911804,66499,213,,,,
0.34561219811439514,66549,213,,,,
0.4257814288139343,66599,213,,,,
0.4378446042537689,66649,213,,,,
0.3718956708908081,66699,213,,,,
0.43476665019989014,66749,213,,,,
,66767,213,0.8859915733337402,0.8831999897956848,,
,66767,213,,,0.947700023651123,0.8914889097213745
0.3893783986568451,66799,214,,,,
0.3838547468185425,66849,214,,,,
0.39892786741256714,66899,214,,,,
0.36076924204826355,66949,214,,,,
0.5037501454353333,66999,214,,,,
0.4685509204864502,67049,214,,,,
,67079,214,0.8364010453224182,0.8831999897956848,,
,67079,214,,,0.9472000002861023,0.8927283883094788
0.357343852519989,67099,215,,,,
0.41861826181411743,67149,215,,,,
0.4228678047657013,67199,215,,,,
0.3939593434333801,67249,215,,,,
0.3346969187259674,67299,215,,,,
0.5117105841636658,67349,215,,,,
,67391,215,0.8722451329231262,0.8848999738693237,,
,67391,215,,,0.9498999714851379,0.8923652768135071
0.48076653480529785,67399,216,,,,
0.4136839509010315,67449,216,,,,
0.46029365062713623,67499,216,,,,
0.4551670253276825,67549,216,,,,
0.42201298475265503,67599,216,,,,
0.43043744564056396,67649,216,,,,
0.4735229015350342,67699,216,,,,
,67703,216,0.8914223909378052,0.8841999769210815,,
,67703,216,,,0.9442999958992004,0.8920022249221802
0.4650542438030243,67749,217,,,,
0.4199439287185669,67799,217,,,,
0.3586934208869934,67849,217,,,,
0.3713539242744446,67899,217,,,,
0.3556005358695984,67949,217,,,,
0.44236132502555847,67999,217,,,,
,68015,217,0.8840807676315308,0.8834999799728394,,
,68015,217,,,0.9470999836921692,0.8919520974159241
0.42008504271507263,68049,218,,,,
0.4112884998321533,68099,218,,,,
0.4890933334827423,68149,218,,,,
0.542050302028656,68199,218,,,,
0.4485132396221161,68249,218,,,,
0.38972753286361694,68299,218,,,,
,68327,218,0.8801009058952332,0.8810999989509583,,
,68327,218,,,0.9470999836921692,0.8928034901618958
0.4092528223991394,68349,219,,,,
0.5636497735977173,68399,219,,,,
0.4088280200958252,68449,219,,,,
0.5060719847679138,68499,219,,,,
0.38226625323295593,68549,219,,,,
0.38601812720298767,68599,219,,,,
,68639,219,0.8495568633079529,0.883400022983551,,
,68639,219,,,0.9466000199317932,0.8926281929016113
0.4291277229785919,68649,220,,,,
0.42393603920936584,68699,220,,,,
0.47890689969062805,68749,220,,,,
0.38802358508110046,68799,220,,,,
0.5203484296798706,68849,220,,,,
0.42164573073387146,68899,220,,,,
0.40393292903900146,68949,220,,,,
,68951,220,0.8587245941162109,0.8865000009536743,,
,68951,220,,,0.9510999917984009,0.8937800526618958
0.3763945698738098,68999,221,,,,
0.4177376627922058,69049,221,,,,
0.4404918849468231,69099,221,,,,
0.3972465395927429,69149,221,,,,
0.44590550661087036,69199,221,,,,
0.4117273986339569,69249,221,,,,
,69263,221,0.8409058451652527,0.8848000168800354,,
,69263,221,,,0.9472000002861023,0.8937800526618958
0.43759578466415405,69299,222,,,,
0.4656200706958771,69349,222,,,,
0.4510442614555359,69399,222,,,,
0.4280007481575012,69449,222,,,,
0.3794500231742859,69499,222,,,,
0.4345272481441498,69549,222,,,,
,69575,222,0.8599486351013184,0.8845000267028809,,
,69575,222,,,0.9491999745368958,0.8941932320594788
0.3978738784790039,69599,223,,,,
0.4477376341819763,69649,223,,,,
0.41939181089401245,69699,223,,,,
0.388729453086853,69749,223,,,,
0.43432772159576416,69799,223,,,,
0.443205863237381,69849,223,,,,
,69887,223,0.8889634609222412,0.8833000063896179,,
,69887,223,,,0.9455999732017517,0.8942683339118958
0.4201214909553528,69899,224,,,,
0.39385128021240234,69949,224,,,,
0.41218501329421997,69999,224,,,,
0.4491998553276062,70049,224,,,,
0.43871355056762695,70099,224,,,,
0.41597795486450195,70149,224,,,,
0.45142579078674316,70199,224,,,,
,70199,224,0.8605697154998779,0.8824999928474426,,
,70199,224,,,0.948199987411499,0.8949694633483887
0.48854565620422363,70249,225,,,,
0.46677809953689575,70299,225,,,,
0.421856164932251,70349,225,,,,
0.41951584815979004,70399,225,,,,
0.4512951672077179,70449,225,,,,
0.40378618240356445,70499,225,,,,
,70511,225,0.8497793078422546,0.8855999708175659,,
,70511,225,,,0.9459999799728394,0.8947691321372986
0.4412018060684204,70549,226,,,,
0.381294846534729,70599,226,,,,
0.4512186646461487,70649,226,,,,
0.39987146854400635,70699,226,,,,
0.42509981989860535,70749,226,,,,
0.34015190601348877,70799,226,,,,
,70823,226,0.8412730693817139,0.8860999941825867,,
,70823,226,,,0.9509000182151794,0.8944936990737915
0.4232352375984192,70849,227,,,,
0.5229895114898682,70899,227,,,,
0.4186139702796936,70949,227,,,,
0.47528544068336487,70999,227,,,,
0.40974268317222595,71049,227,,,,
0.3724626302719116,71099,227,,,,
,71135,227,0.8490760922431946,0.883400022983551,,
,71135,227,,,0.9470000267028809,0.8957957625389099
0.3825227916240692,71149,228,,,,
0.33563095331192017,71199,228,,,,
0.45670250058174133,71249,228,,,,
0.4092055559158325,71299,228,,,,
0.3672587275505066,71349,228,,,,
0.3781510591506958,71399,228,,,,
,71447,228,0.8539243936538696,0.8848000168800354,,
,71447,228,,,0.9466999769210815,0.8958082795143127
0.44406402111053467,71449,229,,,,
0.4433920979499817,71499,229,,,,
0.4395170211791992,71549,229,,,,
0.40992677211761475,71599,229,,,,
0.38384270668029785,71649,229,,,,
0.42140525579452515,71699,229,,,,
0.34819650650024414,71749,229,,,,
,71759,229,0.8652946352958679,0.885699987411499,,
,71759,229,,,0.9516000151634216,0.8954827785491943
0.4295198321342468,71799,230,,,,
0.4257255494594574,71849,230,,,,
0.4295245409011841,71899,230,,,,
0.4749738574028015,71949,230,,,,
0.42239660024642944,71999,230,,,,
0.31124430894851685,72049,230,,,,
,72071,230,0.8766840100288391,0.885200023651123,,
,72071,230,,,0.9495999813079834,0.8962715268135071
0.49036845564842224,72099,231,,,,
0.40082257986068726,72149,231,,,,
0.42996686697006226,72199,231,,,,
0.4439935088157654,72249,231,,,,
0.40751534700393677,72299,231,,,,
0.4102897047996521,72349,231,,,,
,72383,231,0.8666573166847229,0.8863999843597412,,
,72383,231,,,0.9495999813079834,0.8956455588340759
0.40988337993621826,72399,232,,,,
0.4743748903274536,72449,232,,,,
0.3645794689655304,72499,232,,,,
0.3723973035812378,72549,232,,,,
0.4715183973312378,72599,232,,,,
0.323938250541687,72649,232,,,,
,72695,232,0.8787147402763367,0.8852999806404114,,
,72695,232,,,0.9492999911308289,0.8971855044364929
0.39621874690055847,72699,233,,,,
0.4392116665840149,72749,233,,,,
0.47081390023231506,72799,233,,,,
0.46665632724761963,72849,233,,,,
0.33754396438598633,72899,233,,,,
0.43150052428245544,72949,233,,,,
0.4230855107307434,72999,233,,,,
,73007,233,0.8753990530967712,0.8852999806404114,,
,73007,233,,,0.9526000022888184,0.8972355723381042
0.38843822479248047,73049,234,,,,
0.3816584050655365,73099,234,,,,
0.3945031762123108,73149,234,,,,
0.44551193714141846,73199,234,,,,
0.560558021068573,73249,234,,,,
0.426247239112854,73299,234,,,,
,73319,234,0.8622893691062927,0.8867999911308289,,
,73319,234,,,0.9506999850273132,0.8966596722602844
0.451422780752182,73349,235,,,,
0.3808290362358093,73399,235,,,,
0.4754205644130707,73449,235,,,,
0.35426759719848633,73499,235,,,,
0.47425538301467896,73549,235,,,,
0.37500476837158203,73599,235,,,,
,73631,235,0.8493494987487793,0.8849999904632568,,
,73631,235,,,0.949999988079071,0.8981495499610901
0.4063681662082672,73649,236,,,,
0.36720943450927734,73699,236,,,,
0.4105702340602875,73749,236,,,,
0.3660775423049927,73799,236,,,,
0.3084239065647125,73849,236,,,,
0.4153815805912018,73899,236,,,,
,73943,236,0.8554902076721191,0.8859000205993652,,
,73943,236,,,0.9485999941825867,0.8971479535102844
0.39356762170791626,73949,237,,,,
0.3585876524448395,73999,237,,,,
0.4434819221496582,74049,237,,,,
0.44918012619018555,74099,237,,,,
0.3619842529296875,74149,237,,,,
0.3256624639034271,74199,237,,,,
0.4078124463558197,74249,237,,,,
,74255,237,0.8634994029998779,0.8840000033378601,,
,74255,237,,,0.9488000273704529,0.8975986838340759
0.44273269176483154,74299,238,,,,
0.40121209621429443,74349,238,,,,
0.4298279881477356,74399,238,,,,
0.44608068466186523,74449,238,,,,
0.4304790794849396,74499,238,,,,
0.44864457845687866,74549,238,,,,
,74567,238,0.8489219546318054,0.8866999745368958,,
,74567,238,,,0.9492999911308289,0.8980618715286255
0.38871318101882935,74599,239,,,,
0.3524423837661743,74649,239,,,,
0.3878503441810608,74699,239,,,,
0.3706226944923401,74749,239,,,,
0.3617466986179352,74799,239,,,,
0.41860419511795044,74849,239,,,,
,74879,239,0.8695926070213318,0.8845999836921692,,
,74879,239,,,0.9524999856948853,0.8986378312110901
0.33222705125808716,74899,240,,,,
0.4116571545600891,74949,240,,,,
0.3870762586593628,74999,240,,,,
0.43491560220718384,75049,240,,,,
0.4109034240245819,75099,240,,,,
0.4178171157836914,75149,240,,,,
,75191,240,0.8806294798851013,0.885200023651123,,
,75191,240,,,0.951200008392334,0.8975986838340759
0.38541650772094727,75199,241,,,,
0.3832574784755707,75249,241,,,,
0.3718487322330475,75299,241,,,,
0.3265509605407715,75349,241,,,,
0.4327629804611206,75399,241,,,,
0.3209049105644226,75449,241,,,,
0.38630229234695435,75499,241,,,,
,75503,241,0.8493602275848389,0.8858000040054321,,
,75503,241,,,0.9508000016212463,0.8990384340286255
0.3921201229095459,75549,242,,,,
0.3947519361972809,75599,242,,,,
0.4342370927333832,75649,242,,,,
0.3789141774177551,75699,242,,,,
0.36055490374565125,75749,242,,,,
0.3261845111846924,75799,242,,,,
,75815,242,0.8367283344268799,0.8845000267028809,,
,75815,242,,,0.9508000016212463,0.8986878991127014
0.40665701031684875,75849,243,,,,
0.36770278215408325,75899,243,,,,
0.3757449984550476,75949,243,,,,
0.4505806565284729,75999,243,,,,
0.3216738700866699,76049,243,,,,
0.3430463671684265,76099,243,,,,
,76127,243,0.8496208786964417,0.8863999843597412,,
,76127,243,,,0.9519000053405762,0.8982872366905212
0.3854680359363556,76149,244,,,,
0.37059617042541504,76199,244,,,,
0.4396132230758667,76249,244,,,,
0.38345175981521606,76299,244,,,,
0.47490352392196655,76349,244,,,,
0.4322093725204468,76399,244,,,,
,76439,244,0.8642668724060059,0.885200023651123,,
,76439,244,,,0.949400007724762,0.89892578125
0.40894728899002075,76449,245,,,,
0.44561928510665894,76499,245,,,,
0.34755614399909973,76549,245,,,,
0.4460376501083374,76599,245,,,,
0.40108180046081543,76649,245,,,,
0.36644816398620605,76699,245,,,,
0.40737032890319824,76749,245,,,,
,76751,245,0.8627216815948486,0.8859999775886536,,
,76751,245,,,0.9513999819755554,0.8988757133483887
0.37280261516571045,76799,246,,,,
0.404469758272171,76849,246,,,,
0.38843628764152527,76899,246,,,,
0.3959900140762329,76949,246,,,,
0.4185252785682678,76999,246,,,,
0.441142737865448,77049,246,,,,
,77063,246,0.8481487035751343,0.8867999911308289,,
,77063,246,,,0.9517999887466431,0.8992012143135071
0.33436131477355957,77099,247,,,,
0.5130965113639832,77149,247,,,,
0.314920574426651,77199,247,,,,
0.3926694393157959,77249,247,,,,
0.41323035955429077,77299,247,,,,
0.4028841257095337,77349,247,,,,
,77375,247,0.8361247777938843,0.8873999714851379,,
,77375,247,,,0.9513999819755554,0.9002904891967773
0.36527764797210693,77399,248,,,,
0.4286392331123352,77449,248,,,,
0.3615332841873169,77499,248,,,,
0.3459160327911377,77549,248,,,,
0.4862585663795471,77599,248,,,,
0.4830119013786316,77649,248,,,,
,77687,248,0.848527729511261,0.8855000138282776,,
,77687,248,,,0.9521999955177307,0.8999148607254028
0.44655144214630127,77699,249,,,,
0.3365063965320587,77749,249,,,,
0.3257613480091095,77799,249,,,,
0.40956711769104004,77849,249,,,,
0.4548310339450836,77899,249,,,,
0.3947882354259491,77949,249,,,,
0.340493381023407,77999,249,,,,
,77999,249,0.8541720509529114,0.8851000070571899,,
,77999,249,,,0.9508000016212463,0.9013171195983887
0.391809344291687,78049,250,,,,
0.29044991731643677,78099,250,,,,
0.3788433074951172,78149,250,,,,
0.4294784665107727,78199,250,,,,
0.3446301519870758,78249,250,,,,
0.39922845363616943,78299,250,,,,
,78311,250,0.8498784899711609,0.8859999775886536,,
,78311,250,,,0.9526000022888184,0.8996644616127014
0.42029982805252075,78349,251,,,,
0.39043956995010376,78399,251,,,,
0.39932918548583984,78449,251,,,,
0.43916162848472595,78499,251,,,,
0.32137423753738403,78549,251,,,,
0.45460379123687744,78599,251,,,,
,78623,251,0.8279293775558472,0.8863999843597412,,
,78623,251,,,0.9524000287055969,0.9008663892745972
0.40808719396591187,78649,252,,,,
0.4133443832397461,78699,252,,,,
0.34634828567504883,78749,252,,,,
0.4304268956184387,78799,252,,,,
0.4297986626625061,78849,252,,,,
0.3733057379722595,78899,252,,,,
,78935,252,0.8612898588180542,0.8849999904632568,,
,78935,252,,,0.9523000121116638,0.9010416865348816
0.41204071044921875,78949,253,,,,
0.4613124430179596,78999,253,,,,
0.36648768186569214,79049,253,,,,
0.32429859042167664,79099,253,,,,
0.4429522156715393,79149,253,,,,
0.4186627268791199,79199,253,,,,
,79247,253,0.8554724454879761,0.8863000273704529,,
,79247,253,,,0.9531999826431274,0.9013922214508057
0.46068882942199707,79249,254,,,,
0.40544766187667847,79299,254,,,,
0.3579065203666687,79349,254,,,,
0.40788739919662476,79399,254,,,,
0.32449987530708313,79449,254,,,,
0.4419974386692047,79499,254,,,,
0.3803700804710388,79549,254,,,,
,79559,254,0.8573042154312134,0.887499988079071,,
,79559,254,,,0.9513999819755554,0.9007662534713745
0.3491387963294983,79599,255,,,,
0.31616607308387756,79649,255,,,,
0.4417480230331421,79699,255,,,,
0.4208562970161438,79749,255,,,,
0.3519470691680908,79799,255,,,,
0.3933033347129822,79849,255,,,,
,79871,255,0.8591845631599426,0.88919997215271,,
,79871,255,,,0.9553999900817871,0.9020432829856873
0.3198421001434326,79899,256,,,,
0.4046320915222168,79949,256,,,,
0.32969537377357483,79999,256,,,,
0.312322199344635,80049,256,,,,
0.34395352005958557,80099,256,,,,
0.3765485882759094,80149,256,,,,
,80183,256,0.8393438458442688,0.8880000114440918,,
,80183,256,,,0.9544000029563904,0.9019932150840759
0.3408113121986389,80199,257,,,,
0.347038209438324,80249,257,,,,
0.34199488162994385,80299,257,,,,
0.3135237693786621,80349,257,,,,
0.4716022312641144,80399,257,,,,
0.35506895184516907,80449,257,,,,
,80495,257,0.8381702899932861,0.8870999813079834,,
,80495,257,,,0.951200008392334,0.9013046026229858
0.4069826304912567,80499,258,,,,
0.35892540216445923,80549,258,,,,
0.36018747091293335,80599,258,,,,
0.3370175063610077,80649,258,,,,
0.33785873651504517,80699,258,,,,
0.35522234439849854,80749,258,,,,
0.48115479946136475,80799,258,,,,
,80807,258,0.8567274212837219,0.8865000009536743,,
,80807,258,,,0.9520999789237976,0.9015049338340759
0.3895355463027954,80849,259,,,,
0.3765624165534973,80899,259,,,,
0.4396013021469116,80949,259,,,,
0.39920303225517273,80999,259,,,,
0.372655987739563,81049,259,,,,
0.3050444424152374,81099,259,,,,
,81119,259,0.8623753190040588,0.887499988079071,,
,81119,259,,,0.9531999826431274,0.9019430875778198
0.4381052255630493,81149,260,,,,
0.38264554738998413,81199,260,,,,
0.4787569046020508,81249,260,,,,
0.4810347557067871,81299,260,,,,
0.3620876967906952,81349,260,,,,
0.3305467963218689,81399,260,,,,
,81431,260,0.8456598520278931,0.8870999813079834,,
,81431,260,,,0.9521999955177307,0.9016426205635071
0.3691052794456482,81449,261,,,,
0.37307488918304443,81499,261,,,,
0.3838360607624054,81549,261,,,,
0.38977211713790894,81599,261,,,,
0.2996799051761627,81649,261,,,,
0.3624860644340515,81699,261,,,,
,81743,261,0.8588547110557556,0.8858000040054321,,
,81743,261,,,0.953499972820282,0.9020557999610901
0.3823775053024292,81749,262,,,,
0.3432618975639343,81799,262,,,,
0.3946797847747803,81849,262,,,,
0.42066895961761475,81899,262,,,,
0.3741333782672882,81949,262,,,,
0.36645835638046265,81999,262,,,,
0.36223548650741577,82049,262,,,,
,82055,262,0.8523231148719788,0.886900007724762,,
,82055,262,,,0.9531999826431274,0.9029446840286255
0.40278905630111694,82099,263,,,,
0.33638423681259155,82149,263,,,,
0.3917373716831207,82199,263,,,,
0.39790746569633484,82249,263,,,,
0.3813950717449188,82299,263,,,,
0.3361872732639313,82349,263,,,,
,82367,263,0.851004958152771,0.8866000175476074,,
,82367,263,,,0.9520999789237976,0.9026066660881042
0.48607611656188965,82399,264,,,,
0.41632163524627686,82449,264,,,,
0.3190695643424988,82499,264,,,,
0.3508536219596863,82549,264,,,,
0.35373958945274353,82599,264,,,,
0.40108633041381836,82649,264,,,,
,82679,264,0.8571594953536987,0.8871999979019165,,
,82679,264,,,0.9520000219345093,0.9025816321372986
0.3816051483154297,82699,265,,,,
0.3313056528568268,82749,265,,,,
0.36295902729034424,82799,265,,,,
0.4024447798728943,82849,265,,,,
0.340191513299942,82899,265,,,,
0.38015395402908325,82949,265,,,,
,82991,265,0.866783857345581,0.887499988079071,,
,82991,265,,,0.953000009059906,0.9027068018913269
0.41381412744522095,82999,266,,,,
0.38329848647117615,83049,266,,,,
0.3360842764377594,83099,266,,,,
0.372357577085495,83149,266,,,,
0.3702464997768402,83199,266,,,,
0.4593378007411957,83249,266,,,,
0.39832624793052673,83299,266,,,,
,83303,266,0.8573461174964905,0.8885999917984009,,
,83303,266,,,0.9546999931335449,0.9028570652008057
0.381766676902771,83349,267,,,,
0.34544211626052856,83399,267,,,,
0.4735097289085388,83449,267,,,,
0.443225234746933,83499,267,,,,
0.35575589537620544,83549,267,,,,
0.3125436305999756,83599,267,,,,
,83615,267,0.855685830116272,0.8877999782562256,,
,83615,267,,,0.9524000287055969,0.9030573964118958
0.3866848945617676,83649,268,,,,
0.3461180031299591,83699,268,,,,
0.42232632637023926,83749,268,,,,
0.3527849316596985,83799,268,,,,
0.33506619930267334,83849,268,,,,
0.37357842922210693,83899,268,,,,
,83927,268,0.8598430752754211,0.8878999948501587,,
,83927,268,,,0.955299973487854,0.9026066660881042
0.4156724810600281,83949,269,,,,
0.42285463213920593,83999,269,,,,
0.39098116755485535,84049,269,,,,
0.3798496127128601,84099,269,,,,
0.43739718198776245,84149,269,,,,
0.3591219186782837,84199,269,,,,
,84239,269,0.8600040078163147,0.8881000280380249,,
,84239,269,,,0.9527999758720398,0.9032326936721802
0.4539942741394043,84249,270,,,,
0.3820260763168335,84299,270,,,,
0.35784614086151123,84349,270,,,,
0.41524603962898254,84399,270,,,,
0.38326218724250793,84449,270,,,,
0.3917652666568756,84499,270,,,,
0.31479611992836,84549,270,,,,
,84551,270,0.8557124137878418,0.8866000175476074,,
,84551,270,,,0.9549000263214111,0.9033077955245972
0.38265299797058105,84599,271,,,,
0.43307700753211975,84649,271,,,,
0.32469359040260315,84699,271,,,,
0.3333386778831482,84749,271,,,,
0.34781360626220703,84799,271,,,,
0.3546988070011139,84849,271,,,,
,84863,271,0.8468900322914124,0.8878999948501587,,
,84863,271,,,0.9534000158309937,0.9036207795143127
0.3001410663127899,84899,272,,,,
0.417991578578949,84949,272,,,,
0.39764636754989624,84999,272,,,,
0.3659304976463318,85049,272,,,,
0.32901355624198914,85099,272,,,,
0.3994596600532532,85149,272,,,,
,85175,272,0.8444796800613403,0.8891000151634216,,
,85175,272,,,0.954200029373169,0.9034956097602844
0.44409051537513733,85199,273,,,,
0.3855460286140442,85249,273,,,,
0.3728892207145691,85299,273,,,,
0.39861467480659485,85349,273,,,,
0.4045872092247009,85399,273,,,,
0.4356822967529297,85449,273,,,,
,85487,273,0.8547717928886414,0.8878999948501587,,
,85487,273,,,0.9549999833106995,0.9038711786270142
0.3244078457355499,85499,274,,,,
0.33735761046409607,85549,274,,,,
0.3090948462486267,85599,274,,,,
0.3448438346385956,85649,274,,,,
0.38940054178237915,85699,274,,,,
0.3371182680130005,85749,274,,,,
0.3118014931678772,85799,274,,,,
,85799,274,0.8567939400672913,0.8884000182151794,,
,85799,274,,,0.954800009727478,0.9043594598770142
0.3306751251220703,85849,275,,,,
0.29897257685661316,85899,275,,,,
0.375049889087677,85949,275,,,,
0.38535213470458984,85999,275,,,,
0.348699152469635,86049,275,,,,
0.37092307209968567,86099,275,,,,
,86111,275,0.8530150651931763,0.8881999850273132,,
,86111,275,,,0.9545000195503235,0.9043970108032227
0.3626954257488251,86149,276,,,,
0.36234086751937866,86199,276,,,,
0.37752410769462585,86249,276,,,,
0.46960607171058655,86299,276,,,,
0.426716685295105,86349,276,,,,
0.399366170167923,86399,276,,,,
,86423,276,0.8590630888938904,0.8889999985694885,,
,86423,276,,,0.9534000158309937,0.9035206437110901
0.3217915892601013,86449,277,,,,
0.3920728266239166,86499,277,,,,
0.3833869397640228,86549,277,,,,
0.3581814765930176,86599,277,,,,
0.34486833214759827,86649,277,,,,
0.42674335837364197,86699,277,,,,
,86735,277,0.8649048805236816,0.8902999758720398,,
,86735,277,,,0.9555000066757202,0.9044095277786255
0.34957271814346313,86749,278,,,,
0.4030294418334961,86799,278,,,,
0.3342796564102173,86849,278,,,,
0.42628952860832214,86899,278,,,,
0.42614009976387024,86949,278,,,,
0.4057070016860962,86999,278,,,,
,87047,278,0.855736255645752,0.8884000182151794,,
,87047,278,,,0.954800009727478,0.9036833643913269
0.33096787333488464,87049,279,,,,
0.29454305768013,87099,279,,,,
0.3923763930797577,87149,279,,,,
0.43716010451316833,87199,279,,,,
0.3499949276447296,87249,279,,,,
0.40140393376350403,87299,279,,,,
0.3601207733154297,87349,279,,,,
,87359,279,0.8497810363769531,0.8880000114440918,,
,87359,279,,,0.9545999765396118,0.9050605893135071
0.37374910712242126,87399,280,,,,
0.38026824593544006,87449,280,,,,
0.3185179829597473,87499,280,,,,
0.4170815348625183,87549,280,,,,
0.3264833688735962,87599,280,,,,
0.35433992743492126,87649,280,,,,
,87671,280,0.8463094830513,0.8892999887466431,,
,87671,280,,,0.9538999795913696,0.9049479365348816
0.3425059914588928,87699,281,,,,
0.33312487602233887,87749,281,,,,
0.2921741008758545,87799,281,,,,
0.3297390341758728,87849,281,,,,
0.3552132844924927,87899,281,,,,
0.3189029097557068,87949,281,,,,
,87983,281,0.8497169017791748,0.8881000280380249,,
,87983,281,,,0.9545999765396118,0.9052734375
0.36534273624420166,87999,282,,,,
0.3617810904979706,88049,282,,,,
0.3684121370315552,88099,282,,,,
0.33329999446868896,88149,282,,,,
0.3576253354549408,88199,282,,,,
0.38603365421295166,88249,282,,,,
,88295,282,0.85174560546875,0.8888999819755554,,
,88295,282,,,0.9537000060081482,0.9046474099159241
0.3966415524482727,88299,283,,,,
0.34550637006759644,88349,283,,,,
0.36733904480934143,88399,283,,,,
0.3581802546977997,88449,283,,,,
0.3403072655200958,88499,283,,,,
0.3558219075202942,88549,283,,,,
0.3558049201965332,88599,283,,,,
,88607,283,0.8492656946182251,0.8891000151634216,,
,88607,283,,,0.9553999900817871,0.9050355553627014
0.4214881658554077,88649,284,,,,
0.4052770435810089,88699,284,,,,
0.33125588297843933,88749,284,,,,
0.3547385632991791,88799,284,,,,
0.3651563227176666,88849,284,,,,
0.31340351700782776,88899,284,,,,
,88919,284,0.8551931381225586,0.8891000151634216,,
,88919,284,,,0.955299973487854,0.9045097231864929
0.3207075297832489,88949,285,,,,
0.3776305913925171,88999,285,,,,
0.4056135416030884,89049,285,,,,
0.38856396079063416,89099,285,,,,
0.3984377384185791,89149,285,,,,
0.36565497517585754,89199,285,,,,
,89231,285,0.8513382077217102,0.8891000151634216,,
,89231,285,,,0.9532999992370605,0.904710054397583
0.3508211076259613,89249,286,,,,
0.3545296788215637,89299,286,,,,
0.430611252784729,89349,286,,,,
0.3665558397769928,89399,286,,,,
0.3649776577949524,89449,286,,,,
0.4138346314430237,89499,286,,,,
,89543,286,0.8514346480369568,0.8881000280380249,,
,89543,286,,,0.9549000263214111,0.9049729704856873
0.389236181974411,89549,287,,,,
0.370505154132843,89599,287,,,,
0.4077792763710022,89649,287,,,,
0.3849881887435913,89699,287,,,,
0.3839510679244995,89749,287,,,,
0.37343931198120117,89799,287,,,,
0.32777753472328186,89849,287,,,,
,89855,287,0.8594725728034973,0.8878999948501587,,
,89855,287,,,0.95660001039505,0.90478515625
0.31941041350364685,89899,288,,,,
0.3880000114440918,89949,288,,,,
0.37537986040115356,89999,288,,,,
0.4080091714859009,90049,288,,,,
0.36898842453956604,90099,288,,,,
0.3941192626953125,90149,288,,,,
,90167,288,0.855670690536499,0.8885999917984009,,
,90167,288,,,0.9555000066757202,0.9047726392745972
0.3797980546951294,90199,289,,,,
0.4119407534599304,90249,289,,,,
0.42248448729515076,90299,289,,,,
0.37935978174209595,90349,289,,,,
0.41974568367004395,90399,289,,,,
0.33603060245513916,90449,289,,,,
,90479,289,0.8571611046791077,0.8892999887466431,,
,90479,289,,,0.9549000263214111,0.9051106572151184
0.3805138170719147,90499,290,,,,
0.36248308420181274,90549,290,,,,
0.3075670599937439,90599,290,,,,
0.3389134109020233,90649,290,,,,
0.469507098197937,90699,290,,,,
0.4007033705711365,90749,290,,,,
,90791,290,0.8555130958557129,0.8889999985694885,,
,90791,290,,,0.9556000232696533,0.9044346213340759
0.37876757979393005,90799,291,,,,
0.33161669969558716,90849,291,,,,
0.3782901465892792,90899,291,,,,
0.38000720739364624,90949,291,,,,
0.32158929109573364,90999,291,,,,
0.3381726145744324,91049,291,,,,
0.35853561758995056,91099,291,,,,
,91103,291,0.8519899249076843,0.8889999985694885,,
,91103,291,,,0.9546999931335449,0.9050355553627014
0.372198224067688,91149,292,,,,
0.4597167670726776,91199,292,,,,
0.40875959396362305,91249,292,,,,
0.38626042008399963,91299,292,,,,
0.34850046038627625,91349,292,,,,
0.34105589985847473,91399,292,,,,
,91415,292,0.8509982228279114,0.8888999819755554,,
,91415,292,,,0.9552000164985657,0.9051607847213745
0.3189420998096466,91449,293,,,,
0.34110355377197266,91499,293,,,,
0.3690004348754883,91549,293,,,,
0.3381574749946594,91599,293,,,,
0.4186303913593292,91649,293,,,,
0.35045182704925537,91699,293,,,,
,91727,293,0.8558844923973083,0.8895000219345093,,
,91727,293,,,0.9553999900817871,0.9054988026618958
0.3212239444255829,91749,294,,,,
0.4603685736656189,91799,294,,,,
0.3497890532016754,91849,294,,,,
0.348338782787323,91899,294,,,,
0.35457590222358704,91949,294,,,,
0.34714803099632263,91999,294,,,,
,92039,294,0.855907142162323,0.8895999789237976,,
,92039,294,,,0.9559000134468079,0.9056991338729858
0.4418712258338928,92049,295,,,,
0.38663697242736816,92099,295,,,,
0.3292023241519928,92149,295,,,,
0.4008616507053375,92199,295,,,,
0.43676263093948364,92249,295,,,,
0.37336423993110657,92299,295,,,,
0.34142255783081055,92349,295,,,,
,92351,295,0.8576920628547668,0.8892999887466431,,
,92351,295,,,0.9542999863624573,0.9052734375
0.4282163083553314,92399,296,,,,
0.3690878450870514,92449,296,,,,
0.42899924516677856,92499,296,,,,
0.35919588804244995,92549,296,,,,
0.38995400071144104,92599,296,,,,
0.3593180179595947,92649,296,,,,
,92663,296,0.855766773223877,0.8889999985694885,,
,92663,296,,,0.9541000127792358,0.9052609205245972
0.33835893869400024,92699,297,,,,
0.42710819840431213,92749,297,,,,
0.4481680393218994,92799,297,,,,
0.3357468545436859,92849,297,,,,
0.4138520359992981,92899,297,,,,
0.34645235538482666,92949,297,,,,
,92975,297,0.8541719913482666,0.8894000053405762,,
,92975,297,,,0.9549000263214111,0.905198335647583
0.4310438334941864,92999,298,,,,
0.4200723171234131,93049,298,,,,
0.3719194531440735,93099,298,,,,
0.284646213054657,93149,298,,,,
0.3827606737613678,93199,298,,,,
0.35532769560813904,93249,298,,,,
,93287,298,0.8545507788658142,0.8883000016212463,,
,93287,298,,,0.9549000263214111,0.9053360223770142
0.34731078147888184,93299,299,,,,
0.3368302583694458,93349,299,,,,
0.3761212229728699,93399,299,,,,
0.3471810817718506,93449,299,,,,
0.39094221591949463,93499,299,,,,
0.3709133565425873,93549,299,,,,
0.3487146496772766,93599,299,,,,
,93599,299,0.8559986352920532,0.8877999782562256,,
,93599,299,,,0.9552000164985657,0.9059495329856873
