step,train_loss,epoch,val_loss,val_acc,train_acc,test_acc
49,4.054961204528809,0,,,,
99,3.596996307373047,0,,,,
149,3.5036349296569824,0,,,,
199,3.2269504070281982,0,,,,
249,3.3500006198883057,0,,,,
299,3.0629472732543945,0,,,,
311,,0,1.5886449813842773,0.43799999356269836,,
311,,0,,,0.3134014308452606,0.45100000500679016
349,3.0527327060699463,1,,,,
399,3.0394184589385986,1,,,,
449,3.134140968322754,1,,,,
499,2.5549135208129883,1,,,,
549,2.264604330062866,1,,,,
599,2.4244630336761475,1,,,,
623,,1,1.3255137205123901,0.5439000129699707,,
623,,1,,,0.47508513927459717,0.5683000087738037
649,2.5865259170532227,2,,,,
699,2.4558656215667725,2,,,,
749,2.0078113079071045,2,,,,
799,2.337307929992676,2,,,,
849,2.127751588821411,2,,,,
899,2.392773389816284,2,,,,
935,,2,1.0881026983261108,0.6428999900817871,,
935,,2,,,0.5714768767356873,0.6704999804496765
949,2.184567451477051,3,,,,
999,2.2356019020080566,3,,,,
1049,1.9222862720489502,3,,,,
1099,2.1393322944641113,3,,,,
1149,2.221859931945801,3,,,,
1199,1.9853134155273438,3,,,,
1247,,3,0.9561071991920471,0.6868000030517578,,
1247,,3,,,0.6351537704467773,0.7195000052452087
1249,1.6193488836288452,4,,,,
1299,1.9175922870635986,4,,,,
1349,1.8090205192565918,4,,,,
1399,1.7808735370635986,4,,,,
1449,1.798802137374878,4,,,,
1499,1.6648471355438232,4,,,,
1549,2.2176425457000732,4,,,,
1559,,4,0.930624783039093,0.7026000022888184,,
1559,,4,,,0.6737655401229858,0.732699990272522
1599,2.058607816696167,5,,,,
1649,1.4838778972625732,5,,,,
1699,1.9242535829544067,5,,,,
1749,1.5804681777954102,5,,,,
1799,1.9156670570373535,5,,,,
1849,1.7710963487625122,5,,,,
1871,,5,0.8705763816833496,0.7245000004768372,,
1871,,5,,,0.7004206776618958,0.7523999810218811
1899,1.8740005493164062,6,,,,
1949,1.3937978744506836,6,,,,
1999,1.2895605564117432,6,,,,
2049,1.6753915548324585,6,,,,
2099,1.5107905864715576,6,,,,
2149,1.6878983974456787,6,,,,
2183,,6,0.8686820268630981,0.7049000263214111,,
2183,,6,,,0.7150190472602844,0.7353000044822693
2199,1.2843290567398071,7,,,,
2249,1.5917375087738037,7,,,,
2299,1.6116620302200317,7,,,,
2349,1.3754432201385498,7,,,,
2399,1.6288801431655884,7,,,,
2449,1.3720524311065674,7,,,,
2495,,7,0.8339158296585083,0.7524999976158142,,
2495,,7,,,0.7320838570594788,0.7894999980926514
2499,1.365718960762024,8,,,,
2549,1.4374393224716187,8,,,,
2599,1.3714054822921753,8,,,,
2649,1.2006652355194092,8,,,,
2699,1.52520751953125,8,,,,
2749,1.406753420829773,8,,,,
2799,1.270443320274353,8,,,,
2807,,8,0.7559950351715088,0.781000018119812,,
2807,,8,,,0.7417868375778198,0.8183000087738037
2849,1.2600386142730713,9,,,,
2899,1.396255612373352,9,,,,
2949,1.5439316034317017,9,,,,
2999,1.3670642375946045,9,,,,
3049,1.4200470447540283,9,,,,
3099,1.583701491355896,9,,,,
3119,,9,0.7666475176811218,0.7878000140190125,,
3119,,9,,,0.7558343410491943,0.8240000009536743
3149,1.2351868152618408,10,,,,
3199,1.5940730571746826,10,,,,
3249,1.42006254196167,10,,,,
3299,1.3730586767196655,10,,,,
3349,1.0436103343963623,10,,,,
3399,1.3276805877685547,10,,,,
3431,,10,0.7707719802856445,0.8029999732971191,,
3431,,10,,,0.7632962465286255,0.8457000255584717
3449,1.058301329612732,11,,,,
3499,1.2906256914138794,11,,,,
3549,1.3134421110153198,11,,,,
3599,1.2989625930786133,11,,,,
3649,1.5695997476577759,11,,,,
3699,1.215383768081665,11,,,,
3743,,11,0.8027792572975159,0.7883999943733215,,
3743,,11,,,0.7717598080635071,0.8205999732017517
3749,1.0747106075286865,12,,,,
3799,1.1021050214767456,12,,,,
3849,1.172218918800354,12,,,,
3899,0.8938960433006287,12,,,,
3949,1.3444079160690308,12,,,,
3999,1.4282695055007935,12,,,,
4049,1.1862338781356812,12,,,,
4055,,12,0.8541397452354431,0.7857000231742859,,
4055,,12,,,0.778245210647583,0.8314999938011169
4099,1.2362985610961914,13,,,,
4149,1.1546847820281982,13,,,,
4199,1.0124638080596924,13,,,,
4249,1.3456032276153564,13,,,,
4299,1.3744608163833618,13,,,,
4349,1.1043648719787598,13,,,,
4367,,13,0.8032607436180115,0.802299976348877,,
4367,,13,,,0.7818384170532227,0.8359000086784363
4399,0.9824273586273193,14,,,,
4449,1.2714014053344727,14,,,,
4499,1.2097954750061035,14,,,,
4549,0.9522601366043091,14,,,,
4599,1.1521433591842651,14,,,,
4649,1.0373632907867432,14,,,,
4679,,14,0.8318187594413757,0.816100001335144,,
4679,,14,,,0.7886868715286255,0.8610000014305115
4699,1.1517781019210815,15,,,,
4749,1.0753214359283447,15,,,,
4799,0.9586687088012695,15,,,,
4849,1.021268367767334,15,,,,
4899,1.302459955215454,15,,,,
4949,1.1308636665344238,15,,,,
4991,,15,0.9079654216766357,0.7935000061988831,,
4991,,15,,,0.7947716116905212,0.8306000232696533
4999,1.0188841819763184,16,,,,
5049,1.125319480895996,16,,,,
5099,1.2288503646850586,16,,,,
5149,1.0444068908691406,16,,,,
5199,1.09835946559906,16,,,,
5249,0.9021144509315491,16,,,,
5299,1.1017400026321411,16,,,,
5303,,16,0.7868889570236206,0.8233000040054321,,
5303,,16,,,0.7957732081413269,0.8761000037193298
5349,0.8813621997833252,17,,,,
5399,0.9261400699615479,17,,,,
5449,0.9364549517631531,17,,,,
5499,1.085410475730896,17,,,,
5549,0.8236207962036133,17,,,,
5599,1.0271931886672974,17,,,,
5615,,17,0.7914053797721863,0.8270999789237976,,
5615,,17,,,0.7999299168586731,0.8694999814033508
5649,1.1016688346862793,18,,,,
5699,0.8692609071731567,18,,,,
5749,1.0361919403076172,18,,,,
5799,0.904571533203125,18,,,,
5849,1.06036376953125,18,,,,
5899,1.0138124227523804,18,,,,
5927,,18,0.817194402217865,0.8234999775886536,,
5927,,18,,,0.8067783713340759,0.8623999953269958
5949,1.0219058990478516,19,,,,
5999,0.898277997970581,19,,,,
6049,0.9516288042068481,19,,,,
6099,0.97625732421875,19,,,,
6149,1.0604444742202759,19,,,,
6199,0.8677495718002319,19,,,,
6239,,19,0.8459157943725586,0.7998999953269958,,
6239,,19,,,0.8081930875778198,0.8393999934196472
6249,0.9815897941589355,20,,,,
6299,0.920479416847229,20,,,,
6349,1.04915452003479,20,,,,
6399,1.1562381982803345,20,,,,
6449,0.8853977918624878,20,,,,
6499,1.0378800630569458,20,,,,
6549,0.9002997875213623,20,,,,
6551,,20,0.9010539054870605,0.8274000287055969,,
6551,,20,,,0.8094701766967773,0.8680999875068665
6599,0.9473699331283569,21,,,,
6649,0.828738808631897,21,,,,
6699,0.8756709098815918,21,,,,
6749,0.7392373085021973,21,,,,
6799,1.0303754806518555,21,,,,
6849,0.7366105318069458,21,,,,
6863,,21,0.897217869758606,0.8119999766349792,,
6863,,21,,,0.8136393427848816,0.8540999889373779
6899,1.0615153312683105,22,,,,
6949,0.8683074712753296,22,,,,
6999,0.9071049690246582,22,,,,
7049,0.8948566317558289,22,,,,
7099,0.8191521763801575,22,,,,
7149,1.1372963190078735,22,,,,
7175,,22,0.8410205245018005,0.8327000141143799,,
7175,,22,,,0.8136143088340759,0.8751999735832214
7199,0.9860929250717163,23,,,,
7249,0.8142405152320862,23,,,,
7299,1.2135982513427734,23,,,,
7349,0.8428402543067932,23,,,,
7399,0.9027925729751587,23,,,,
7449,0.9458404779434204,23,,,,
7487,,23,0.8124297261238098,0.8414000272750854,,
7487,,23,,,0.8181465268135071,0.8942000269889832
7499,0.7807187438011169,24,,,,
7549,0.9992800951004028,24,,,,
7599,1.0204501152038574,24,,,,
7649,1.014570713043213,24,,,,
7699,0.8671261072158813,24,,,,
7749,0.8844233751296997,24,,,,
7799,0.939887523651123,24,,,,
7799,,24,0.8631758689880371,0.8357999920845032,,
7799,,24,,,0.8201246857643127,0.8877999782562256
7849,0.7417636513710022,25,,,,
7899,0.9533606171607971,25,,,,
7949,0.8000488877296448,25,,,,
7999,0.8076232075691223,25,,,,
8049,1.114798665046692,25,,,,
8099,0.8427958488464355,25,,,,
8111,,25,0.8497278094291687,0.8321999907493591,,
8111,,25,,,0.8222155570983887,0.8730000257492065
8149,0.8238956928253174,26,,,,
8199,0.8903758525848389,26,,,,
8249,0.8951143622398376,26,,,,
8299,0.6676706075668335,26,,,,
8349,0.828176736831665,26,,,,
8399,0.8045341372489929,26,,,,
8423,,26,0.8859902620315552,0.833899974822998,,
8423,,26,,,0.8234550356864929,0.8844000101089478
8449,1.0833008289337158,27,,,,
8499,0.8504370450973511,27,,,,
8549,0.8635627031326294,27,,,,
8599,0.9629643559455872,27,,,,
8649,0.9121454954147339,27,,,,
8699,0.8993397951126099,27,,,,
8735,,27,0.8550593852996826,0.8274000287055969,,
8735,,27,,,0.8264723420143127,0.8730000257492065
8749,0.9735833406448364,28,,,,
8799,0.9506169557571411,28,,,,
8849,1.0092225074768066,28,,,,
8899,0.8551576137542725,28,,,,
8949,0.6597610116004944,28,,,,
8999,0.9055494070053101,28,,,,
9047,,28,0.889141321182251,0.8445000052452087,,
9047,,28,,,0.8253580927848816,0.8930000066757202
9049,0.8467193841934204,29,,,,
9099,0.8652837872505188,29,,,,
9149,0.9818843603134155,29,,,,
9199,0.7681567668914795,29,,,,
9249,0.9142200946807861,29,,,,
9299,0.9256763458251953,29,,,,
9349,0.8753294348716736,29,,,,
9359,,29,0.8529950976371765,0.8357999920845032,,
9359,,29,,,0.8278620839118958,0.8813999891281128
9399,0.884245753288269,30,,,,
9449,0.8500463366508484,30,,,,
9499,0.6021304130554199,30,,,,
9549,0.8541488647460938,30,,,,
9599,0.7990970611572266,30,,,,
9649,0.7916173934936523,30,,,,
9671,,30,0.8058309555053711,0.842199981212616,,
9671,,30,,,0.8298652768135071,0.8930000066757202
9699,0.8313336372375488,31,,,,
9749,0.7430715560913086,31,,,,
9799,0.8946806192398071,31,,,,
9849,0.8935695886611938,31,,,,
9899,0.7838941216468811,31,,,,
9949,0.8722885847091675,31,,,,
9983,,31,0.8550110459327698,0.8446999788284302,,
9983,,31,,,0.8303034901618958,0.8952999711036682
9999,0.7282694578170776,32,,,,
10049,0.7848036289215088,32,,,,
10099,0.8509947657585144,32,,,,
10149,0.8361937999725342,32,,,,
10199,0.9408679604530334,32,,,,
10249,0.8567674160003662,32,,,,
10295,,32,0.8597074151039124,0.8367999792098999,,
10295,,32,,,0.8342598080635071,0.8877999782562256
10299,0.8443988561630249,33,,,,
10349,0.85978102684021,33,,,,
10399,0.7626605033874512,33,,,,
10449,0.8041412830352783,33,,,,
10499,0.8308494091033936,33,,,,
10549,0.8976017832756042,33,,,,
10599,0.8818026781082153,33,,,,
10607,,33,0.8494423031806946,0.8497999906539917,,
10607,,33,,,0.8332456946372986,0.8981999754905701
10649,0.9879409074783325,34,,,,
10699,0.8253135681152344,34,,,,
10749,0.9869916439056396,34,,,,
10799,1.0633299350738525,34,,,,
10849,0.76289963722229,34,,,,
10899,1.0368491411209106,34,,,,
10919,,34,0.7892745733261108,0.8511000275611877,,
10919,,34,,,0.834885835647583,0.9007999897003174
10949,0.7752412557601929,35,,,,
10999,0.8275619745254517,35,,,,
11049,0.8267884254455566,35,,,,
11099,0.6416066288948059,35,,,,
11149,0.7770510911941528,35,,,,
11199,0.8012881278991699,35,,,,
11231,,35,0.8338442444801331,0.8515999913215637,,
11231,,35,,,0.832444429397583,0.9024999737739563
11249,0.6695240139961243,36,,,,
11299,0.8559035062789917,36,,,,
11349,0.8252513408660889,36,,,,
11399,0.9331377148628235,36,,,,
11449,0.8340091109275818,36,,,,
11499,0.8371071815490723,36,,,,
11543,,36,0.9142364263534546,0.8428000211715698,,
11543,,36,,,0.8365510106086731,0.8924999833106995
11549,0.8641105890274048,37,,,,
11599,0.9604417681694031,37,,,,
11649,0.7837029695510864,37,,,,
11699,0.8282990455627441,37,,,,
11749,0.7216323018074036,37,,,,
11799,0.8010540008544922,37,,,,
11849,0.8857821822166443,37,,,,
11855,,37,0.9010230302810669,0.8496999740600586,,
11855,,37,,,0.83447265625,0.9031000137329102
11899,0.8618322610855103,38,,,,
11949,0.755946159362793,38,,,,
11999,0.7409487962722778,38,,,,
12049,0.8939101696014404,38,,,,
12099,0.7384932041168213,38,,,,
12149,0.9858787059783936,38,,,,
12167,,38,0.8873483538627625,0.8489999771118164,,
12167,,38,,,0.8377278447151184,0.9003999829292297
12199,0.7345172166824341,39,,,,
12249,0.8447796106338501,39,,,,
12299,0.8877108097076416,39,,,,
12349,0.8438771963119507,39,,,,
12399,0.9089850187301636,39,,,,
12449,0.8567612171173096,39,,,,
12479,,39,0.9883626103401184,0.842199981212616,,
12479,,39,,,0.8381910920143127,0.88919997215271
12499,0.8324897289276123,40,,,,
12549,0.6929766535758972,40,,,,
12599,1.0123240947723389,40,,,,
12649,0.7164880037307739,40,,,,
12699,0.8375753164291382,40,,,,
12749,0.7559367418289185,40,,,,
12791,,40,0.9200988411903381,0.8464000225067139,,
12791,,40,,,0.8390800356864929,0.895799994468689
12799,0.681877613067627,41,,,,
12849,0.7188596725463867,41,,,,
12899,0.84699547290802,41,,,,
12949,0.7383195161819458,41,,,,
12999,1.039912223815918,41,,,,
13049,0.8240197896957397,41,,,,
13099,0.7125737071037292,41,,,,
13103,,41,0.8615151643753052,0.858299970626831,,
13103,,41,,,0.8386418223381042,0.9103000164031982
13149,0.7640786170959473,42,,,,
13199,0.8280632495880127,42,,,,
13249,0.8488576412200928,42,,,,
13299,0.8305994272232056,42,,,,
13349,0.9557609558105469,42,,,,
13399,0.8457432985305786,42,,,,
13415,,42,0.9243841767311096,0.8513000011444092,,
13415,,42,,,0.838942289352417,0.8970000147819519
13449,0.7606766223907471,43,,,,
13499,0.8052362203598022,43,,,,
13549,0.8216384649276733,43,,,,
13599,0.930776834487915,43,,,,
13649,0.8246586322784424,43,,,,
13699,0.7230752110481262,43,,,,
13727,,43,0.9347885847091675,0.8389000296592712,,
13727,,43,,,0.8411959409713745,0.8845999836921692
13749,0.636440098285675,44,,,,
13799,1.0013223886489868,44,,,,
13849,0.7925244569778442,44,,,,
13899,0.7910543084144592,44,,,,
13949,0.7492807507514954,44,,,,
13999,0.9046478271484375,44,,,,
14039,,44,0.8658153414726257,0.8532999753952026,,
14039,,44,,,0.8413211107254028,0.9035000205039978
14049,0.7783464193344116,45,,,,
14099,0.8792439103126526,45,,,,
14149,0.754230260848999,45,,,,
14199,0.7296323776245117,45,,,,
14249,0.8895699381828308,45,,,,
14299,0.7811022400856018,45,,,,
14349,0.7629889249801636,45,,,,
14351,,45,0.948555588722229,0.8547000288963318,,
14351,,45,,,0.8427734375,0.9089999794960022
14399,0.7569806575775146,46,,,,
14449,0.8497588634490967,46,,,,
14499,0.8234781622886658,46,,,,
14549,0.7430758476257324,46,,,,
14599,0.8286560773849487,46,,,,
14649,0.7592462301254272,46,,,,
14663,,46,0.889298141002655,0.847100019454956,,
14663,,46,,,0.8414838910102844,0.895799994468689
14699,0.7069531679153442,47,,,,
14749,0.7778936624526978,47,,,,
14799,0.7077262997627258,47,,,,
14849,0.8041822910308838,47,,,,
14899,0.8931870460510254,47,,,,
14949,0.7320335507392883,47,,,,
14975,,47,0.9036415219306946,0.8554999828338623,,
14975,,47,,,0.8421725034713745,0.9089000225067139
14999,0.6894774436950684,48,,,,
15049,0.8427656888961792,48,,,,
15099,0.7865345478057861,48,,,,
15149,0.69733726978302,48,,,,
15199,0.8156471252441406,48,,,,
15249,0.6982874870300293,48,,,,
15287,,48,0.9252612590789795,0.8481000065803528,,
15287,,48,,,0.8448266983032227,0.9031000137329102
15299,0.6724915504455566,49,,,,
15349,0.8868485689163208,49,,,,
15399,0.7425331473350525,49,,,,
15449,0.7791775465011597,49,,,,
15499,0.7985199093818665,49,,,,
15549,0.8296405076980591,49,,,,
15599,0.7145477533340454,49,,,,
15599,,49,0.8863530158996582,0.8543000221252441,,
15599,,49,,,0.844163179397583,0.9118000268936157
15649,0.7027132511138916,50,,,,
15699,0.8571251630783081,50,,,,
15749,0.862011194229126,50,,,,
15799,0.9476519823074341,50,,,,
15849,0.7890437841415405,50,,,,
15899,0.607707679271698,50,,,,
15911,,50,0.9324908256530762,0.847000002861023,,
15911,,50,,,0.8447766304016113,0.8982999920845032
15949,0.8345578908920288,51,,,,
15999,0.8122000694274902,51,,,,
16049,0.6753647327423096,51,,,,
16099,0.8044390678405762,51,,,,
16149,0.7210768461227417,51,,,,
16199,0.6223886013031006,51,,,,
16223,,51,0.9302191138267517,0.8526999950408936,,
16223,,51,,,0.8449268937110901,0.9006999731063843
16249,0.813209056854248,52,,,,
16299,0.7879778146743774,52,,,,
16349,0.8320020437240601,52,,,,
16399,0.8453934192657471,52,,,,
16449,0.6810752153396606,52,,,,
16499,0.7479803562164307,52,,,,
16535,,52,0.9416482448577881,0.8522999882698059,,
16535,,52,,,0.8447515964508057,0.9057999849319458
16549,0.6912633180618286,53,,,,
16599,0.9947655200958252,53,,,,
16649,0.7629002332687378,53,,,,
16699,0.7632098197937012,53,,,,
16749,0.8328720331192017,53,,,,
16799,0.7097319960594177,53,,,,
16847,,53,0.9038882851600647,0.8514999747276306,,
16847,,53,,,0.8451898097991943,0.902400016784668
16849,0.8376436233520508,54,,,,
16899,0.7045528888702393,54,,,,
16949,0.6901720762252808,54,,,,
16999,0.7170584201812744,54,,,,
17049,0.8878802061080933,54,,,,
17099,0.7450181841850281,54,,,,
17149,0.8975620269775391,54,,,,
17159,,54,0.9586010575294495,0.8529000282287598,,
17159,,54,,,0.8465920686721802,0.9056000113487244
17199,0.7549260258674622,55,,,,
17249,0.541957437992096,55,,,,
17299,0.7113271355628967,55,,,,
17349,0.9402539730072021,55,,,,
17399,0.8284682035446167,55,,,,
17449,0.6380034685134888,55,,,,
17471,,55,0.9306215047836304,0.8611000180244446,,
17471,,55,,,0.8458784222602844,0.9150999784469604
17499,0.7206170558929443,56,,,,
17549,0.5330740809440613,56,,,,
17599,0.905450165271759,56,,,,
17649,0.8913700580596924,56,,,,
17699,0.6859264373779297,56,,,,
17749,0.6227158308029175,56,,,,
17783,,56,0.9031546115875244,0.8536999821662903,,
17783,,56,,,0.8471053838729858,0.9036999940872192
17799,0.8068663477897644,57,,,,
17849,1.0083657503128052,57,,,,
17899,0.6196170449256897,57,,,,
17949,0.9095808267593384,57,,,,
17999,0.8210080862045288,57,,,,
18049,0.8052701950073242,57,,,,
18095,,57,0.8602885603904724,0.855400025844574,,
18095,,57,,,0.8466296195983887,0.9083999991416931
18099,0.7614165544509888,58,,,,
18149,0.8846049308776855,58,,,,
18199,0.74199378490448,58,,,,
18249,0.6996325254440308,58,,,,
18299,0.7888170480728149,58,,,,
18349,0.8723894357681274,58,,,,
18399,0.7710121870040894,58,,,,
18407,,58,0.8875190615653992,0.858299970626831,,
18407,,58,,,0.8465169072151184,0.904699981212616
18449,0.8439151048660278,59,,,,
18499,0.8716890811920166,59,,,,
18549,0.7322009801864624,59,,,,
18599,0.6986082196235657,59,,,,
18649,0.6647171974182129,59,,,,
18699,0.8087043762207031,59,,,,
18719,,59,0.8489477634429932,0.8561999797821045,,
18719,,59,,,0.8474934697151184,0.9097999930381775
18749,0.8135477304458618,60,,,,
18799,0.7939784526824951,60,,,,
18849,0.923094630241394,60,,,,
18899,0.9660006761550903,60,,,,
18949,0.7530145645141602,60,,,,
18999,0.672487735748291,60,,,,
19031,,60,0.8568641543388367,0.852400004863739,,
19031,,60,,,0.8498597741127014,0.9114999771118164
19049,0.6612682342529297,61,,,,
19099,0.7893674373626709,61,,,,
19149,0.7444823980331421,61,,,,
19199,0.6567524671554565,61,,,,
19249,0.9311670064926147,61,,,,
19299,0.7860902547836304,61,,,,
19343,,61,0.8888591527938843,0.8561000227928162,,
19343,,61,,,0.8484575152397156,0.9089999794960022
19349,0.904797375202179,62,,,,
19399,0.8298945426940918,62,,,,
19449,0.7945297956466675,62,,,,
19499,0.8009350299835205,62,,,,
19549,0.6445804834365845,62,,,,
19599,0.7387452125549316,62,,,,
19649,0.8905898928642273,62,,,,
19655,,62,0.9154267311096191,0.8578000068664551,,
19655,,62,,,0.8497346043586731,0.9085000157356262
19699,0.9011202454566956,63,,,,
19749,0.7622109651565552,63,,,,
19799,0.8152481317520142,63,,,,
19849,0.8230853080749512,63,,,,
19899,0.7377254962921143,63,,,,
19949,0.7644354104995728,63,,,,
19967,,63,0.8814330101013184,0.855400025844574,,
19967,,63,,,0.8480193018913269,0.9049999713897705
19999,0.6474392414093018,64,,,,
20049,0.8039147853851318,64,,,,
20099,0.800998330116272,64,,,,
20149,0.7745373249053955,64,,,,
20199,0.8962520360946655,64,,,,
20249,0.7645990252494812,64,,,,
20279,,64,0.9075057506561279,0.8603000044822693,,
20279,,64,,,0.8483323454856873,0.9174000024795532
20299,0.7043980360031128,65,,,,
20349,0.6296011805534363,65,,,,
20399,0.8414621353149414,65,,,,
20449,0.7136194705963135,65,,,,
20499,0.8542520403862,65,,,,
20549,0.734992265701294,65,,,,
20591,,65,0.9123790264129639,0.8568000197410583,,
20591,,65,,,0.8511994481086731,0.9118000268936157
20599,0.7136202454566956,66,,,,
20649,0.7175861597061157,66,,,,
20699,0.8051723837852478,66,,,,
20749,0.7040866613388062,66,,,,
20799,0.813850998878479,66,,,,
20849,0.7851173877716064,66,,,,
20899,0.8470145463943481,66,,,,
20903,,66,0.8910703063011169,0.8593999743461609,,
20903,,66,,,0.8498597741127014,0.9125000238418579
20949,0.822060227394104,67,,,,
20999,0.8115834593772888,67,,,,
21049,0.8043510913848877,67,,,,
21099,0.5497129559516907,67,,,,
21149,0.7614387273788452,67,,,,
21199,0.851906955242157,67,,,,
21215,,67,0.8945805430412292,0.8571000099182129,,
21215,,67,,,0.8499223589897156,0.9103000164031982
21249,0.6461597681045532,68,,,,
21299,0.7010540962219238,68,,,,
21349,0.9763779640197754,68,,,,
21399,0.8582626581192017,68,,,,
21449,0.5928967595100403,68,,,,
21499,0.8868739604949951,68,,,,
21527,,68,0.8480401635169983,0.8605999946594238,,
21527,,68,,,0.8523762822151184,0.9124000072479248
21549,0.6914863586425781,69,,,,
21599,0.7661922574043274,69,,,,
21649,0.7841886281967163,69,,,,
21699,0.7390458583831787,69,,,,
21749,0.6771261692047119,69,,,,
21799,0.6126874685287476,69,,,,
21839,,69,0.9070064425468445,0.8565000295639038,,
21839,,69,,,0.850661039352417,0.9064000248908997
21849,0.5513898730278015,70,,,,
21899,0.867113471031189,70,,,,
21949,0.8203023672103882,70,,,,
21999,0.5997389554977417,70,,,,
22049,0.6464565992355347,70,,,,
22099,0.7446914911270142,70,,,,
22149,0.6899893283843994,70,,,,
22151,,70,0.8948197364807129,0.86080002784729,,
22151,,70,,,0.8515875339508057,0.9157000184059143
22199,0.859880805015564,71,,,,
22249,0.5989112854003906,71,,,,
22299,0.6537257432937622,71,,,,
22349,0.8299245238304138,71,,,,
22399,0.7864089012145996,71,,,,
22449,0.552074670791626,71,,,,
22463,,71,0.9379760026931763,0.8543000221252441,,
22463,,71,,,0.8513121008872986,0.9014999866485596
22499,0.7737811803817749,72,,,,
22549,0.7279475331306458,72,,,,
22599,0.7309743165969849,72,,,,
22649,0.7263709306716919,72,,,,
22699,0.7415679097175598,72,,,,
22749,0.7179116010665894,72,,,,
22775,,72,0.9256241321563721,0.8492000102996826,,
22775,,72,,,0.8509740829467773,0.9018999934196472
22799,0.6367000341415405,73,,,,
22849,0.645084798336029,73,,,,
22899,0.6784566640853882,73,,,,
22949,0.7567344307899475,73,,,,
22999,0.7515029907226562,73,,,,
23049,0.7006648778915405,73,,,,
23087,,73,0.8705288171768188,0.8568999767303467,,
23087,,73,,,0.8532026410102844,0.9053999781608582
23099,0.6596699953079224,74,,,,
23149,0.7071365714073181,74,,,,
23199,0.7376307249069214,74,,,,
23249,0.6185154914855957,74,,,,
23299,0.7039737701416016,74,,,,
23349,0.7663485407829285,74,,,,
23399,0.6165655851364136,74,,,,
23399,,74,0.9453539848327637,0.8510000109672546,,
23399,,74,,,0.8510992527008057,0.9050999879837036
23449,0.6011751890182495,75,,,,
23499,0.8206881284713745,75,,,,
23549,0.693353533744812,75,,,,
23599,0.8114471435546875,75,,,,
23649,0.5722641944885254,75,,,,
23699,0.69474858045578,75,,,,
23711,,75,0.9411085247993469,0.85589998960495,,
23711,,75,,,0.8540289402008057,0.9085000157356262
23749,0.536358118057251,76,,,,
23799,0.6657856106758118,76,,,,
23849,0.6761118173599243,76,,,,
23899,0.6368902921676636,76,,,,
23949,0.7434622049331665,76,,,,
23999,0.7514716982841492,76,,,,
24023,,76,0.9109081029891968,0.8615999817848206,,
24023,,76,,,0.8547425866127014,0.9136999845504761
24049,0.7699211835861206,77,,,,
24099,0.6730732321739197,77,,,,
24149,0.8384702801704407,77,,,,
24199,0.4753141403198242,77,,,,
24249,0.5931916236877441,77,,,,
24299,0.6926529407501221,77,,,,
24335,,77,0.9185733199119568,0.862500011920929,,
24335,,77,,,0.85302734375,0.9179999828338623
24349,0.6053867340087891,78,,,,
24399,0.713247537612915,78,,,,
24449,0.6984139680862427,78,,,,
24499,0.6303835511207581,78,,,,
24549,0.7347536087036133,78,,,,
24599,0.5899343490600586,78,,,,
24647,,78,0.8927037119865417,0.8586000204086304,,
24647,,78,,,0.853515625,0.9157999753952026
24649,0.57920241355896,79,,,,
24699,0.5679330825805664,79,,,,
24749,0.541845977306366,79,,,,
24799,0.7442749738693237,79,,,,
24849,0.7231223583221436,79,,,,
24899,0.6132307648658752,79,,,,
24949,0.7736302614212036,79,,,,
24959,,79,0.9015620350837708,0.8590999841690063,,
24959,,79,,,0.8552809357643127,0.9150000214576721
24999,0.6912276744842529,80,,,,
25049,0.5268014669418335,80,,,,
25099,0.6007997989654541,80,,,,
25149,0.6422170996665955,80,,,,
25199,1.0231668949127197,80,,,,
25249,0.5700232982635498,80,,,,
25271,,80,0.8822567462921143,0.8572999835014343,,
25271,,80,,,0.856032133102417,0.9120000004768372
25299,0.5482010841369629,81,,,,
25349,0.6676610112190247,81,,,,
25399,0.5691997408866882,81,,,,
25449,0.5855575799942017,81,,,,
25499,0.6150266528129578,81,,,,
25549,0.5963224768638611,81,,,,
25583,,81,0.9149217009544373,0.8619999885559082,,
25583,,81,,,0.8536533713340759,0.9190000295639038
25599,0.6956753730773926,82,,,,
25649,0.6052273511886597,82,,,,
25699,0.6101527810096741,82,,,,
25749,0.7415918111801147,82,,,,
25799,0.7356504201889038,82,,,,
25849,0.7544443011283875,82,,,,
25895,,82,1.0285803079605103,0.8407999873161316,,
25895,,82,,,0.8547801375389099,0.8978999853134155
25899,0.6583608984947205,83,,,,
25949,0.6689444184303284,83,,,,
25999,0.6775299906730652,83,,,,
26049,0.6703649759292603,83,,,,
26099,0.588802695274353,83,,,,
26149,0.7905349731445312,83,,,,
26199,0.675290584564209,83,,,,
26207,,83,0.9070447087287903,0.862500011920929,,
26207,,83,,,0.8564578294754028,0.9205999970436096
26249,0.7823396921157837,84,,,,
26299,0.6236622333526611,84,,,,
26349,0.7552495002746582,84,,,,
26399,0.7187533378601074,84,,,,
26449,0.6426719427108765,84,,,,
26499,0.7211110591888428,84,,,,
26519,,84,0.9155871272087097,0.862500011920929,,
26519,,84,,,0.8566456437110901,0.9144999980926514
26549,0.8092851638793945,85,,,,
26599,0.7285879850387573,85,,,,
26649,0.5890078544616699,85,,,,
26699,0.6122545003890991,85,,,,
26749,0.7000199556350708,85,,,,
26799,0.6818883419036865,85,,,,
26831,,85,0.9078586101531982,0.8507999777793884,,
26831,,85,,,0.8544045686721802,0.9021000266075134
26849,0.6617519855499268,86,,,,
26899,0.6368527412414551,86,,,,
26949,0.6509637832641602,86,,,,
26999,0.5933547019958496,86,,,,
27049,0.6744307279586792,86,,,,
27099,0.6772364974021912,86,,,,
27143,,86,0.9185978770256042,0.8636000156402588,,
27143,,86,,,0.8552433848381042,0.9200000166893005
27149,0.5260027050971985,87,,,,
27199,0.6875565052032471,87,,,,
27249,0.8624764680862427,87,,,,
27299,0.6173582673072815,87,,,,
27349,0.5853950381278992,87,,,,
27399,0.6431732773780823,87,,,,
27449,0.5199092626571655,87,,,,
27455,,87,0.8970427513122559,0.8664000034332275,,
27455,,87,,,0.8598006963729858,0.9283999800682068
27499,0.6028409600257874,88,,,,
27549,0.5476818680763245,88,,,,
27599,0.8188546299934387,88,,,,
27649,0.6516369581222534,88,,,,
27699,0.740206241607666,88,,,,
27749,0.6316898465156555,88,,,,
27767,,88,0.9144334197044373,0.8664000034332275,,
27767,,88,,,0.8583483695983887,0.9215999841690063
27799,0.5834241509437561,89,,,,
27849,0.6264859437942505,89,,,,
27899,0.5939099192619324,89,,,,
27949,0.6270378828048706,89,,,,
27999,0.5415328741073608,89,,,,
28049,0.6366737484931946,89,,,,
28079,,89,0.8674439191818237,0.8575000166893005,,
28079,,89,,,0.8565454483032227,0.911899983882904
28099,0.5218382477760315,90,,,,
28149,0.5492581725120544,90,,,,
28199,0.6023378372192383,90,,,,
28249,0.5501832962036133,90,,,,
28299,0.6114487648010254,90,,,,
28349,0.6828656792640686,90,,,,
28391,,90,0.8663454055786133,0.8652999997138977,,
28391,,90,,,0.8578225374221802,0.9240999817848206
28399,0.5557273626327515,91,,,,
28449,0.5989370942115784,91,,,,
28499,0.6389261484146118,91,,,,
28549,0.6206009387969971,91,,,,
28599,0.6789273619651794,91,,,,
28649,0.7211425304412842,91,,,,
28699,0.6024389266967773,91,,,,
28703,,91,1.0139104127883911,0.8555999994277954,,
28703,,91,,,0.8582356572151184,0.9140999913215637
28749,0.6691726446151733,92,,,,
28799,0.5143999457359314,92,,,,
28849,0.6515963077545166,92,,,,
28899,0.6281887292861938,92,,,,
28949,0.660711407661438,92,,,,
28999,0.6464495658874512,92,,,,
29015,,92,0.8747133016586304,0.8616999983787537,,
29015,,92,,,0.8596629500389099,0.9161999821662903
29049,0.589677095413208,93,,,,
29099,0.5891021490097046,93,,,,
29149,0.6628156900405884,93,,,,
29199,0.6481937766075134,93,,,,
29249,0.6266773343086243,93,,,,
29299,0.7612027525901794,93,,,,
29327,,93,0.8539544939994812,0.8707000017166138,,
29327,,93,,,0.8572215437889099,0.928600013256073
29349,0.6121753454208374,94,,,,
29399,0.7657783031463623,94,,,,
29449,0.7165558338165283,94,,,,
29499,0.6614217758178711,94,,,,
29549,0.628430962562561,94,,,,
29599,0.7274209260940552,94,,,,
29639,,94,0.9023973345756531,0.8629000186920166,,
29639,,94,,,0.8582857847213745,0.9240999817848206
29649,0.6114523410797119,95,,,,
29699,0.7105402946472168,95,,,,
29749,0.6129041314125061,95,,,,
29799,0.787655234336853,95,,,,
29849,0.6899075508117676,95,,,,
29899,0.5625773072242737,95,,,,
29949,0.7075270414352417,95,,,,
29951,,95,0.9235769510269165,0.8503999710083008,,
29951,,95,,,0.8589743375778198,0.9000999927520752
29999,0.494235634803772,96,,,,
30049,0.4741780757904053,96,,,,
30099,0.5220068097114563,96,,,,
30149,0.6448624134063721,96,,,,
30199,0.5719988942146301,96,,,,
30249,0.6415970325469971,96,,,,
30263,,96,0.9165796041488647,0.8655999898910522,,
30263,,96,,,0.8595878481864929,0.9161999821662903
30299,0.6768631935119629,97,,,,
30349,0.7528153657913208,97,,,,
30399,0.5401600003242493,97,,,,
30449,0.7158198356628418,97,,,,
30499,0.7602024078369141,97,,,,
30549,0.7694896459579468,97,,,,
30575,,97,0.9347191452980042,0.8637999892234802,,
30575,,97,,,0.8600636124610901,0.9304999709129333
30599,0.6364370584487915,98,,,,
30649,0.6314494609832764,98,,,,
30699,0.5611423254013062,98,,,,
30749,0.6975240707397461,98,,,,
30799,0.6223784685134888,98,,,,
30849,0.7111380100250244,98,,,,
30887,,98,0.9340807795524597,0.8657000064849854,,
30887,,98,,,0.8588241338729858,0.9221000075340271
30899,0.7183780074119568,99,,,,
30949,0.44532397389411926,99,,,,
30999,0.6209940910339355,99,,,,
31049,0.5756108164787292,99,,,,
31099,0.7566807866096497,99,,,,
31149,0.6295326948165894,99,,,,
31199,0.6667603254318237,99,,,,
31199,,99,1.0110653638839722,0.8471999764442444,,
31199,,99,,,0.8613656759262085,0.8945000171661377
31249,0.6360682249069214,100,,,,
31299,0.7197672724723816,100,,,,
31349,0.602751612663269,100,,,,
31399,0.6107158660888672,100,,,,
31449,0.7382066249847412,100,,,,
31499,0.7017642259597778,100,,,,
31511,,100,0.885159969329834,0.86080002784729,,
31511,,100,,,0.8607772588729858,0.916100025177002
31549,0.6670620441436768,101,,,,
31599,0.6950907707214355,101,,,,
31649,0.676332950592041,101,,,,
31699,0.5325895547866821,101,,,,
31749,0.6301866769790649,101,,,,
31799,0.5451701283454895,101,,,,
31823,,101,0.8896008729934692,0.8666999936103821,,
31823,,101,,,0.8615785241127014,0.9264000058174133
31849,0.4665161967277527,102,,,,
31899,0.6305264234542847,102,,,,
31949,0.6277679204940796,102,,,,
31999,0.6362842321395874,102,,,,
32049,0.7771886587142944,102,,,,
32099,0.5080514550209045,102,,,,
32135,,102,0.9335858225822449,0.8593999743461609,,
32135,,102,,,0.8615159392356873,0.916700005531311
32149,0.6573168039321899,103,,,,
32199,0.6330056190490723,103,,,,
32249,0.6026703715324402,103,,,,
32299,0.6482137441635132,103,,,,
32349,0.6102500557899475,103,,,,
32399,0.6294422745704651,103,,,,
32447,,103,0.8841395378112793,0.8672999739646912,,
32447,,103,,,0.8600260615348816,0.9236000180244446
32449,0.574428915977478,104,,,,
32499,0.7302771210670471,104,,,,
32549,0.5899593830108643,104,,,,
32599,0.5266314744949341,104,,,,
32649,0.6797666549682617,104,,,,
32699,0.476656973361969,104,,,,
32749,0.5952388048171997,104,,,,
32759,,104,0.8947303891181946,0.8662999868392944,,
32759,,104,,,0.8611152768135071,0.9243000149726868
32799,0.6287451982498169,105,,,,
32849,0.5817588567733765,105,,,,
32899,0.656038761138916,105,,,,
32949,0.6352555751800537,105,,,,
32999,0.5432294607162476,105,,,,
33049,0.6365242004394531,105,,,,
33071,,105,0.8972452878952026,0.8640999794006348,,
33071,,105,,,0.8596754670143127,0.9182999730110168
33099,0.5969182848930359,106,,,,
33149,0.582486093044281,106,,,,
33199,0.576647162437439,106,,,,
33249,0.5967611074447632,106,,,,
33299,0.5509539246559143,106,,,,
33349,0.6148059368133545,106,,,,
33383,,106,0.8990331292152405,0.8669000267982483,,
33383,,106,,,0.8623297214508057,0.925000011920929
33399,0.6484251022338867,107,,,,
33449,0.6091064810752869,107,,,,
33499,0.6639865636825562,107,,,,
33549,0.6292871832847595,107,,,,
33599,0.5772677659988403,107,,,,
33649,0.6482001543045044,107,,,,
33695,,107,0.9257696270942688,0.8654999732971191,,
33695,,107,,,0.8626301884651184,0.9261000156402588
33699,0.5903635621070862,108,,,,
33749,0.6348870396614075,108,,,,
33799,0.5409148931503296,108,,,,
33849,0.5854109525680542,108,,,,
33899,0.49442237615585327,108,,,,
33949,0.5846850872039795,108,,,,
33999,0.6552263498306274,108,,,,
34007,,108,0.8992108106613159,0.8654999732971191,,
34007,,108,,,0.8622170686721802,0.9243000149726868
34049,0.671649694442749,109,,,,
34099,0.49903160333633423,109,,,,
34149,0.5653456449508667,109,,,,
34199,0.4745215177536011,109,,,,
34249,0.5263626575469971,109,,,,
34299,0.6121744513511658,109,,,,
34319,,109,0.8906338810920715,0.8657000064849854,,
34319,,109,,,0.8628430366516113,0.9197999835014343
34349,0.532598078250885,110,,,,
34399,0.4395362138748169,110,,,,
34449,0.5520694255828857,110,,,,
34499,0.6096984148025513,110,,,,
34549,0.8079838752746582,110,,,,
34599,0.6373070478439331,110,,,,
34631,,110,0.9178227782249451,0.8654999732971191,,
34631,,110,,,0.8646459579467773,0.925599992275238
34649,0.5866200923919678,111,,,,
34699,0.6666961908340454,111,,,,
34749,0.6716795563697815,111,,,,
34799,0.7492523193359375,111,,,,
34849,0.6237053871154785,111,,,,
34899,0.6728179454803467,111,,,,
34943,,111,0.8852913975715637,0.8675000071525574,,
34943,,111,,,0.8629557490348816,0.9222000241279602
34949,0.7319751977920532,112,,,,
34999,0.7140526175498962,112,,,,
35049,0.5879184007644653,112,,,,
35099,0.5619667768478394,112,,,,
35149,0.5354666709899902,112,,,,
35199,0.5560913681983948,112,,,,
35249,0.7118433713912964,112,,,,
35255,,112,0.8883987069129944,0.8661999702453613,,
35255,,112,,,0.8632562160491943,0.9232000112533569
35299,0.4815540909767151,113,,,,
35349,0.6777911186218262,113,,,,
35399,0.6001484990119934,113,,,,
35449,0.5658518671989441,113,,,,
35499,0.4753156900405884,113,,,,
35549,0.567495584487915,113,,,,
35567,,113,0.888382613658905,0.8701000213623047,,
35567,,113,,,0.8647711277008057,0.9289000034332275
35599,0.686273455619812,114,,,,
35649,0.5881805419921875,114,,,,
35699,0.6682227849960327,114,,,,
35749,0.5987666845321655,114,,,,
35799,0.5265072584152222,114,,,,
35849,0.5705718398094177,114,,,,
35879,,114,0.9585979580879211,0.8669999837875366,,
35879,,114,,,0.8645707964897156,0.9284999966621399
35899,0.608559250831604,115,,,,
35949,0.5280907154083252,115,,,,
35999,0.6303393244743347,115,,,,
36049,0.61785888671875,115,,,,
36099,0.6180087924003601,115,,,,
36149,0.6712514162063599,115,,,,
36191,,115,0.8914493322372437,0.8702999949455261,,
36191,,115,,,0.8633688688278198,0.9297999739646912
36199,0.45846980810165405,116,,,,
36249,0.5485730171203613,116,,,,
36299,0.5197983980178833,116,,,,
36349,0.6485058069229126,116,,,,
36399,0.4996799826622009,116,,,,
36449,0.4825248718261719,116,,,,
36499,0.6952179670333862,116,,,,
36503,,116,0.874626636505127,0.866599977016449,,
36503,,116,,,0.8634690642356873,0.9229000210762024
36549,0.4944373667240143,117,,,,
36599,0.6752134561538696,117,,,,
36649,0.5391514897346497,117,,,,
36699,0.7443272471427917,117,,,,
36749,0.5975766181945801,117,,,,
36799,0.5701632499694824,117,,,,
36815,,117,0.9170264601707458,0.8661999702453613,,
36815,,117,,,0.8654722571372986,0.9246000051498413
36849,0.5888698101043701,118,,,,
36899,0.5059334635734558,118,,,,
36949,0.5774612426757812,118,,,,
36999,0.5346339344978333,118,,,,
37049,0.6913954019546509,118,,,,
37099,0.5353962182998657,118,,,,
37127,,118,0.9064173102378845,0.866100013256073,,
37127,,118,,,0.8658854365348816,0.9257000088691711
37149,0.7049111127853394,119,,,,
37199,0.6987075805664062,119,,,,
37249,0.5185588598251343,119,,,,
37299,0.5451012849807739,119,,,,
37349,0.4694487452507019,119,,,,
37399,0.7420092821121216,119,,,,
37439,,119,0.9471316337585449,0.8671000003814697,,
37439,,119,,,0.8655098080635071,0.9286999702453613
37449,0.5863387584686279,120,,,,
37499,0.5709573030471802,120,,,,
37549,0.6244790554046631,120,,,,
37599,0.4992440938949585,120,,,,
37649,0.7515841126441956,120,,,,
37699,0.5718560814857483,120,,,,
37749,0.6921351552009583,120,,,,
37751,,120,0.8850512504577637,0.8705999851226807,,
37751,,120,,,0.8662109375,0.9248999953269958
37799,0.5136467218399048,121,,,,
37849,0.5295106768608093,121,,,,
37899,0.5159052014350891,121,,,,
37949,0.5914813280105591,121,,,,
37999,0.5363718867301941,121,,,,
38049,0.664757251739502,121,,,,
38063,,121,0.9104239344596863,0.8673999905586243,,
38063,,121,,,0.8662234544754028,0.9282000064849854
38099,0.6283006072044373,122,,,,
38149,0.6588114500045776,122,,,,
38199,0.5739171504974365,122,,,,
38249,0.7631711363792419,122,,,,
38299,0.5105121731758118,122,,,,
38349,0.5700953006744385,122,,,,
38375,,122,0.9227756857872009,0.8650000095367432,,
38375,,122,,,0.8681014776229858,0.9204000234603882
38399,0.5306398868560791,123,,,,
38449,0.6109272241592407,123,,,,
38499,0.6655372381210327,123,,,,
38549,0.5223657488822937,123,,,,
38599,0.5583304166793823,123,,,,
38649,0.6072577834129333,123,,,,
38687,,123,0.8698201179504395,0.8743000030517578,,
38687,,123,,,0.8658729195594788,0.9341999888420105
38699,0.6822422742843628,124,,,,
38749,0.4558069109916687,124,,,,
38799,0.5239306688308716,124,,,,
38849,0.5453916788101196,124,,,,
38899,0.6004390716552734,124,,,,
38949,0.5580214262008667,124,,,,
38999,0.5496568083763123,124,,,,
38999,,124,0.9165939688682556,0.8669000267982483,,
38999,,124,,,0.8689528107643127,0.9308000206947327
39049,0.5842137336730957,125,,,,
39099,0.6421699523925781,125,,,,
39149,0.5442557334899902,125,,,,
39199,0.5349538326263428,125,,,,
39249,0.6408469676971436,125,,,,
39299,0.5194399356842041,125,,,,
39311,,125,0.8936927914619446,0.8705000281333923,,
39311,,125,,,0.8684269785881042,0.9332000017166138
39349,0.5733821392059326,126,,,,
39399,0.6418215036392212,126,,,,
39449,0.5556516647338867,126,,,,
39499,0.7072646617889404,126,,,,
39549,0.5739935636520386,126,,,,
39599,0.699118971824646,126,,,,
39623,,126,0.8864684700965881,0.8679999709129333,,
39623,,126,,,0.8667618036270142,0.9286999702453613
39649,0.5205411911010742,127,,,,
39699,0.5971224308013916,127,,,,
39749,0.497920960187912,127,,,,
39799,0.5443350076675415,127,,,,
39849,0.5662963390350342,127,,,,
39899,0.530966579914093,127,,,,
39935,,127,0.9004570245742798,0.8723000288009644,,
39935,,127,,,0.8690153956413269,0.932200014591217
39949,0.509157121181488,128,,,,
39999,0.5881249308586121,128,,,,
40049,0.5394900441169739,128,,,,
40099,0.4881344437599182,128,,,,
40149,0.6296557188034058,128,,,,
40199,0.43254172801971436,128,,,,
40247,,128,0.8826869130134583,0.8683000206947327,,
40247,,128,,,0.8687900900840759,0.9233999848365784
40249,0.49109095335006714,129,,,,
40299,0.47905105352401733,129,,,,
40349,0.6193288564682007,129,,,,
40399,0.5209662318229675,129,,,,
40449,0.5480450987815857,129,,,,
40499,0.5861570239067078,129,,,,
40549,0.6038128137588501,129,,,,
40559,,129,0.9283545613288879,0.866100013256073,,
40559,,129,,,0.8694160580635071,0.9271000027656555
40599,0.5033679604530334,130,,,,
40649,0.4916425347328186,130,,,,
40699,0.609630823135376,130,,,,
40749,0.6157609224319458,130,,,,
40799,0.5044770240783691,130,,,,
40849,0.426237016916275,130,,,,
40871,,130,0.8683225512504578,0.8737000226974487,,
40871,,130,,,0.868727445602417,0.9345999956130981
40899,0.6737995147705078,131,,,,
40949,0.6285538673400879,131,,,,
40999,0.5572986602783203,131,,,,
41049,0.557267963886261,131,,,,
41099,0.5949201583862305,131,,,,
41149,0.4820088744163513,131,,,,
41183,,131,0.9306452870368958,0.8680999875068665,,
41183,,131,,,0.8705178499221802,0.9287999868392944
41199,0.6042016744613647,132,,,,
41249,0.5843304395675659,132,,,,
41299,0.6028687953948975,132,,,,
41349,0.5969720482826233,132,,,,
41399,0.648952841758728,132,,,,
41449,0.7005652189254761,132,,,,
41495,,132,0.9191671013832092,0.8676000237464905,,
41495,,132,,,0.8688401579856873,0.9297999739646912
41499,0.6102414727210999,133,,,,
41549,0.46148189902305603,133,,,,
41599,0.5462920665740967,133,,,,
41649,0.47452354431152344,133,,,,
41699,0.6641029119491577,133,,,,
41749,0.5796904563903809,133,,,,
41799,0.47357285022735596,133,,,,
41807,,133,0.8764868378639221,0.8672999739646912,,
41807,,133,,,0.8691781759262085,0.9247000217437744
41849,0.5668330192565918,134,,,,
41899,0.5145386457443237,134,,,,
41949,0.4352031648159027,134,,,,
41999,0.5344948768615723,134,,,,
42049,0.5549618005752563,134,,,,
42099,0.6454470157623291,134,,,,
42119,,134,0.9117243885993958,0.8693000078201294,,
42119,,134,,,0.8712565302848816,0.9312999844551086
42149,0.547203004360199,135,,,,
42199,0.5694620609283447,135,,,,
42249,0.5855796337127686,135,,,,
42299,0.42549318075180054,135,,,,
42349,0.5155172944068909,135,,,,
42399,0.4723599851131439,135,,,,
42431,,135,0.9057397246360779,0.870199978351593,,
42431,,135,,,0.8702799677848816,0.9301999807357788
42449,0.5304208397865295,136,,,,
42499,0.4856051802635193,136,,,,
42549,0.6510206460952759,136,,,,
42599,0.5773531198501587,136,,,,
42649,0.6192505359649658,136,,,,
42699,0.5288903713226318,136,,,,
42743,,136,0.8811432719230652,0.8727999925613403,,
42743,,136,,,0.8715319633483887,0.933899998664856
42749,0.5930715203285217,137,,,,
42799,0.5837253332138062,137,,,,
42849,0.5643448829650879,137,,,,
42899,0.5131151080131531,137,,,,
42949,0.5448225736618042,137,,,,
42999,0.7377892136573792,137,,,,
43049,0.47489380836486816,137,,,,
43055,,137,0.9104428887367249,0.8748999834060669,,
43055,,137,,,0.8707432150840759,0.9323999881744385
43099,0.6241001486778259,138,,,,
43149,0.6422241926193237,138,,,,
43199,0.5354427099227905,138,,,,
43249,0.5168960094451904,138,,,,
43299,0.6110904216766357,138,,,,
43349,0.5299996137619019,138,,,,
43367,,138,0.9146673083305359,0.8762000203132629,,
43367,,138,,,0.8707056045532227,0.9368000030517578
43399,0.5950884819030762,139,,,,
43449,0.5231349468231201,139,,,,
43499,0.6004042625427246,139,,,,
43549,0.646081805229187,139,,,,
43599,0.7434093356132507,139,,,,
43649,0.528491735458374,139,,,,
43679,,139,0.9065736532211304,0.8705999851226807,,
43679,,139,,,0.8697541356086731,0.9282000064849854
43699,0.5333520770072937,140,,,,
43749,0.6107625365257263,140,,,,
43799,0.4008612334728241,140,,,,
43849,0.5892117023468018,140,,,,
43899,0.678081214427948,140,,,,
43949,0.5092997550964355,140,,,,
43991,,140,0.9499629139900208,0.8695999979972839,,
43991,,140,,,0.8700796365737915,0.927299976348877
43999,0.461895227432251,141,,,,
44049,0.5130457878112793,141,,,,
44099,0.5272324681282043,141,,,,
44149,0.556693434715271,141,,,,
44199,0.5959845781326294,141,,,,
44249,0.47674793004989624,141,,,,
44299,0.4664813280105591,141,,,,
44303,,141,0.9559288024902344,0.8662999868392944,,
44303,,141,,,0.8716195821762085,0.9312000274658203
44349,0.5404454469680786,142,,,,
44399,0.48642581701278687,142,,,,
44449,0.5617778301239014,142,,,,
44499,0.5611417889595032,142,,,,
44549,0.4482507109642029,142,,,,
44599,0.6396487951278687,142,,,,
44615,,142,0.9077695608139038,0.8718000054359436,,
44615,,142,,,0.8738731741905212,0.9309999942779541
44649,0.4882827401161194,143,,,,
44699,0.5815740823745728,143,,,,
44749,0.6223695874214172,143,,,,
44799,0.7308292984962463,143,,,,
44849,0.5224694013595581,143,,,,
44899,0.5237534046173096,143,,,,
44927,,143,0.8720890879631042,0.8725000023841858,,
44927,,143,,,0.8722330927848816,0.9301999807357788
44949,0.4984336495399475,144,,,,
44999,0.4661485552787781,144,,,,
45049,0.587730884552002,144,,,,
45099,0.6153817176818848,144,,,,
45149,0.4945133924484253,144,,,,
45199,0.5012459754943848,144,,,,
45239,,144,0.8979172110557556,0.8707000017166138,,
45239,,144,,,0.8731344938278198,0.9341999888420105
45249,0.39553558826446533,145,,,,
45299,0.41170835494995117,145,,,,
45349,0.6112658977508545,145,,,,
45399,0.6561745405197144,145,,,,
45449,0.44364380836486816,145,,,,
45499,0.5311684608459473,145,,,,
45549,0.45859718322753906,145,,,,
45551,,145,0.8797410130500793,0.8755999803543091,,
45551,,145,,,0.8730593919754028,0.9355999827384949
45599,0.5200292468070984,146,,,,
45649,0.45515280961990356,146,,,,
45699,0.4447455108165741,146,,,,
45749,0.5471561551094055,146,,,,
45799,0.5813137292861938,146,,,,
45849,0.45440495014190674,146,,,,
45863,,146,0.9164385795593262,0.8694000244140625,,
45863,,146,,,0.8727088570594788,0.9332000017166138
45899,0.5213051438331604,147,,,,
45949,0.6001280546188354,147,,,,
45999,0.527281641960144,147,,,,
46049,0.41081586480140686,147,,,,
46099,0.5355651378631592,147,,,,
46149,0.5547168254852295,147,,,,
46175,,147,0.8946588039398193,0.868399977684021,,
46175,,147,,,0.8736979365348816,0.9315999746322632
46199,0.62519371509552,148,,,,
46249,0.5120508670806885,148,,,,
46299,0.4923636317253113,148,,,,
46349,0.6158839464187622,148,,,,
46399,0.47914382815361023,148,,,,
46449,0.6663005352020264,148,,,,
46487,,148,0.9341907501220703,0.8763999938964844,,
46487,,148,,,0.8730343580245972,0.9370999932289124
46499,0.5545638799667358,149,,,,
46549,0.5254019498825073,149,,,,
46599,0.5449802875518799,149,,,,
46649,0.4924733638763428,149,,,,
46699,0.6460394859313965,149,,,,
46749,0.4483262598514557,149,,,,
46799,0.5481677651405334,149,,,,
46799,,149,0.8641566634178162,0.8741000294685364,,
46799,,149,,,0.8743239045143127,0.9293000102043152
46849,0.5739671587944031,150,,,,
46899,0.505289614200592,150,,,,
46949,0.43420642614364624,150,,,,
46999,0.5889488458633423,150,,,,
47049,0.619884729385376,150,,,,
47099,0.5021458864212036,150,,,,
47111,,150,0.8891408443450928,0.8733999729156494,,
47111,,150,,,0.8734976053237915,0.9291999936103821
47149,0.4829612970352173,151,,,,
47199,0.63737952709198,151,,,,
47249,0.5425191521644592,151,,,,
47299,0.5610034465789795,151,,,,
47349,0.44208329916000366,151,,,,
47399,0.5209611654281616,151,,,,
47423,,151,0.9129803776741028,0.8723000288009644,,
47423,,151,,,0.8752128481864929,0.9284999966621399
47449,0.5007728338241577,152,,,,
47499,0.6027500033378601,152,,,,
47549,0.430963933467865,152,,,,
47599,0.44989514350891113,152,,,,
47649,0.5395259261131287,152,,,,
47699,0.7436742782592773,152,,,,
47735,,152,0.913064181804657,0.8744999766349792,,
47735,,152,,,0.875075101852417,0.9316999912261963
47749,0.475371390581131,153,,,,
47799,0.49600520730018616,153,,,,
47849,0.550206184387207,153,,,,
47899,0.5311870574951172,153,,,,
47949,0.6040999293327332,153,,,,
47999,0.6088336110115051,153,,,,
48047,,153,0.8726057410240173,0.8752999901771545,,
48047,,153,,,0.875563383102417,0.935699999332428
48049,0.5555222630500793,154,,,,
48099,0.4704548418521881,154,,,,
48149,0.4950689375400543,154,,,,
48199,0.49795013666152954,154,,,,
48249,0.5557665228843689,154,,,,
48299,0.569277286529541,154,,,,
48349,0.5200065970420837,154,,,,
48359,,154,0.873400866985321,0.8755999803543091,,
48359,,154,,,0.8742488026618958,0.9337999820709229
48399,0.48977312445640564,155,,,,
48449,0.4629417061805725,155,,,,
48499,0.4580134153366089,155,,,,
48549,0.4505420923233032,155,,,,
48599,0.46217915415763855,155,,,,
48649,0.6275521516799927,155,,,,
48671,,155,0.9062218070030212,0.878000020980835,,
48671,,155,,,0.8774038553237915,0.9379000067710876
48699,0.4563150405883789,156,,,,
48749,0.5720826387405396,156,,,,
48799,0.5730942487716675,156,,,,
48849,0.488186240196228,156,,,,
48899,0.5419188737869263,156,,,,
48949,0.5039819478988647,156,,,,
48983,,156,0.9254897236824036,0.8747000098228455,,
48983,,156,,,0.8761393427848816,0.9347000122070312
48999,0.5878518223762512,157,,,,
49049,0.5036526322364807,157,,,,
49099,0.5466179251670837,157,,,,
49149,0.5097955465316772,157,,,,
49199,0.45887309312820435,157,,,,
49249,0.5260404944419861,157,,,,
49295,,157,0.9436272382736206,0.8707000017166138,,
49295,,157,,,0.8765023946762085,0.9325000047683716
49299,0.5318131446838379,158,,,,
49349,0.4922313094139099,158,,,,
49399,0.4332999587059021,158,,,,
49449,0.5853862762451172,158,,,,
49499,0.6560076475143433,158,,,,
49549,0.4845651388168335,158,,,,
49599,0.5253242254257202,158,,,,
49607,,158,0.8846842050552368,0.8747000098228455,,
49607,,158,,,0.8778170347213745,0.9366000294685364
49649,0.6177051067352295,159,,,,
49699,0.6195858120918274,159,,,,
49749,0.4970231056213379,159,,,,
49799,0.4825887084007263,159,,,,
49849,0.5866518020629883,159,,,,
49899,0.6734433174133301,159,,,,
49919,,159,0.8734198212623596,0.8747000098228455,,
49919,,159,,,0.8766526579856873,0.934499979019165
49949,0.4611263871192932,160,,,,
49999,0.5062565803527832,160,,,,
50049,0.4450797140598297,160,,,,
50099,0.49370718002319336,160,,,,
50149,0.5992236137390137,160,,,,
50199,0.5683661699295044,160,,,,
50231,,160,0.9385257959365845,0.8755000233650208,,
50231,,160,,,0.8770532608032227,0.9365000128746033
50249,0.36762818694114685,161,,,,
50299,0.4621904194355011,161,,,,
50349,0.5968415141105652,161,,,,
50399,0.5475088357925415,161,,,,
50449,0.46466264128685,161,,,,
50499,0.4479384124279022,161,,,,
50543,,161,0.9055810570716858,0.878600001335144,,
50543,,161,,,0.8772035241127014,0.9369999766349792
50549,0.46452295780181885,162,,,,
50599,0.47622150182724,162,,,,
50649,0.6593447923660278,162,,,,
50699,0.43311747908592224,162,,,,
50749,0.4970482885837555,162,,,,
50799,0.5411877632141113,162,,,,
50849,0.5184528231620789,162,,,,
50855,,162,0.8934549689292908,0.8711000084877014,,
50855,,162,,,0.8777418732643127,0.930899977684021
50899,0.49571070075035095,163,,,,
50949,0.4900140166282654,163,,,,
50999,0.5759817957878113,163,,,,
51049,0.5272393226623535,163,,,,
51099,0.5412521362304688,163,,,,
51149,0.5928922295570374,163,,,,
51167,,163,0.9634624719619751,0.867900013923645,,
51167,,163,,,0.8776417374610901,0.9337000250816345
51199,0.4480540156364441,164,,,,
51249,0.6182674765586853,164,,,,
51299,0.5278350114822388,164,,,,
51349,0.44519126415252686,164,,,,
51399,0.5055264234542847,164,,,,
51449,0.46625402569770813,164,,,,
51479,,164,0.9230079054832458,0.8755000233650208,,
51479,,164,,,0.8773412704467773,0.933899998664856
51499,0.4673033356666565,165,,,,
51549,0.6253789067268372,165,,,,
51599,0.5216724872589111,165,,,,
51649,0.6073763370513916,165,,,,
51699,0.4532245993614197,165,,,,
51749,0.49169936776161194,165,,,,
51791,,165,0.9060422778129578,0.8762000203132629,,
51791,,165,,,0.8782426714897156,0.9415000081062317
51799,0.4686814546585083,166,,,,
51849,0.45813846588134766,166,,,,
51899,0.45109447836875916,166,,,,
51949,0.5199400186538696,166,,,,
51999,0.5564618110656738,166,,,,
52049,0.5285172462463379,166,,,,
52099,0.4974251985549927,166,,,,
52103,,166,0.931015133857727,0.8727999925613403,,
52103,,166,,,0.8799328804016113,0.9372000098228455
52149,0.5903571844100952,167,,,,
52199,0.4870854914188385,167,,,,
52249,0.4894733428955078,167,,,,
52299,0.4901297688484192,167,,,,
52349,0.45552533864974976,167,,,,
52399,0.5494179725646973,167,,,,
52415,,167,0.9069401621818542,0.8733999729156494,,
52415,,167,,,0.8789312839508057,0.9325000047683716
52449,0.4497653841972351,168,,,,
52499,0.5378258228302002,168,,,,
52549,0.4842442274093628,168,,,,
52599,0.5557138919830322,168,,,,
52649,0.4770991802215576,168,,,,
52699,0.4956114888191223,168,,,,
52727,,168,0.8846662044525146,0.8719000220298767,,
52727,,168,,,0.8805338740348816,0.9376999735832214
52749,0.5261343717575073,169,,,,
52799,0.4374595284461975,169,,,,
52849,0.5197304487228394,169,,,,
52899,0.46434468030929565,169,,,,
52949,0.4668959975242615,169,,,,
52999,0.5759353637695312,169,,,,
53039,,169,0.8925409317016602,0.8791000247001648,,
53039,,169,,,0.8805463910102844,0.9429000020027161
53049,0.6494333744049072,170,,,,
53099,0.5151854753494263,170,,,,
53149,0.4810648560523987,170,,,,
53199,0.5940972566604614,170,,,,
53249,0.47435134649276733,170,,,,
53299,0.5202028751373291,170,,,,
53349,0.527137815952301,170,,,,
53351,,170,0.8851786851882935,0.8766000270843506,,
53351,,170,,,0.8808093070983887,0.9369000196456909
53399,0.4621909260749817,171,,,,
53449,0.5032007694244385,171,,,,
53499,0.5912905335426331,171,,,,
53549,0.5037218928337097,171,,,,
53599,0.6239616870880127,171,,,,
53649,0.4007980525493622,171,,,,
53663,,171,0.8956584930419922,0.878600001335144,,
53663,,171,,,0.8800330758094788,0.9375
53699,0.43787333369255066,172,,,,
53749,0.5274879932403564,172,,,,
53799,0.4138115644454956,172,,,,
53849,0.5785199403762817,172,,,,
53899,0.5144457817077637,172,,,,
53949,0.37680089473724365,172,,,,
53975,,172,0.8936787247657776,0.8784000277519226,,
53975,,172,,,0.8802834749221802,0.9401000142097473
53999,0.4457888603210449,173,,,,
54049,0.4475860297679901,173,,,,
54099,0.4044845700263977,173,,,,
54149,0.46416157484054565,173,,,,
54199,0.42860597372055054,173,,,,
54249,0.4168519973754883,173,,,,
54287,,173,0.9295923113822937,0.876800000667572,,
54287,,173,,,0.8817858695983887,0.9330999851226807
54299,0.46107369661331177,174,,,,
54349,0.5192513465881348,174,,,,
54399,0.4379844069480896,174,,,,
54449,0.442757248878479,174,,,,
54499,0.6121203899383545,174,,,,
54549,0.45052868127822876,174,,,,
54599,0.6690100431442261,174,,,,
54599,,174,0.9420716762542725,0.8758999705314636,,
54599,,174,,,0.8809094429016113,0.9412999749183655
54649,0.3913959562778473,175,,,,
54699,0.6201400756835938,175,,,,
54749,0.5204823017120361,175,,,,
54799,0.4412185549736023,175,,,,
54849,0.5287511348724365,175,,,,
54899,0.4190768599510193,175,,,,
54911,,175,0.8482162952423096,0.8743000030517578,,
54911,,175,,,0.8822115659713745,0.9384999871253967
54949,0.4123535454273224,176,,,,
54999,0.4661060571670532,176,,,,
55049,0.6161917448043823,176,,,,
55099,0.475313663482666,176,,,,
55149,0.5695210695266724,176,,,,
55199,0.43605971336364746,176,,,,
55223,,176,0.93094801902771,0.8737999796867371,,
55223,,176,,,0.8829377293586731,0.9379000067710876
55249,0.5639076232910156,177,,,,
55299,0.4617500305175781,177,,,,
55349,0.5208113193511963,177,,,,
55399,0.48821836709976196,177,,,,
55449,0.44613027572631836,177,,,,
55499,0.4499550461769104,177,,,,
55535,,177,0.8921493291854858,0.880299985408783,,
55535,,177,,,0.8833884000778198,0.9455999732017517
55549,0.5325168371200562,178,,,,
55599,0.5349464416503906,178,,,,
55649,0.5036137104034424,178,,,,
55699,0.602899432182312,178,,,,
55749,0.4761335849761963,178,,,,
55799,0.4166940748691559,178,,,,
55847,,178,0.8866883516311646,0.8777999877929688,,
55847,,178,,,0.8827749490737915,0.9416999816894531
55849,0.5738154053688049,179,,,,
55899,0.5044264793395996,179,,,,
55949,0.5286471843719482,179,,,,
55999,0.5686789155006409,179,,,,
56049,0.49619099497795105,179,,,,
56099,0.523138165473938,179,,,,
56149,0.42404937744140625,179,,,,
56159,,179,0.912423312664032,0.8773999810218811,,
56159,,179,,,0.8831755518913269,0.9434000253677368
56199,0.4158511757850647,180,,,,
56249,0.4474497437477112,180,,,,
56299,0.5236170291900635,180,,,,
56349,0.5413247346878052,180,,,,
56399,0.5253552198410034,180,,,,
56449,0.4429827034473419,180,,,,
56471,,180,0.9316718578338623,0.8738999962806702,,
56471,,180,,,0.8832006454467773,0.9412000179290771
56499,0.4097108542919159,181,,,,
56549,0.43189918994903564,181,,,,
56599,0.46587592363357544,181,,,,
56649,0.40285131335258484,181,,,,
56699,0.5004446506500244,181,,,,
56749,0.44119173288345337,181,,,,
56783,,181,0.9764205813407898,0.8736000061035156,,
56783,,181,,,0.8837765455245972,0.9398999810218811
56799,0.5270354747772217,182,,,,
56849,0.6968129277229309,182,,,,
56899,0.47491854429244995,182,,,,
56949,0.5974619388580322,182,,,,
56999,0.46385252475738525,182,,,,
57049,0.4253215193748474,182,,,,
57095,,182,0.8911226391792297,0.8737999796867371,,
57095,,182,,,0.8838266134262085,0.9366000294685364
57099,0.4349735677242279,183,,,,
57149,0.45147788524627686,183,,,,
57199,0.4452548027038574,183,,,,
57249,0.5703788995742798,183,,,,
57299,0.44649988412857056,183,,,,
57349,0.4835333228111267,183,,,,
57399,0.5541866421699524,183,,,,
57407,,183,0.8552594780921936,0.8773999810218811,,
57407,,183,,,0.8830754160881042,0.9386000037193298
57449,0.44493818283081055,184,,,,
57499,0.44710275530815125,184,,,,
57549,0.47073447704315186,184,,,,
57599,0.5069190263748169,184,,,,
57649,0.4618161916732788,184,,,,
57699,0.3811003565788269,184,,,,
57719,,184,0.9085766673088074,0.8799999952316284,,
57719,,184,,,0.8853039741516113,0.9404000043869019
57749,0.46850985288619995,185,,,,
57799,0.49893075227737427,185,,,,
57849,0.44058552384376526,185,,,,
57899,0.45776790380477905,185,,,,
57949,0.46333402395248413,185,,,,
57999,0.5817437767982483,185,,,,
58031,,185,0.9519968032836914,0.8784999847412109,,
58031,,185,,,0.8845903277397156,0.9399999976158142
58049,0.5115737318992615,186,,,,
58099,0.5049846768379211,186,,,,
58149,0.4839603900909424,186,,,,
58199,0.3739914894104004,186,,,,
58249,0.4705438017845154,186,,,,
58299,0.33732399344444275,186,,,,
58343,,186,0.8946170806884766,0.8787999749183655,,
58343,,186,,,0.8850035071372986,0.9444000124931335
58349,0.5121438503265381,187,,,,
58399,0.4713807702064514,187,,,,
58449,0.5126605033874512,187,,,,
58499,0.4368903636932373,187,,,,
58549,0.4650518000125885,187,,,,
58599,0.49779754877090454,187,,,,
58649,0.40221691131591797,187,,,,
58655,,187,0.871470034122467,0.8794000148773193,,
58655,,187,,,0.8849033713340759,0.942799985408783
58699,0.5282382965087891,188,,,,
58749,0.5204761028289795,188,,,,
58799,0.4225772023200989,188,,,,
58849,0.5157903432846069,188,,,,
58899,0.4719008803367615,188,,,,
58949,0.5203890204429626,188,,,,
58967,,188,0.8959517478942871,0.8799999952316284,,
58967,,188,,,0.8864307999610901,0.9386000037193298
58999,0.4911460876464844,189,,,,
59049,0.5351832509040833,189,,,,
59099,0.672937273979187,189,,,,
59149,0.49189841747283936,189,,,,
59199,0.5067687630653381,189,,,,
59249,0.5502094626426697,189,,,,
59279,,189,0.9036092758178711,0.880299985408783,,
59279,,189,,,0.8874073624610901,0.9456999897956848
59299,0.4415642321109772,190,,,,
59349,0.46160170435905457,190,,,,
59399,0.48626089096069336,190,,,,
59449,0.39642414450645447,190,,,,
59499,0.630122184753418,190,,,,
59549,0.4542301893234253,190,,,,
59591,,190,0.8709712028503418,0.8794000148773193,,
59591,,190,,,0.8862680196762085,0.942300021648407
59599,0.5085077881813049,191,,,,
59649,0.43915361166000366,191,,,,
59699,0.3533228039741516,191,,,,
59749,0.42984259128570557,191,,,,
59799,0.3630900979042053,191,,,,
59849,0.4562595784664154,191,,,,
59899,0.4744149148464203,191,,,,
59903,,191,0.8796423673629761,0.8798999786376953,,
59903,,191,,,0.8875200152397156,0.944599986076355
59949,0.3864957094192505,192,,,,
59999,0.4426890015602112,192,,,,
60049,0.4631078243255615,192,,,,
60099,0.5655496120452881,192,,,,
60149,0.5169798135757446,192,,,,
60199,0.40050849318504333,192,,,,
60215,,192,0.893825888633728,0.878000020980835,,
60215,,192,,,0.8862429857254028,0.9417999982833862
60249,0.4727800786495209,193,,,,
60299,0.5485498309135437,193,,,,
60349,0.459166944026947,193,,,,
60399,0.6432383060455322,193,,,,
60449,0.5126646757125854,193,,,,
60499,0.4177478551864624,193,,,,
60527,,193,0.9006597399711609,0.8808000087738037,,
60527,,193,,,0.8862805366516113,0.9444000124931335
60549,0.4428263008594513,194,,,,
60599,0.4572105407714844,194,,,,
60649,0.4356912076473236,194,,,,
60699,0.44617071747779846,194,,,,
60749,0.41444647312164307,194,,,,
60799,0.4369561970233917,194,,,,
60839,,194,0.9143117070198059,0.8801000118255615,,
60839,,194,,,0.8882211446762085,0.9420999884605408
60849,0.4570426046848297,195,,,,
60899,0.42813462018966675,195,,,,
60949,0.4876364469528198,195,,,,
60999,0.44642674922943115,195,,,,
61049,0.3735182285308838,195,,,,
61099,0.5528676509857178,195,,,,
61149,0.47060567140579224,195,,,,
61151,,195,0.8624905347824097,0.8815000057220459,,
61151,,195,,,0.886793851852417,0.9419999718666077
61199,0.38571885228157043,196,,,,
61249,0.41203784942626953,196,,,,
61299,0.49126148223876953,196,,,,
61349,0.42828112840652466,196,,,,
61399,0.5015062093734741,196,,,,
61449,0.38440805673599243,196,,,,
61463,,196,0.8930726647377014,0.8809000253677368,,
61463,,196,,,0.8883964419364929,0.9466999769210815
61499,0.507888674736023,197,,,,
61549,0.4385586380958557,197,,,,
61599,0.3691351115703583,197,,,,
61649,0.4163252115249634,197,,,,
61699,0.3992392420768738,197,,,,
61749,0.4354760944843292,197,,,,
61775,,197,0.8712692260742188,0.8798999786376953,,
61775,,197,,,0.8887094259262085,0.9459999799728394
61799,0.4618036150932312,198,,,,
61849,0.5818923711776733,198,,,,
61899,0.4524347186088562,198,,,,
61949,0.4115496575832367,198,,,,
61999,0.4574226140975952,198,,,,
62049,0.4137851595878601,198,,,,
62087,,198,0.882050096988678,0.8810999989509583,,
62087,,198,,,0.8882712125778198,0.9437999725341797
62099,0.48219186067581177,199,,,,
62149,0.4927530884742737,199,,,,
62199,0.4070693850517273,199,,,,
62249,0.4660802483558655,199,,,,
62299,0.5071780681610107,199,,,,
62349,0.43029773235321045,199,,,,
62399,0.3889651298522949,199,,,,
62399,,199,0.8851493000984192,0.8833000063896179,,
62399,,199,,,0.8890349268913269,0.9434000253677368
62449,0.4605550765991211,200,,,,
62499,0.5657626390457153,200,,,,
62549,0.6059771180152893,200,,,,
62599,0.47635796666145325,200,,,,
62649,0.43721067905426025,200,,,,
62699,0.5461257100105286,200,,,,
62711,,200,0.8825260996818542,0.8810999989509583,,
62711,,200,,,0.8896359205245972,0.9485999941825867
62749,0.54052734375,201,,,,
62799,0.6152229309082031,201,,,,
62849,0.43590879440307617,201,,,,
62899,0.5970449447631836,201,,,,
62949,0.5414762496948242,201,,,,
62999,0.4586668014526367,201,,,,
63023,,201,0.8616582751274109,0.880299985408783,,
63023,,201,,,0.8888471722602844,0.9430000185966492
63049,0.5095951557159424,202,,,,
63099,0.4288637042045593,202,,,,
63149,0.41187167167663574,202,,,,
63199,0.526498556137085,202,,,,
63249,0.43629804253578186,202,,,,
63299,0.4075748324394226,202,,,,
63335,,202,0.8966081738471985,0.8804000020027161,,
63335,,202,,,0.88916015625,0.9437000155448914
63349,0.5212496519088745,203,,,,
63399,0.5602322816848755,203,,,,
63449,0.40080034732818604,203,,,,
63499,0.3880326747894287,203,,,,
63549,0.46293962001800537,203,,,,
63599,0.44254374504089355,203,,,,
63647,,203,0.9009474515914917,0.8809999823570251,,
63647,,203,,,0.8907627463340759,0.9405999779701233
63649,0.5302351117134094,204,,,,
63699,0.4048556089401245,204,,,,
63749,0.5157467126846313,204,,,,
63799,0.475164532661438,204,,,,
63849,0.4263443350791931,204,,,,
63899,0.4979749321937561,204,,,,
63949,0.4367111325263977,204,,,,
63959,,204,0.859017550945282,0.8806999921798706,,
63959,,204,,,0.890061616897583,0.945900022983551
63999,0.4500442147254944,205,,,,
64049,0.4093915820121765,205,,,,
64099,0.4425842761993408,205,,,,
64149,0.47143876552581787,205,,,,
64199,0.4800013303756714,205,,,,
64249,0.43304961919784546,205,,,,
64271,,205,0.9086501002311707,0.8787999749183655,,
64271,,205,,,0.8910131454467773,0.9488999843597412
64299,0.33893582224845886,206,,,,
64349,0.40739136934280396,206,,,,
64399,0.5068759322166443,206,,,,
64449,0.4006272852420807,206,,,,
64499,0.4473901689052582,206,,,,
64549,0.44918113946914673,206,,,,
64583,,206,0.8623754978179932,0.8809999823570251,,
64583,,206,,,0.8908002972602844,0.9480999708175659
64599,0.32415851950645447,207,,,,
64649,0.43216145038604736,207,,,,
64699,0.45151734352111816,207,,,,
64749,0.44155359268188477,207,,,,
64799,0.47683006525039673,207,,,,
64849,0.4333776831626892,207,,,,
64895,,207,0.8858763575553894,0.8823999762535095,,
64895,,207,,,0.8910256624221802,0.9503999948501587
64899,0.5359086990356445,208,,,,
64949,0.4282137155532837,208,,,,
64999,0.5720620155334473,208,,,,
65049,0.3997281789779663,208,,,,
65099,0.4675798714160919,208,,,,
65149,0.4377959370613098,208,,,,
65199,0.5703667402267456,208,,,,
65207,,208,0.8711099624633789,0.8827000260353088,,
65207,,208,,,0.8908128142356873,0.9502999782562256
65249,0.5750844478607178,209,,,,
65299,0.38270434737205505,209,,,,
65349,0.48493731021881104,209,,,,
65399,0.4606221914291382,209,,,,
65449,0.42358648777008057,209,,,,
65499,0.4815645217895508,209,,,,
65519,,209,0.8908668160438538,0.8812999725341797,,
65519,,209,,,0.8906500339508057,0.9484999775886536
65549,0.4767236113548279,210,,,,
65599,0.39873069524765015,210,,,,
65649,0.38919299840927124,210,,,,
65699,0.4616737365722656,210,,,,
65749,0.4965636134147644,210,,,,
65799,0.4370145797729492,210,,,,
65831,,210,0.9056211709976196,0.8787999749183655,,
65831,,210,,,0.8924654722213745,0.9474999904632568
65849,0.5027400255203247,211,,,,
65899,0.39795026183128357,211,,,,
65949,0.47002995014190674,211,,,,
65999,0.4627363383769989,211,,,,
66049,0.4202103018760681,211,,,,
66099,0.4565885663032532,211,,,,
66143,,211,0.8906365036964417,0.8830999732017517,,
66143,,211,,,0.8922275900840759,0.9477999806404114
66149,0.41272521018981934,212,,,,
66199,0.4970736503601074,212,,,,
66249,0.4901439845561981,212,,,,
66299,0.37969261407852173,212,,,,
66349,0.4373965263366699,212,,,,
66399,0.45906609296798706,212,,,,
66449,0.5128899812698364,212,,,,
66455,,212,0.8823315501213074,0.8799999952316284,,
66455,,212,,,0.8921399116516113,0.9483000040054321
66499,0.4733583927154541,213,,,,
66549,0.38726019859313965,213,,,,
66599,0.3690453767776489,213,,,,
66649,0.4284727871417999,213,,,,
66699,0.48136889934539795,213,,,,
66749,0.5215619802474976,213,,,,
66767,,213,0.8563772439956665,0.8849999904632568,,
66767,,213,,,0.8932667374610901,0.9491999745368958
66799,0.4921145439147949,214,,,,
66849,0.4374949336051941,214,,,,
66899,0.393375039100647,214,,,,
66949,0.43802958726882935,214,,,,
66999,0.4185020327568054,214,,,,
67049,0.43549844622612,214,,,,
67079,,214,0.8866221904754639,0.8806999921798706,,
67079,,214,,,0.8923277258872986,0.946399986743927
67099,0.38595232367515564,215,,,,
67149,0.44618603587150574,215,,,,
67199,0.39871880412101746,215,,,,
67249,0.40079009532928467,215,,,,
67299,0.42040377855300903,215,,,,
67349,0.4686816930770874,215,,,,
67391,,215,0.8775801658630371,0.8812999725341797,,
67391,,215,,,0.892991304397583,0.9452999830245972
67399,0.5044097900390625,216,,,,
67449,0.4028596878051758,216,,,,
67499,0.49133139848709106,216,,,,
67549,0.4447208344936371,216,,,,
67599,0.4914332628250122,216,,,,
67649,0.4455863833427429,216,,,,
67699,0.47146472334861755,216,,,,
67703,,216,0.842915415763855,0.8833000063896179,,
67703,,216,,,0.8939553499221802,0.9470000267028809
67749,0.4585184156894684,217,,,,
67799,0.5101351141929626,217,,,,
67849,0.5051330924034119,217,,,,
67899,0.4838988184928894,217,,,,
67949,0.3835645914077759,217,,,,
67999,0.41688308119773865,217,,,,
68015,,217,0.8792580962181091,0.8837000131607056,,
68015,,217,,,0.8935046195983887,0.9466999769210815
68049,0.4111877977848053,218,,,,
68099,0.41157394647598267,218,,,,
68149,0.3590986728668213,218,,,,
68199,0.3980283737182617,218,,,,
68249,0.377962201833725,218,,,,
68299,0.39301684498786926,218,,,,
68327,,218,0.895922064781189,0.8809999823570251,,
68327,,218,,,0.8940179347991943,0.9474999904632568
68349,0.4446311593055725,219,,,,
68399,0.4746847152709961,219,,,,
68449,0.39477425813674927,219,,,,
68499,0.4535648822784424,219,,,,
68549,0.3728470504283905,219,,,,
68599,0.4510461091995239,219,,,,
68639,,219,0.8815723657608032,0.8809000253677368,,
68639,,219,,,0.8935171365737915,0.9474999904632568
68649,0.4196147918701172,220,,,,
68699,0.42104572057724,220,,,,
68749,0.47990748286247253,220,,,,
68799,0.4645165503025055,220,,,,
68849,0.582743227481842,220,,,,
68899,0.3962560296058655,220,,,,
68949,0.5078274607658386,220,,,,
68951,,220,0.8672378659248352,0.8824999928474426,,
68951,,220,,,0.8946439027786255,0.9470000267028809
68999,0.5524420142173767,221,,,,
69049,0.39298155903816223,221,,,,
69099,0.4244883060455322,221,,,,
69149,0.41885119676589966,221,,,,
69199,0.40999674797058105,221,,,,
69249,0.4476035237312317,221,,,,
69263,,221,0.8676338791847229,0.8866999745368958,,
69263,,221,,,0.8946439027786255,0.9488000273704529
69299,0.3957103490829468,222,,,,
69349,0.37526845932006836,222,,,,
69399,0.38123592734336853,222,,,,
69449,0.38755884766578674,222,,,,
69499,0.5364171862602234,222,,,,
69549,0.47176453471183777,222,,,,
69575,,222,0.893002450466156,0.8820000290870667,,
69575,,222,,,0.8951948285102844,0.9477999806404114
69599,0.5313215851783752,223,,,,
69649,0.3917357325553894,223,,,,
69699,0.5023820400238037,223,,,,
69749,0.4299553334712982,223,,,,
69799,0.39592063426971436,223,,,,
69849,0.35167744755744934,223,,,,
69887,,223,0.888220489025116,0.8827000260353088,,
69887,,223,,,0.8958583474159241,0.949400007724762
69899,0.39651939272880554,224,,,,
69949,0.4226992130279541,224,,,,
69999,0.4124385714530945,224,,,,
70049,0.3945361375808716,224,,,,
70099,0.35299015045166016,224,,,,
70149,0.4301571249961853,224,,,,
70199,0.3792773187160492,224,,,,
70199,,224,0.8659088611602783,0.8844000101089478,,
70199,,224,,,0.8961713910102844,0.9520000219345093
70249,0.36987102031707764,225,,,,
70299,0.42796215415000916,225,,,,
70349,0.40240323543548584,225,,,,
70399,0.3609323501586914,225,,,,
70449,0.4617360234260559,225,,,,
70499,0.36804884672164917,225,,,,
70511,,225,0.8612112998962402,0.8845000267028809,,
70511,,225,,,0.8962214589118958,0.9488999843597412
70549,0.37564024329185486,226,,,,
70599,0.4160994291305542,226,,,,
70649,0.5699995756149292,226,,,,
70699,0.40918195247650146,226,,,,
70749,0.4326333701610565,226,,,,
70799,0.4600287079811096,226,,,,
70823,,226,0.8636884689331055,0.8828999996185303,,
70823,,226,,,0.8965094089508057,0.9480000138282776
70849,0.44481584429740906,227,,,,
70899,0.35693103075027466,227,,,,
70949,0.4670189917087555,227,,,,
70999,0.3536183834075928,227,,,,
71049,0.34050220251083374,227,,,,
71099,0.42633527517318726,227,,,,
71135,,227,0.8439968824386597,0.8815000057220459,,
71135,,227,,,0.8959084749221802,0.946399986743927
71149,0.38147348165512085,228,,,,
71199,0.412025511264801,228,,,,
71249,0.45090025663375854,228,,,,
71299,0.42172619700431824,228,,,,
71349,0.4397376477718353,228,,,,
71399,0.4098741412162781,228,,,,
71447,,228,0.8775606155395508,0.883400022983551,,
71447,,228,,,0.8963717222213745,0.9495000243186951
71449,0.5393437147140503,229,,,,
71499,0.3992707133293152,229,,,,
71549,0.343927800655365,229,,,,
71599,0.4268795847892761,229,,,,
71649,0.410040944814682,229,,,,
71699,0.41928917169570923,229,,,,
71749,0.46749818325042725,229,,,,
71759,,229,0.8759341835975647,0.8845999836921692,,
71759,,229,,,0.8975861668586731,0.949999988079071
71799,0.43476787209510803,230,,,,
71849,0.33959996700286865,230,,,,
71899,0.392259418964386,230,,,,
71949,0.3598228096961975,230,,,,
71999,0.4968908727169037,230,,,,
72049,0.3740899860858917,230,,,,
72071,,230,0.8777866363525391,0.8831999897956848,,
72071,,230,,,0.8980618715286255,0.9502999782562256
72099,0.41874194145202637,231,,,,
72149,0.444584459066391,231,,,,
72199,0.3632233440876007,231,,,,
72249,0.4309092164039612,231,,,,
72299,0.4979262351989746,231,,,,
72349,0.43522271513938904,231,,,,
72383,,231,0.8647828102111816,0.8849999904632568,,
72383,,231,,,0.8970602750778198,0.953499972820282
72399,0.3827119767665863,232,,,,
72449,0.3978322744369507,232,,,,
72499,0.392680823802948,232,,,,
72549,0.3368605375289917,232,,,,
72599,0.45019519329071045,232,,,,
72649,0.5061663389205933,232,,,,
72695,,232,0.8767442107200623,0.8837000131607056,,
72695,,232,,,0.8972230553627014,0.9477999806404114
72699,0.420616090297699,233,,,,
72749,0.353058785200119,233,,,,
72799,0.4461071491241455,233,,,,
72849,0.4249095022678375,233,,,,
72899,0.4335244596004486,233,,,,
72949,0.3790506422519684,233,,,,
72999,0.44299906492233276,233,,,,
73007,,233,0.8586589694023132,0.8845999836921692,,
73007,,233,,,0.8986127972602844,0.9495999813079834
73049,0.40295690298080444,234,,,,
73099,0.3990923762321472,234,,,,
73149,0.43523144721984863,234,,,,
73199,0.36442816257476807,234,,,,
73249,0.365416556596756,234,,,,
73299,0.5211039781570435,234,,,,
73319,,234,0.8659550547599792,0.885200023651123,,
73319,,234,,,0.8980869650840759,0.9519000053405762
73349,0.4462747573852539,235,,,,
73399,0.39361050724983215,235,,,,
73449,0.394039124250412,235,,,,
73499,0.455629825592041,235,,,,
73549,0.44094860553741455,235,,,,
73599,0.3950914740562439,235,,,,
73631,,235,0.86214280128479,0.8835999965667725,,
73631,,235,,,0.8981245160102844,0.9495000243186951
73649,0.3548770546913147,236,,,,
73699,0.3602967858314514,236,,,,
73749,0.36275550723075867,236,,,,
73799,0.4124261140823364,236,,,,
73849,0.4091089963912964,236,,,,
73899,0.4553556442260742,236,,,,
73943,,236,0.8539948463439941,0.8841999769210815,,
73943,,236,,,0.8994265794754028,0.9531999826431274
73949,0.3690441846847534,237,,,,
73999,0.4453769326210022,237,,,,
74049,0.4074826240539551,237,,,,
74099,0.39024800062179565,237,,,,
74149,0.5039759874343872,237,,,,
74199,0.4346632957458496,237,,,,
74249,0.36843231320381165,237,,,,
74255,,237,0.8626275658607483,0.8827999830245972,,
74255,,237,,,0.8994265794754028,0.9523000121116638
74299,0.5090762972831726,238,,,,
74349,0.41160231828689575,238,,,,
74399,0.437683641910553,238,,,,
74449,0.45456448197364807,238,,,,
74499,0.44873046875,238,,,,
74549,0.39527976512908936,238,,,,
74567,,238,0.8606390357017517,0.8835999965667725,,
74567,,238,,,0.8980618715286255,0.9531999826431274
74599,0.49312102794647217,239,,,,
74649,0.4004760980606079,239,,,,
74699,0.3572605550289154,239,,,,
74749,0.3711096942424774,239,,,,
74799,0.33964046835899353,239,,,,
74849,0.36669087409973145,239,,,,
74879,,239,0.8792207837104797,0.8840000033378601,,
74879,,239,,,0.9001527428627014,0.951200008392334
74899,0.43470725417137146,240,,,,
74949,0.3766734302043915,240,,,,
74999,0.4159345030784607,240,,,,
75049,0.4213555157184601,240,,,,
75099,0.4778262972831726,240,,,,
75149,0.3823423385620117,240,,,,
75191,,240,0.8677226305007935,0.8853999972343445,,
75191,,240,,,0.9004782438278198,0.9509000182151794
75199,0.36631688475608826,241,,,,
75249,0.3604852259159088,241,,,,
75299,0.3981664478778839,241,,,,
75349,0.3616405129432678,241,,,,
75399,0.40023255348205566,241,,,,
75449,0.45251405239105225,241,,,,
75499,0.3996908962726593,241,,,,
75503,,241,0.8780661225318909,0.8837000131607056,,
75503,,241,,,0.8993890285491943,0.955299973487854
75549,0.3358687162399292,242,,,,
75599,0.40126028656959534,242,,,,
75649,0.3708968162536621,242,,,,
75699,0.39007678627967834,242,,,,
75749,0.43194106221199036,242,,,,
75799,0.3438420295715332,242,,,,
75815,,242,0.8787876963615417,0.8837000131607056,,
75815,,242,,,0.9001026749610901,0.9549000263214111
75849,0.4119504690170288,243,,,,
75899,0.4013817608356476,243,,,,
75949,0.31104668974876404,243,,,,
75999,0.3645595610141754,243,,,,
76049,0.40692687034606934,243,,,,
76099,0.39598536491394043,243,,,,
76127,,243,0.8773028254508972,0.8844000101089478,,
76127,,243,,,0.9005158543586731,0.9534000158309937
76149,0.3322921395301819,244,,,,
76199,0.37976354360580444,244,,,,
76249,0.4721280336380005,244,,,,
76299,0.34277117252349854,244,,,,
76349,0.3620748221874237,244,,,,
76399,0.35045963525772095,244,,,,
76439,,244,0.8566166758537292,0.8855000138282776,,
76439,,244,,,0.9002403616905212,0.9526000022888184
76449,0.3896462023258209,245,,,,
76499,0.4690645933151245,245,,,,
76549,0.3656272888183594,245,,,,
76599,0.3587430417537689,245,,,,
76649,0.3913745880126953,245,,,,
76699,0.4223460257053375,245,,,,
76749,0.3834249675273895,245,,,,
76751,,245,0.8628262877464294,0.8873000144958496,,
76751,,245,,,0.9013797044754028,0.9509999752044678
76799,0.4124416708946228,246,,,,
76849,0.3586046099662781,246,,,,
76899,0.344318687915802,246,,,,
76949,0.4199790358543396,246,,,,
76999,0.5082345604896545,246,,,,
77049,0.3507011830806732,246,,,,
77063,,246,0.8522228598594666,0.887499988079071,,
77063,,246,,,0.9015675187110901,0.9520000219345093
77099,0.42090845108032227,247,,,,
77149,0.3609594404697418,247,,,,
77199,0.41036731004714966,247,,,,
77249,0.3716185688972473,247,,,,
77299,0.4558083117008209,247,,,,
77349,0.36218076944351196,247,,,,
77375,,247,0.8749303817749023,0.8848999738693237,,
77375,,247,,,0.9004406929016113,0.9520999789237976
77399,0.37650734186172485,248,,,,
77449,0.3532610535621643,248,,,,
77499,0.3767777681350708,248,,,,
77549,0.3722075819969177,248,,,,
77599,0.401985228061676,248,,,,
77649,0.351966917514801,248,,,,
77687,,248,0.872568666934967,0.8841000199317932,,
77687,,248,,,0.9025190472602844,0.9524000287055969
77699,0.4228229522705078,249,,,,
77749,0.3507920205593109,249,,,,
77799,0.39096659421920776,249,,,,
77849,0.42147284746170044,249,,,,
77899,0.3652366101741791,249,,,,
77949,0.3800720274448395,249,,,,
77999,0.40629813075065613,249,,,,
77999,,249,0.8677889704704285,0.8852999806404114,,
77999,,249,,,0.9016676545143127,0.9524999856948853
78049,0.40635326504707336,250,,,,
78099,0.4038110375404358,250,,,,
78149,0.37351179122924805,250,,,,
78199,0.37408769130706787,250,,,,
78249,0.39774805307388306,250,,,,
78299,0.348665714263916,250,,,,
78311,,250,0.8700504899024963,0.8867999911308289,,
78311,,250,,,0.9015049338340759,0.9535999894142151
78349,0.302934467792511,251,,,,
78399,0.34769612550735474,251,,,,
78449,0.37623077630996704,251,,,,
78499,0.38786277174949646,251,,,,
78549,0.324215292930603,251,,,,
78599,0.411916583776474,251,,,,
78623,,251,0.8763965964317322,0.885200023651123,,
78623,,251,,,0.9014548063278198,0.9535999894142151
78649,0.3820949196815491,252,,,,
78699,0.36989039182662964,252,,,,
78749,0.35738641023635864,252,,,,
78799,0.3801049292087555,252,,,,
78849,0.3196192681789398,252,,,,
78899,0.333455890417099,252,,,,
78935,,252,0.870129406452179,0.8863000273704529,,
78935,,252,,,0.9014798402786255,0.9541000127792358
78949,0.3555041551589966,253,,,,
78999,0.3606151044368744,253,,,,
79049,0.3190029561519623,253,,,,
79099,0.3604867160320282,253,,,,
79149,0.3690832555294037,253,,,,
79199,0.30900436639785767,253,,,,
79247,,253,0.8500208258628845,0.8876000046730042,,
79247,,253,,,0.9026317000389099,0.951200008392334
79249,0.37519222497940063,254,,,,
79299,0.41617846488952637,254,,,,
79349,0.40063998103141785,254,,,,
79399,0.35296520590782166,254,,,,
79449,0.43391847610473633,254,,,,
79499,0.4020540118217468,254,,,,
79549,0.4202244281768799,254,,,,
79559,,254,0.8647578954696655,0.887499988079071,,
79559,,254,,,0.9016551375389099,0.9545000195503235
79599,0.420560359954834,255,,,,
79649,0.4378194212913513,255,,,,
79699,0.39429035782814026,255,,,,
79749,0.35044384002685547,255,,,,
79799,0.325650155544281,255,,,,
79849,0.41289040446281433,255,,,,
79871,,255,0.8607333302497864,0.8852999806404114,,
79871,,255,,,0.9025565981864929,0.9526000022888184
79899,0.43837660551071167,256,,,,
79949,0.4969339072704315,256,,,,
79999,0.32161906361579895,256,,,,
80049,0.3642551898956299,256,,,,
80099,0.38981643319129944,256,,,,
80149,0.4714760184288025,256,,,,
80183,,256,0.856410562992096,0.8878999948501587,,
80183,,256,,,0.9021809697151184,0.953000009059906
80199,0.4346858561038971,257,,,,
80249,0.4740215539932251,257,,,,
80299,0.41340285539627075,257,,,,
80349,0.3213845193386078,257,,,,
80399,0.3445519208908081,257,,,,
80449,0.3215163052082062,257,,,,
80495,,257,0.8533707857131958,0.8866000175476074,,
80495,,257,,,0.9019806981086731,0.9545999765396118
80499,0.39268869161605835,258,,,,
80549,0.36822789907455444,258,,,,
80599,0.3899304270744324,258,,,,
80649,0.390896737575531,258,,,,
80699,0.3687731623649597,258,,,,
80749,0.4741783142089844,258,,,,
80799,0.34760093688964844,258,,,,
80807,,258,0.8492687344551086,0.8863000273704529,,
80807,,258,,,0.9033703804016113,0.954800009727478
80849,0.41181325912475586,259,,,,
80899,0.3948422372341156,259,,,,
80949,0.3947838842868805,259,,,,
80999,0.3591727316379547,259,,,,
81049,0.4037471115589142,259,,,,
81099,0.3370283246040344,259,,,,
81119,,259,0.8578513860702515,0.8863999843597412,,
81119,,259,,,0.9023687839508057,0.954200029373169
81149,0.36239489912986755,260,,,,
81199,0.3124558627605438,260,,,,
81249,0.3686707317829132,260,,,,
81299,0.30132895708084106,260,,,,
81349,0.29505646228790283,260,,,,
81399,0.47809094190597534,260,,,,
81431,,260,0.867530882358551,0.8863000273704529,,
81431,,260,,,0.9025440812110901,0.9524000287055969
81449,0.37356555461883545,261,,,,
81499,0.35067909955978394,261,,,,
81549,0.35513970255851746,261,,,,
81599,0.3510437309741974,261,,,,
81649,0.34095948934555054,261,,,,
81699,0.3133738040924072,261,,,,
81743,,261,0.8741034269332886,0.8862000107765198,,
81743,,261,,,0.9036708474159241,0.9545000195503235
81749,0.40964475274086,262,,,,
81799,0.36826440691947937,262,,,,
81849,0.35296863317489624,262,,,,
81899,0.3826095163822174,262,,,,
81949,0.4511112570762634,262,,,,
81999,0.4192242920398712,262,,,,
82049,0.3952435255050659,262,,,,
82055,,262,0.8539698123931885,0.8881000280380249,,
82055,,262,,,0.9036833643913269,0.9549999833106995
82099,0.45233261585235596,263,,,,
82149,0.3691765367984772,263,,,,
82199,0.4189833402633667,263,,,,
82249,0.43096792697906494,263,,,,
82299,0.3483024835586548,263,,,,
82349,0.3760046362876892,263,,,,
82367,,263,0.8623449206352234,0.8876000046730042,,
82367,,263,,,0.9034956097602844,0.954800009727478
82399,0.4140813946723938,264,,,,
82449,0.35356321930885315,264,,,,
82499,0.3441208004951477,264,,,,
82549,0.33872342109680176,264,,,,
82599,0.3295809030532837,264,,,,
82649,0.4265078604221344,264,,,,
82679,,264,0.8659909963607788,0.8870999813079834,,
82679,,264,,,0.903395414352417,0.9526000022888184
82699,0.3613238036632538,265,,,,
82749,0.35140007734298706,265,,,,
82799,0.39204326272010803,265,,,,
82849,0.3194138705730438,265,,,,
82899,0.3840542435646057,265,,,,
82949,0.3872130215167999,265,,,,
82991,,265,0.8651728630065918,0.8873000144958496,,
82991,,265,,,0.9037585258483887,0.9545000195503235
82999,0.43098780512809753,266,,,,
83049,0.3448338806629181,266,,,,
83099,0.33642441034317017,266,,,,
83149,0.4062386453151703,266,,,,
83199,0.3303437829017639,266,,,,
83249,0.34154218435287476,266,,,,
83299,0.3195931911468506,266,,,,
83303,,266,0.8605052828788757,0.8867999911308289,,
83303,,266,,,0.9047476053237915,0.9527999758720398
83349,0.35858798027038574,267,,,,
83399,0.4544442296028137,267,,,,
83449,0.3105108141899109,267,,,,
83499,0.3743976354598999,267,,,,
83549,0.4244837462902069,267,,,,
83599,0.3515384793281555,267,,,,
83615,,267,0.8597998023033142,0.887499988079071,,
83615,,267,,,0.9035581946372986,0.9527000188827515
83649,0.36833512783050537,268,,,,
83699,0.35207802057266235,268,,,,
83749,0.37193599343299866,268,,,,
83799,0.4319062829017639,268,,,,
83849,0.3374219834804535,268,,,,
83899,0.3285779356956482,268,,,,
83927,,268,0.8462541699409485,0.8877999782562256,,
83927,,268,,,0.9039964079856873,0.9550999999046326
83949,0.3843897581100464,269,,,,
83999,0.3204215168952942,269,,,,
84049,0.35940611362457275,269,,,,
84099,0.38514244556427,269,,,,
84149,0.38001617789268494,269,,,,
84199,0.3298143744468689,269,,,,
84239,,269,0.8486967086791992,0.887499988079071,,
84239,,269,,,0.9044221043586731,0.9549000263214111
84249,0.330998957157135,270,,,,
84299,0.4059273302555084,270,,,,
84349,0.3345438838005066,270,,,,
84399,0.36388951539993286,270,,,,
84449,0.35236990451812744,270,,,,
84499,0.4082908034324646,270,,,,
84549,0.31392714381217957,270,,,,
84551,,270,0.8569245338439941,0.8871999979019165,,
84551,,270,,,0.9048227071762085,0.9549000263214111
84599,0.4344644248485565,271,,,,
84649,0.3262968361377716,271,,,,
84699,0.2978282868862152,271,,,,
84749,0.38720816373825073,271,,,,
84799,0.37946179509162903,271,,,,
84849,0.349753201007843,271,,,,
84863,,271,0.863514244556427,0.8881000280380249,,
84863,,271,,,0.9044221043586731,0.9569000005722046
84899,0.34333688020706177,272,,,,
84949,0.2990790009498596,272,,,,
84999,0.3450910449028015,272,,,,
85049,0.38628309965133667,272,,,,
85099,0.42992907762527466,272,,,,
85149,0.3353264629840851,272,,,,
85175,,272,0.854903519153595,0.8873000144958496,,
85175,,272,,,0.9043594598770142,0.9549000263214111
85199,0.3804970681667328,273,,,,
85249,0.36673614382743835,273,,,,
85299,0.37162643671035767,273,,,,
85349,0.34584808349609375,273,,,,
85399,0.30895712971687317,273,,,,
85449,0.34416449069976807,273,,,,
85487,,273,0.8589367866516113,0.8877999782562256,,
85487,,273,,,0.9050856232643127,0.9552000164985657
85499,0.4130202829837799,274,,,,
85549,0.3580097556114197,274,,,,
85599,0.32069313526153564,274,,,,
85649,0.3101467490196228,274,,,,
85699,0.3404006361961365,274,,,,
85749,0.3972981870174408,274,,,,
85799,0.32086876034736633,274,,,,
85799,,274,0.8521194458007812,0.888700008392334,,
85799,,274,,,0.9040339589118958,0.9557999968528748
85849,0.3241071403026581,275,,,,
85899,0.43162858486175537,275,,,,
85949,0.46411368250846863,275,,,,
85999,0.3792687952518463,275,,,,
86049,0.4505122900009155,275,,,,
86099,0.32761842012405396,275,,,,
86111,,275,0.8589691519737244,0.8881999850273132,,
86111,,275,,,0.9045848250389099,0.9556999802589417
86149,0.3458526134490967,276,,,,
86199,0.3823927044868469,276,,,,
86249,0.33107152581214905,276,,,,
86299,0.4031646251678467,276,,,,
86349,0.38736656308174133,276,,,,
86399,0.4348286986351013,276,,,,
86423,,276,0.8583055734634399,0.8877000212669373,,
86423,,276,,,0.9053235054016113,0.953499972820282
86449,0.3153340816497803,277,,,,
86499,0.3663668632507324,277,,,,
86549,0.3115558624267578,277,,,,
86599,0.3544073700904846,277,,,,
86649,0.36263424158096313,277,,,,
86699,0.3445533812046051,277,,,,
86735,,277,0.8528316617012024,0.8881999850273132,,
86735,,277,,,0.9041967391967773,0.955299973487854
86749,0.4478158950805664,278,,,,
86799,0.33386680483818054,278,,,,
86849,0.40595078468322754,278,,,,
86899,0.4175172746181488,278,,,,
86949,0.34462302923202515,278,,,,
86999,0.3101203441619873,278,,,,
87047,,278,0.8565348386764526,0.8878999948501587,,
87047,,278,,,0.9050981402397156,0.9562000036239624
87049,0.3854762613773346,279,,,,
87099,0.4229709208011627,279,,,,
87149,0.33990567922592163,279,,,,
87199,0.472984254360199,279,,,,
87249,0.3667786419391632,279,,,,
87299,0.3467833399772644,279,,,,
87349,0.3788837790489197,279,,,,
87359,,279,0.8560223579406738,0.8880000114440918,,
87359,,279,,,0.9052609205245972,0.9573000073432922
87399,0.33500123023986816,280,,,,
87449,0.3553578853607178,280,,,,
87499,0.31843721866607666,280,,,,
87549,0.31525561213493347,280,,,,
87599,0.3583627939224243,280,,,,
87649,0.3086788058280945,280,,,,
87671,,280,0.8434783220291138,0.8880000114440918,,
87671,,280,,,0.90576171875,0.9555000066757202
87699,0.36133772134780884,281,,,,
87749,0.34600088000297546,281,,,,
87799,0.3623431921005249,281,,,,
87849,0.36037129163742065,281,,,,
87899,0.3324516713619232,281,,,,
87949,0.3232155740261078,281,,,,
87983,,281,0.8517662286758423,0.8884000182151794,,
87983,,281,,,0.9053860902786255,0.9563999772071838
87999,0.3370225727558136,282,,,,
88049,0.3723065257072449,282,,,,
88099,0.3900931775569916,282,,,,
88149,0.35451632738113403,282,,,,
88199,0.3415539860725403,282,,,,
88249,0.3747412860393524,282,,,,
88295,,282,0.8530689477920532,0.8883000016212463,,
88295,,282,,,0.9055739045143127,0.9560999870300293
88299,0.36715924739837646,283,,,,
88349,0.3605523109436035,283,,,,
88399,0.35095134377479553,283,,,,
88449,0.34368664026260376,283,,,,
88499,0.36255353689193726,283,,,,
88549,0.3766371011734009,283,,,,
88599,0.3916052579879761,283,,,,
88607,,283,0.849925696849823,0.8880000114440918,,
88607,,283,,,0.9058243036270142,0.9574999809265137
88649,0.38667720556259155,284,,,,
88699,0.3930619955062866,284,,,,
88749,0.4141647219657898,284,,,,
88799,0.3400188982486725,284,,,,
88849,0.3495066165924072,284,,,,
88899,0.3538314402103424,284,,,,
88919,,284,0.8535465002059937,0.8873000144958496,,
88919,,284,,,0.9057116508483887,0.9577000141143799
88949,0.3690100610256195,285,,,,
88999,0.392769992351532,285,,,,
89049,0.29954493045806885,285,,,,
89099,0.41979971528053284,285,,,,
89149,0.3378860354423523,285,,,,
89199,0.29631534218788147,285,,,,
89231,,285,0.8510326147079468,0.8884999752044678,,
89231,,285,,,0.9052734375,0.95660001039505
89249,0.4095396101474762,286,,,,
89299,0.3058430254459381,286,,,,
89349,0.2915119230747223,286,,,,
89399,0.3064396381378174,286,,,,
89449,0.33685794472694397,286,,,,
89499,0.35946324467658997,286,,,,
89543,,286,0.8451299667358398,0.8888000249862671,,
89543,,286,,,0.905198335647583,0.9587000012397766
89549,0.3182153105735779,287,,,,
89599,0.3247811198234558,287,,,,
89649,0.3223590850830078,287,,,,
89699,0.45274999737739563,287,,,,
89749,0.35846245288848877,287,,,,
89799,0.31793013215065,287,,,,
89849,0.4194485545158386,287,,,,
89855,,287,0.8466424942016602,0.8884000182151794,,
89855,,287,,,0.9056991338729858,0.9581000208854675
89899,0.3324663043022156,288,,,,
89949,0.31174036860466003,288,,,,
89999,0.36347779631614685,288,,,,
90049,0.35069167613983154,288,,,,
90099,0.38323134183883667,288,,,,
90149,0.3623836040496826,288,,,,
90167,,288,0.8506722450256348,0.888700008392334,,
90167,,288,,,0.9063501358032227,0.9567999839782715
90199,0.31039896607398987,289,,,,
90249,0.38904237747192383,289,,,,
90299,0.325843870639801,289,,,,
90349,0.37433645129203796,289,,,,
90399,0.36281391978263855,289,,,,
90449,0.3906302750110626,289,,,,
90479,,289,0.8438015580177307,0.8884999752044678,,
90479,,289,,,0.9062625169754028,0.9577000141143799
90499,0.33334439992904663,290,,,,
90549,0.3645276129245758,290,,,,
90599,0.30326759815216064,290,,,,
90649,0.33467409014701843,290,,,,
90699,0.33872461318969727,290,,,,
90749,0.31385207176208496,290,,,,
90791,,290,0.8470833897590637,0.8873000144958496,,
90791,,290,,,0.9059495329856873,0.9571999907493591
90799,0.42002207040786743,291,,,,
90849,0.3145577311515808,291,,,,
90899,0.38703837990760803,291,,,,
90949,0.34844374656677246,291,,,,
90999,0.31196120381355286,291,,,,
91049,0.3281845152378082,291,,,,
91099,0.27380695939064026,291,,,,
91103,,291,0.8491633534431458,0.8891000151634216,,
91103,,291,,,0.9068008661270142,0.9563999772071838
91149,0.3248980641365051,292,,,,
91199,0.35333049297332764,292,,,,
91249,0.3608611524105072,292,,,,
91299,0.354566365480423,292,,,,
91349,0.3870214521884918,292,,,,
91399,0.3514600396156311,292,,,,
91415,,292,0.8508394360542297,0.8871999979019165,,
91415,,292,,,0.9054988026618958,0.9564999938011169
91449,0.4231235980987549,293,,,,
91499,0.35998106002807617,293,,,,
91549,0.3770793676376343,293,,,,
91599,0.37379175424575806,293,,,,
91649,0.4117031395435333,293,,,,
91699,0.3051014840602875,293,,,,
91727,,293,0.8489890694618225,0.8885999917984009,,
91727,,293,,,0.9064002633094788,0.9559999704360962
91749,0.39295750856399536,294,,,,
91799,0.31777700781822205,294,,,,
91849,0.3427315354347229,294,,,,
91899,0.40896040201187134,294,,,,
91949,0.40338972210884094,294,,,,
91999,0.3415434658527374,294,,,,
92039,,294,0.850419819355011,0.8888000249862671,,
92039,,294,,,0.9059244990348816,0.9563000202178955
92049,0.3836761713027954,295,,,,
92099,0.30965226888656616,295,,,,
92149,0.411034494638443,295,,,,
92199,0.36173081398010254,295,,,,
92249,0.31423577666282654,295,,,,
92299,0.34518760442733765,295,,,,
92349,0.36070963740348816,295,,,,
92351,,295,0.8479788303375244,0.8896999955177307,,
92351,,295,,,0.9064002633094788,0.9559000134468079
92399,0.37281209230422974,296,,,,
92449,0.3991157114505768,296,,,,
92499,0.37222909927368164,296,,,,
92549,0.412128210067749,296,,,,
92599,0.3930108845233917,296,,,,
92649,0.36180540919303894,296,,,,
92663,,296,0.8538144826889038,0.8894000053405762,,
92663,,296,,,0.9061373472213745,0.9567000269889832
92699,0.39170607924461365,297,,,,
92749,0.3347735106945038,297,,,,
92799,0.3894256353378296,297,,,,
92849,0.36402565240859985,297,,,,
92899,0.3960796594619751,297,,,,
92949,0.33904141187667847,297,,,,
92975,,297,0.8473325967788696,0.8891000151634216,,
92975,,297,,,0.9059870839118958,0.9562000036239624
92999,0.36349448561668396,298,,,,
93049,0.3219655752182007,298,,,,
93099,0.3845478594303131,298,,,,
93149,0.3723789155483246,298,,,,
93199,0.4050688147544861,298,,,,
93249,0.3603578507900238,298,,,,
93287,,298,0.8474869132041931,0.8881999850273132,,
93287,,298,,,0.9058869481086731,0.9569000005722046
93299,0.3705136477947235,299,,,,
93349,0.4116002023220062,299,,,,
93399,0.34928128123283386,299,,,,
93449,0.44739845395088196,299,,,,
93499,0.32131195068359375,299,,,,
93549,0.4078274071216583,299,,,,
93599,0.31433385610580444,299,,,,
93599,,299,0.8481262922286987,0.8891000151634216,,
93599,,299,,,0.9062124490737915,0.9563999772071838
