epoch,step,test_acc,train_acc1,train_acc2,train_loss1,train_loss2
0,49,,,,0.01569601520895958,0.01628124713897705
0,99,,,,0.014634227380156517,0.014418493956327438
0,149,,,,0.013220135122537613,0.013612975366413593
0,199,,,,0.013608220033347607,0.013622849248349667
0,249,,,,0.014355763792991638,0.014566090889275074
0,299,,,,0.012649464420974255,0.013067234307527542
0,349,,,,0.013378683477640152,0.013338862918317318
0,389,0.4404999911785126,0.3401041626930237,0.32796475291252136,,
1,399,,,,0.013092328794300556,0.012717236764729023
1,449,,,,0.011417430825531483,0.011802352964878082
1,499,,,,0.011105277575552464,0.010798508301377296
1,549,,,,0.01214282400906086,0.012459362857043743
1,599,,,,0.011545750312507153,0.011450684629380703
1,649,,,,0.011194677092134953,0.011159191839396954
1,699,,,,0.01094295084476471,0.010935754515230656
1,749,,,,0.012256248854100704,0.012194124050438404
1,779,0.5813999772071838,0.46484375,0.46776843070983887,,
2,799,,,,0.010372363030910492,0.010183557868003845
2,849,,,,0.011249354109168053,0.011866896413266659
2,899,,,,0.0095124002546072,0.009826714172959328
2,949,,,,0.009343174286186695,0.00899155531078577
2,999,,,,0.009278453886508942,0.009033518843352795
2,1049,,,,0.010507961735129356,0.009790136478841305
2,1099,,,,0.010024973191320896,0.010138430632650852
2,1149,,,,0.009215942583978176,0.008948085829615593
2,1169,0.6092000007629395,0.5284655690193176,0.5315905213356018,,
3,1199,,,,0.010603104718029499,0.010376939550042152
3,1249,,,,0.007482834160327911,0.007816174067556858
3,1299,,,,0.00878112018108368,0.008979575708508492
3,1349,,,,0.010337592102587223,0.009810070507228374
3,1399,,,,0.008376846089959145,0.008216114714741707
3,1449,,,,0.0075261397287249565,0.007776414044201374
3,1499,,,,0.008415269665420055,0.008038601838052273
3,1549,,,,0.00798025168478489,0.008148175664246082
3,1559,0.6690000295639038,0.5699318647384644,0.5678285360336304,,
4,1599,,,,0.010071158409118652,0.011225438676774502
4,1649,,,,0.008437681943178177,0.008658943697810173
4,1699,,,,0.007745840586721897,0.00771752605214715
4,1749,,,,0.009211552329361439,0.00904762465506792
4,1799,,,,0.008106318302452564,0.008041748777031898
4,1849,,,,0.008861665613949299,0.008875486440956593
4,1899,,,,0.00820037629455328,0.0077135334722697735
4,1949,,,,0.007457150146365166,0.007198090199381113
4,1949,0.670799970626831,0.5977563858032227,0.596915066242218,,
5,1999,,,,0.007919657975435257,0.00790484994649887
5,2049,,,,0.00625276193022728,0.006111401133239269
5,2099,,,,0.0063741374760866165,0.006405958440154791
5,2149,,,,0.007455186452716589,0.006809094455093145
5,2199,,,,0.006716805510222912,0.0075096203945577145
5,2249,,,,0.006563997827470303,0.006602724082767963
5,2299,,,,0.006883951369673014,0.007008083164691925
5,2339,0.7177000045776367,0.6217347979545593,0.6249599456787109,,
6,2349,,,,0.006523432210087776,0.005929101258516312
6,2399,,,,0.0060288249514997005,0.0054998574778437614
6,2449,,,,0.007262674160301685,0.006570120807737112
6,2499,,,,0.005182427354156971,0.005328604020178318
6,2549,,,,0.005828469060361385,0.0051088170148432255
6,2599,,,,0.0063039944507181644,0.006601553410291672
6,2649,,,,0.006082032807171345,0.006414529401808977
6,2699,,,,0.008099653758108616,0.00796138122677803
6,2729,0.7505000233650208,0.6440705060958862,0.6470352411270142,,
7,2749,,,,0.005399879068136215,0.004968731664121151
7,2799,,,,0.00872733537107706,0.008607937023043633
7,2849,,,,0.00799216516315937,0.008776496164500713
7,2899,,,,0.006730249617248774,0.00676683196797967
7,2949,,,,0.0038888731505721807,0.0037999898195266724
7,2999,,,,0.005368923768401146,0.0065618520602583885
7,3049,,,,0.006995614618062973,0.0064851995557546616
7,3099,,,,0.005658307578414679,0.0057043698616325855
7,3119,0.7394000291824341,0.6622796654701233,0.664643406867981,,
8,3149,,,,0.004430590663105249,0.0037684603594243526
8,3199,,,,0.0034829596988856792,0.002821065252646804
8,3249,,,,0.005419088527560234,0.005154178477823734
8,3299,,,,0.005268681328743696,0.005960642360150814
8,3349,,,,0.0034806071780622005,0.0036340877413749695
8,3399,,,,0.006769496947526932,0.0072036972269415855
8,3449,,,,0.004071346949785948,0.004189121536910534
8,3499,,,,0.0037354829255491495,0.003872158471494913
8,3509,0.7702000141143799,0.67578125,0.6778445243835449,,
9,3549,,,,0.0041945939883589745,0.003719341941177845
9,3599,,,,0.004629837814718485,0.004490491468459368
9,3649,,,,0.005439551081508398,0.004934150259941816
9,3699,,,,0.0019274605438113213,0.0017097616801038384
9,3749,,,,0.0035080870147794485,0.00371936010196805
9,3799,,,,0.0049429163336753845,0.004927593283355236
9,3849,,,,0.005628375802189112,0.005175979807972908
9,3899,,,,0.0016927069518715143,0.0023215070832520723
9,3899,0.7993999719619751,0.686758816242218,0.6872195601463318,,
10,3949,,,,0.003720702137798071,0.004138926975429058
10,3999,,,,0.00355182564817369,0.003190741641446948
10,4049,,,,0.004173452500253916,0.0030436122324317694
10,4099,,,,0.0028358418494462967,0.0029449081048369408
10,4149,,,,0.003514075418934226,0.0032403108198195696
10,4199,,,,0.004815406631678343,0.005068609025329351
10,4249,,,,0.0034890086390078068,0.0037656158674508333
10,4289,0.8037999868392944,0.6947115659713745,0.695893406867981,,
11,4299,,,,0.0038539187517017126,0.0034887618385255337
11,4349,,,,0.00416729087010026,0.0039629507809877396
11,4399,,,,0.0035506593994796276,0.003184329252690077
11,4449,,,,0.0035935230553150177,0.0033441067207604647
11,4499,,,,0.001967199146747589,0.0017030836315825582
11,4549,,,,0.0028278755489736795,0.002468123799189925
11,4599,,,,0.003479359671473503,0.0035715431440621614
11,4649,,,,0.0011736578308045864,0.0011781215434893966
11,4679,0.8245000243186951,0.7061097621917725,0.7072916626930237,,
12,4699,,,,0.0026475300546735525,0.002892811316996813
12,4749,,,,0.0027771510649472475,0.002393499482423067
12,4799,,,,0.0038366992957890034,0.0032412398140877485
12,4849,,,,0.005723337642848492,0.005518609192222357
12,4899,,,,0.0044686621986329556,0.003751305164769292
12,4949,,,,0.0019923115614801645,0.00267878919839859
12,4999,,,,0.002135002985596657,0.0020315200090408325
12,5049,,,,0.004617432132363319,0.004951332230120897
12,5069,0.8263999819755554,0.7142027020454407,0.71484375,,
13,5099,,,,0.0036651003174483776,0.0026137467939406633
13,5149,,,,0.0019004447385668755,0.0019110008142888546
13,5199,,,,0.004706135019659996,0.004523200914263725
13,5249,,,,0.00422217883169651,0.004572713747620583
13,5299,,,,0.002317683072760701,0.0020428444258868694
13,5349,,,,0.0011448980076238513,0.001837084419094026
13,5399,,,,0.0031250964384526014,0.002886288333684206
13,5449,,,,0.0021370805334299803,0.0019146595150232315
13,5459,0.824400007724762,0.7204927802085876,0.7215144038200378,,
14,5499,,,,0.0033014065120369196,0.002498040674254298
14,5549,,,,0.0010962996166199446,0.0011424061376601458
14,5599,,,,0.005287185776978731,0.004955668468028307
14,5649,,,,0.0022579545620828867,0.0018146672518923879
14,5699,,,,0.001862933044321835,0.0025783611927181482
14,5749,,,,0.0010543217649683356,0.0013294246746227145
14,5799,,,,0.0034823783207684755,0.0037761509884148836
14,5849,,,,0.0029417765326797962,0.002148751402273774
14,5849,0.8536999821662903,0.7262019515037537,0.7249398827552795,,
15,5899,,,,0.004357831086963415,0.004706226289272308
15,5949,,,,0.0018031266517937183,0.0013905117521062493
15,5999,,,,0.00260038860142231,0.0026902020908892155
15,6049,,,,0.0057952189818024635,0.00581100769340992
15,6099,,,,0.003665555501356721,0.0030837715603411198
15,6149,,,,0.0034907578956335783,0.0033897252287715673
15,6199,,,,0.0011685441713780165,0.0015821862034499645
15,6239,0.855400025844574,0.731209933757782,0.7318309545516968,,
16,6249,,,,0.0025679694954305887,0.0027462374418973923
16,6299,,,,0.0017536166124045849,0.0014791078865528107
16,6349,,,,0.0017706647049635649,0.0016682124696671963
16,6399,,,,0.0018795074429363012,0.0024169294629245996
16,6449,,,,0.0012030197540298104,0.0017656723503023386
16,6499,,,,0.001815379480831325,0.0014803704107180238
16,6549,,,,0.0038245306350290775,0.003481087042018771
16,6599,,,,0.002116530667990446,0.0020764518994838
16,6629,0.8537999987602234,0.739142656326294,0.7401843070983887,,
17,6649,,,,0.002090140711516142,0.002350799972191453
17,6699,,,,0.001970169134438038,0.0012864976888522506
17,6749,,,,0.0015247672563418746,0.001182262203656137
17,6799,,,,0.0022224648855626583,0.0017486196011304855
17,6849,,,,0.004027604125440121,0.004613363649696112
17,6899,,,,0.004961691331118345,0.005627106409519911
17,6949,,,,0.0013284251326695085,0.0015123174525797367
17,6999,,,,0.0013127040583640337,0.0011873465264216065
17,7019,0.843500018119812,0.7412660121917725,0.7417668104171753,,
18,7049,,,,0.0016844937345013022,0.0017435477348044515
18,7099,,,,0.0009135602740570903,0.0006266255513764918
18,7149,,,,0.0012977427104488015,0.0011602205922827125
18,7199,,,,0.004281878471374512,0.004411765374243259
18,7249,,,,0.0016602928517386317,0.001954092178493738
18,7299,,,,0.002691924571990967,0.0031068851239979267
18,7349,,,,0.002769914921373129,0.0034161063376814127
18,7399,,,,0.0016455454751849174,0.0014777973992750049
18,7409,0.8587999939918518,0.7448717951774597,0.7463942170143127,,
19,7449,,,,0.0035701426677405834,0.0031108385883271694
19,7499,,,,0.0036056553944945335,0.0036065506283193827
19,7549,,,,0.002157741691917181,0.003009339328855276
19,7599,,,,0.001278265961445868,0.000987138249911368
19,7649,,,,0.003930103965103626,0.004164630081504583
19,7699,,,,0.0011714500142261386,0.0008287732489407063
19,7749,,,,0.0012826606398448348,0.0015093912370502949
19,7799,,,,0.0028472940903156996,0.0026676009874790907
19,7799,0.86080002784729,0.7496394515037537,0.7486578822135925,,
20,7849,,,,0.06332230567932129,0.06201574578881264
20,7899,,,,0.08579646795988083,0.08447791635990143
20,7949,,,,0.09161974489688873,0.08636343479156494
20,7999,,,,0.07525745779275894,0.07666292786598206
20,8049,,,,0.06851042062044144,0.06757697463035583
20,8099,,,,0.12080854922533035,0.1218646839261055
20,8149,,,,0.11849524080753326,0.11624196916818619
20,8189,0.7123000025749207,0.621995210647583,0.6289463043212891,,
21,8199,,,,0.08927493542432785,0.08555009961128235
21,8249,,,,0.14073534309864044,0.1472669243812561
21,8299,,,,0.12868034839630127,0.120352603495121
21,8349,,,,0.09826429933309555,0.09925787895917892
21,8399,,,,0.1062081977725029,0.10309827327728271
21,8449,,,,0.11751110106706619,0.13581666350364685
21,8499,,,,0.08922293037176132,0.08314700424671173
21,8549,,,,0.10196276009082794,0.096573106944561
21,8579,0.7684000134468079,0.669611394405365,0.6695312261581421,,
22,8599,,,,0.11629173904657364,0.12614640593528748
22,8649,,,,0.15160627663135529,0.15430116653442383
22,8699,,,,0.14041386544704437,0.16687476634979248
22,8749,,,,0.18948496878147125,0.17266394197940826
22,8799,,,,0.17445975542068481,0.16103965044021606
22,8849,,,,0.1706516593694687,0.17376366257667542
22,8899,,,,0.09772703051567078,0.10337577760219574
22,8949,,,,0.10918929427862167,0.10137040913105011
22,8969,0.7559999823570251,0.6885817050933838,0.6854166388511658,,
23,8999,,,,0.13045981526374817,0.1296672821044922
23,9049,,,,0.18397945165634155,0.17141467332839966
23,9099,,,,0.13793401420116425,0.13737230002880096
23,9149,,,,0.16179236769676208,0.16888120770454407
23,9199,,,,0.16090910136699677,0.16579775512218475
23,9249,,,,0.11578165739774704,0.12400633096694946
23,9299,,,,0.14157184958457947,0.1309192180633545
23,9349,,,,0.1208711713552475,0.13482902944087982
23,9359,0.819100022315979,0.697576105594635,0.6996794939041138,,
24,9399,,,,0.10919380187988281,0.1174086481332779
24,9449,,,,0.17762288451194763,0.16851985454559326
24,9499,,,,0.11050421744585037,0.10709415376186371
24,9549,,,,0.10367297381162643,0.0986555740237236
24,9599,,,,0.11350130289793015,0.11854440718889236
24,9649,,,,0.17994605004787445,0.18905216455459595
24,9699,,,,0.13349856436252594,0.13429012894630432
24,9749,,,,0.1390257328748703,0.1352461576461792
24,9749,0.8047000169754028,0.7021234035491943,0.7019230723381042,,
25,9799,,,,0.16356627643108368,0.13441196084022522
25,9849,,,,0.19092099368572235,0.1921091377735138
25,9899,,,,0.17952285706996918,0.17715981602668762
25,9949,,,,0.14652644097805023,0.15075893700122833
25,9999,,,,0.1253914088010788,0.13545668125152588
25,10049,,,,0.21545034646987915,0.24941083788871765
25,10099,,,,0.09845001250505447,0.09547514468431473
25,10139,0.824999988079071,0.7117387652397156,0.7104567289352417,,
26,10149,,,,0.14312969148159027,0.14402525126934052
26,10199,,,,0.16555094718933105,0.18874195218086243
26,10249,,,,0.1592922955751419,0.1573197841644287
26,10299,,,,0.18779604136943817,0.17311401665210724
26,10349,,,,0.1627335101366043,0.15534508228302002
26,10399,,,,0.29797980189323425,0.2943940758705139
26,10449,,,,0.2563157379627228,0.2783285677433014
26,10499,,,,0.15028229355812073,0.15565244853496552
26,10529,0.8215000033378601,0.7166065573692322,0.7168269157409668,,
27,10549,,,,0.25801992416381836,0.21187086403369904
27,10599,,,,0.12923671305179596,0.12800171971321106
27,10649,,,,0.26391780376434326,0.2320290058851242
27,10699,,,,0.18557390570640564,0.18828445672988892
27,10749,,,,0.1545906811952591,0.14546678960323334
27,10799,,,,0.19035618007183075,0.16050134599208832
27,10849,,,,0.1290154606103897,0.14540931582450867
27,10899,,,,0.20273824036121368,0.18708691000938416
27,10919,0.8482999801635742,0.7176081538200378,0.721173882484436,,
28,10949,,,,0.17193785309791565,0.18368564546108246
28,10999,,,,0.13080738484859467,0.11943692713975906
28,11049,,,,0.13727399706840515,0.12027688324451447
28,11099,,,,0.14755746722221375,0.15028928220272064
28,11149,,,,0.16730380058288574,0.1689465492963791
28,11199,,,,0.2545417845249176,0.25237753987312317
28,11249,,,,0.18556863069534302,0.16039378941059113
28,11299,,,,0.27817603945732117,0.21606895327568054
28,11309,0.820900022983551,0.7223357558250427,0.7252604365348816,,
29,11349,,,,0.1600014865398407,0.1713869273662567
29,11399,,,,0.15290240943431854,0.139510378241539
29,11449,,,,0.09497863054275513,0.10917683690786362
29,11499,,,,0.2925242781639099,0.2528546452522278
29,11549,,,,0.192661851644516,0.19174803793430328
29,11599,,,,0.14151769876480103,0.1456267386674881
29,11649,,,,0.12391285598278046,0.13009995222091675
29,11699,,,,0.11429579555988312,0.11745759099721909
29,11699,0.8561999797821045,0.7267428040504456,0.7253405451774597,,
30,11749,,,,0.10397189855575562,0.10004734992980957
30,11799,,,,0.13178572058677673,0.1226138323545456
30,11849,,,,0.16676288843154907,0.16295921802520752
30,11899,,,,0.16237680613994598,0.16098368167877197
30,11949,,,,0.17714476585388184,0.18178912997245789
30,11999,,,,0.12944461405277252,0.1285182386636734
30,12049,,,,0.12367886304855347,0.12929865717887878
30,12089,0.8346999883651733,0.7294070720672607,0.7278445363044739,,
31,12099,,,,0.13484343886375427,0.12928210198879242
31,12149,,,,0.14579007029533386,0.13886794447898865
31,12199,,,,0.21225543320178986,0.2166258841753006
31,12249,,,,0.27706724405288696,0.309425413608551
31,12299,,,,0.17921198904514313,0.18757939338684082
31,12349,,,,0.18845008313655853,0.21734197437763214
31,12399,,,,0.4209788739681244,0.38815101981163025
31,12449,,,,0.16034510731697083,0.16704222559928894
31,12479,0.858299970626831,0.731249988079071,0.7319310903549194,,
32,12499,,,,0.15831291675567627,0.1546383947134018
32,12549,,,,0.33148545026779175,0.314142644405365
32,12599,,,,0.18144981563091278,0.16394837200641632
32,12649,,,,0.16820085048675537,0.180037721991539
32,12699,,,,0.10947887599468231,0.10407951474189758
32,12749,,,,0.11634606868028641,0.1334625780582428
32,12799,,,,0.14032228291034698,0.14270798861980438
32,12849,,,,0.18745531141757965,0.17549346387386322
32,12869,0.8436999917030334,0.7299278974533081,0.7350160479545593,,
33,12899,,,,0.17676807940006256,0.19651572406291962
33,12949,,,,0.1535326987504959,0.15450070798397064
33,12999,,,,0.151227205991745,0.17166070640087128
33,13049,,,,0.17803746461868286,0.1711583137512207
33,13099,,,,0.273850679397583,0.2557111382484436
33,13149,,,,0.12996967136859894,0.11616851389408112
33,13199,,,,0.20624880492687225,0.19376519322395325
33,13249,,,,0.2164335548877716,0.19657310843467712
33,13259,0.8622000217437744,0.7362580299377441,0.7333333492279053,,
34,13299,,,,0.1513228863477707,0.1488722264766693
34,13349,,,,0.16519427299499512,0.158847838640213
34,13399,,,,0.1875697821378708,0.1705334633588791
34,13449,,,,0.18062594532966614,0.17151644825935364
34,13499,,,,0.17304478585720062,0.15877337753772736
34,13549,,,,0.15995532274246216,0.1358506977558136
34,13599,,,,0.12694720923900604,0.12198279798030853
34,13649,,,,0.17247629165649414,0.1640479564666748
34,13649,0.8601999878883362,0.7400841116905212,0.7370592951774597,,
35,13699,,,,0.1759495884180069,0.18280820548534393
35,13749,,,,0.178744837641716,0.17820721864700317
35,13799,,,,0.28260987997055054,0.23358821868896484
35,13849,,,,0.19080594182014465,0.18269242346286774
35,13899,,,,0.21324697136878967,0.18938873708248138
35,13949,,,,0.1588744819164276,0.1472327709197998
35,13999,,,,0.3348129391670227,0.3445849120616913
35,14039,0.8371999859809875,0.7415865659713745,0.7397235631942749,,
36,14049,,,,0.15683141350746155,0.17357134819030762
36,14099,,,,0.26272302865982056,0.25633689761161804
36,14149,,,,0.2292712777853012,0.2014523148536682
36,14199,,,,0.1409478634595871,0.1452576071023941
36,14249,,,,0.15201671421527863,0.13733971118927002
36,14299,,,,0.18007849156856537,0.17627567052841187
36,14349,,,,0.19478553533554077,0.21909156441688538
36,14399,,,,0.1890968531370163,0.17223525047302246
36,14429,0.847000002861023,0.7394831776618958,0.7426682710647583,,
37,14449,,,,0.17110508680343628,0.1603630781173706
37,14499,,,,0.232423335313797,0.23359403014183044
37,14549,,,,0.26395779848098755,0.2445201575756073
37,14599,,,,0.20364932715892792,0.2065950632095337
37,14649,,,,0.17686593532562256,0.1797187626361847
37,14699,,,,0.1950465887784958,0.20010799169540405
37,14749,,,,0.24094067513942719,0.22358734905719757
37,14799,,,,0.21641726791858673,0.2113434374332428
37,14819,0.8644999861717224,0.7465344667434692,0.7454727292060852,,
38,14849,,,,0.17933611571788788,0.17319975793361664
38,14899,,,,0.24842360615730286,0.23103134334087372
38,14949,,,,0.16924789547920227,0.1630232334136963
38,14999,,,,0.16591568291187286,0.17340046167373657
38,15049,,,,0.3189004957675934,0.24261361360549927
38,15099,,,,0.3473110795021057,0.3478248715400696
38,15149,,,,0.17410753667354584,0.16022102534770966
38,15199,,,,0.09243094176054001,0.08006817102432251
38,15209,0.7049000263214111,0.7227563858032227,0.7316706776618958,,
39,15249,,,,0.10989008098840714,0.10450723022222519
39,15299,,,,0.13000403344631195,0.13454702496528625
39,15349,,,,0.17853836715221405,0.18644295632839203
39,15399,,,,0.16723406314849854,0.17634879052639008
39,15449,,,,0.11713746190071106,0.1289086639881134
39,15499,,,,0.13825373351573944,0.12414516508579254
39,15549,,,,0.17407135665416718,0.19331683218479156
39,15599,,,,0.23224227130413055,0.21121110022068024
39,15599,0.8476999998092651,0.717267632484436,0.7179487347602844,,
40,15649,,,,0.2909887433052063,0.2620420455932617
40,15699,,,,0.17113381624221802,0.1748436540365219
40,15749,,,,0.5639739036560059,0.4802146852016449
40,15799,,,,0.18318283557891846,0.21549788117408752
40,15849,,,,0.12182383239269257,0.11599810421466827
40,15899,,,,0.25228455662727356,0.2707562744617462
40,15949,,,,0.19045700132846832,0.2202877253293991
40,15989,0.8657000064849854,0.7415063977241516,0.7428686022758484,,
41,15999,,,,0.49357497692108154,0.5037060976028442
41,16049,,,,0.3359921872615814,0.3503277003765106
41,16099,,,,0.36527174711227417,0.3501860797405243
41,16149,,,,0.09656249731779099,0.10543198883533478
41,16199,,,,0.161798894405365,0.18206456303596497
41,16249,,,,0.26293209195137024,0.22772862017154694
41,16299,,,,0.16504594683647156,0.17822986841201782
41,16349,,,,0.20343104004859924,0.20475612580776215
41,16379,0.8673999905586243,0.7469751834869385,0.7443709969520569,,
42,16399,,,,0.2159988433122635,0.20690445601940155
42,16449,,,,0.16022250056266785,0.1523914337158203
42,16499,,,,0.24230268597602844,0.2127370983362198
42,16549,,,,0.22285671532154083,0.22995077073574066
42,16599,,,,0.1732167899608612,0.1721697747707367
42,16649,,,,0.20837342739105225,0.18502481281757355
42,16699,,,,0.22227318584918976,0.2190304547548294
42,16749,,,,0.1618463695049286,0.1760547012090683
42,16769,0.8626999855041504,0.7492988705635071,0.7488180994987488,,
43,16799,,,,0.10314137488603592,0.11043045669794083
43,16849,,,,0.1569085419178009,0.1826697438955307
43,16899,,,,0.2658330798149109,0.2988031804561615
43,16949,,,,0.20552729070186615,0.19537489116191864
43,16999,,,,0.22465749084949493,0.2452545464038849
43,17049,,,,0.24266281723976135,0.2641495168209076
43,17099,,,,0.4197182357311249,0.3567947447299957
43,17149,,,,0.17563891410827637,0.18599727749824524
43,17159,0.8712000250816345,0.7521234154701233,0.7483773827552795,,
44,17199,,,,0.2376440316438675,0.22224844992160797
44,17249,,,,0.23867440223693848,0.24744322896003723
44,17299,,,,0.2899192273616791,0.3821917474269867
44,17349,,,,0.16016128659248352,0.1817358136177063
44,17399,,,,0.17374950647354126,0.17812755703926086
44,17449,,,,0.1786697804927826,0.1792311668395996
44,17499,,,,0.15567681193351746,0.1540827751159668
44,17549,,,,0.2517729103565216,0.31655269861221313
44,17549,0.8759999871253967,0.7518429756164551,0.7509815692901611,,
45,17599,,,,0.2698271870613098,0.26180827617645264
45,17649,,,,0.23384883999824524,0.2249680906534195
45,17699,,,,0.11874610185623169,0.12138497084379196
45,17749,,,,0.20360898971557617,0.18941481411457062
45,17799,,,,0.1758352369070053,0.1690770834684372
45,17849,,,,0.1738368570804596,0.16170544922351837
45,17899,,,,0.12816761434078217,0.13921073079109192
45,17939,0.8621000051498413,0.7502203583717346,0.7459735870361328,,
46,17949,,,,0.12934936583042145,0.13789455592632294
46,17999,,,,0.2505948841571808,0.258181095123291
46,18049,,,,0.1982772797346115,0.2313021570444107
46,18099,,,,0.198052778840065,0.17390844225883484
46,18149,,,,0.11951419711112976,0.1302473247051239
46,18199,,,,0.4346397817134857,0.4297901690006256
46,18249,,,,0.1808469593524933,0.19544604420661926
46,18299,,,,0.5470999479293823,0.5199690461158752
46,18329,0.8646000027656555,0.7514423131942749,0.7441706657409668,,
47,18349,,,,0.22634880244731903,0.2610745131969452
47,18399,,,,0.16641217470169067,0.18798993527889252
47,18449,,,,0.24239413440227509,0.22957497835159302
47,18499,,,,0.11909615248441696,0.12047554552555084
47,18549,,,,0.22931407392024994,0.19002310931682587
47,18599,,,,0.29201310873031616,0.26776596903800964
47,18649,,,,0.1341550052165985,0.12258545309305191
47,18699,,,,0.2478952705860138,0.24977485835552216
47,18719,0.8733000159263611,0.7556690573692322,0.7549879550933838,,
48,18749,,,,0.21632255613803864,0.2576572895050049
48,18799,,,,0.16783493757247925,0.16569681465625763
48,18849,,,,0.35569021105766296,0.3445330858230591
48,18899,,,,0.25491103529930115,0.24812015891075134
48,18949,,,,0.27985912561416626,0.3085614740848541
48,18999,,,,0.1615006923675537,0.176137775182724
48,19049,,,,0.17935305833816528,0.15423402190208435
48,19099,,,,0.15574224293231964,0.1613391786813736
48,19109,0.8677999973297119,0.7565304636955261,0.7558894157409668,,
49,19149,,,,0.20550812780857086,0.1841108202934265
49,19199,,,,0.19302374124526978,0.20276306569576263
49,19249,,,,0.22048528492450714,0.2288207709789276
49,19299,,,,0.291164368391037,0.27612146735191345
49,19349,,,,0.30521854758262634,0.3704824149608612
49,19399,,,,0.2251114547252655,0.23406802117824554
49,19449,,,,0.1617470532655716,0.16297054290771484
49,19499,,,,0.28495684266090393,0.309919536113739
49,19499,0.858299970626831,0.746995210647583,0.755428671836853,,
50,19549,,,,0.1687728464603424,0.15930593013763428
50,19599,,,,0.25035905838012695,0.24332694709300995
50,19649,,,,0.3068779408931732,0.29099857807159424
50,19699,,,,0.18833687901496887,0.20634715259075165
50,19749,,,,0.23180466890335083,0.28847062587738037
50,19799,,,,0.1842893362045288,0.18438667058944702
50,19849,,,,0.18467684090137482,0.19583390653133392
50,19889,0.8672000169754028,0.7587339878082275,0.7601161599159241,,
51,19899,,,,0.4841255247592926,0.5096361041069031
51,19949,,,,0.19074611365795135,0.21263165771961212
51,19999,,,,0.2666306793689728,0.21585068106651306
51,20049,,,,0.2366834282875061,0.2703552544116974
51,20099,,,,0.220400869846344,0.23168832063674927
51,20149,,,,0.2600801885128021,0.2636209726333618
51,20199,,,,0.15815365314483643,0.16615326702594757
51,20249,,,,0.2980906069278717,0.26977434754371643
51,20279,0.8682000041007996,0.7620392441749573,0.7591747045516968,,
52,20299,,,,0.3086187243461609,0.2864248752593994
52,20349,,,,0.19641909003257751,0.19943222403526306
52,20399,,,,0.9635710120201111,1.146809697151184
52,20449,,,,0.29004526138305664,0.31142210960388184
52,20499,,,,0.1850316822528839,0.192217618227005
52,20549,,,,0.1327795535326004,0.12292948365211487
52,20599,,,,0.27422189712524414,0.23565807938575745
52,20649,,,,0.3129136860370636,0.3396275043487549
52,20669,0.871399998664856,0.7553285360336304,0.7617788314819336,,
53,20699,,,,0.15389226377010345,0.1310684233903885
53,20749,,,,0.17626312375068665,0.156668022274971
53,20799,,,,0.5040634870529175,0.5345339179039001
53,20849,,,,0.13493084907531738,0.1619427651166916
53,20899,,,,0.26182225346565247,0.23902910947799683
53,20949,,,,0.19394515454769135,0.20272676646709442
53,20999,,,,0.3121139407157898,0.2793813943862915
53,21049,,,,0.23568318784236908,0.26807135343551636
53,21059,0.8761000037193298,0.7659855484962463,0.7496394515037537,,
54,21099,,,,0.2021699994802475,0.2023712694644928
54,21149,,,,0.16379797458648682,0.18657918274402618
54,21199,,,,0.20180156826972961,0.24243402481079102
54,21249,,,,0.17118218541145325,0.16798794269561768
54,21299,,,,0.3003356456756592,0.3681444823741913
54,21349,,,,0.19139030575752258,0.16749019920825958
54,21399,,,,0.34609195590019226,0.3211013674736023
54,21449,,,,0.21967001259326935,0.23249632120132446
54,21449,0.8802000284194946,0.7650240659713745,0.7605769038200378,,
55,21499,,,,0.19336259365081787,0.20860086381435394
55,21549,,,,0.45726364850997925,0.5775513648986816
55,21599,,,,0.2734034061431885,0.25523698329925537
55,21649,,,,0.16337810456752777,0.18544454872608185
55,21699,,,,0.5065778493881226,0.6088919639587402
55,21749,,,,0.1597464233636856,0.16596433520317078
55,21799,,,,0.04487387463450432,0.04017006233334541
55,21839,0.7045000195503235,0.7415865659713745,0.7459936141967773,,
56,21849,,,,0.04838148131966591,0.04619230702519417
56,21899,,,,0.07617563009262085,0.07559680193662643
56,21949,,,,0.11185754835605621,0.11351622641086578
56,21999,,,,0.10476091504096985,0.1238221600651741
56,22049,,,,0.2024608701467514,0.20427243411540985
56,22099,,,,0.12189631164073944,0.12138118594884872
56,22149,,,,0.14171144366264343,0.14640265703201294
56,22199,,,,0.18204043805599213,0.1859215497970581
56,22229,0.8686000108718872,0.7183894515037537,0.7228365540504456,,
57,22249,,,,0.24121686816215515,0.20433956384658813
57,22299,,,,0.21482990682125092,0.19549715518951416
57,22349,,,,0.24947769939899445,0.2510436177253723
57,22399,,,,0.19481514394283295,0.15211033821105957
57,22449,,,,0.13079412281513214,0.1231428012251854
57,22499,,,,0.5355649590492249,0.4552215337753296
57,22549,,,,0.2661154568195343,0.30606794357299805
57,22599,,,,0.1893540769815445,0.20173168182373047
57,22619,0.8727999925613403,0.7493389248847961,0.7661257982254028,,
58,22649,,,,0.16817326843738556,0.17964021861553192
58,22699,,,,0.25794991850852966,0.24053503572940826
58,22749,,,,0.24901850521564484,0.25948429107666016
58,22799,,,,0.18271230161190033,0.1763058304786682
58,22849,,,,0.25823020935058594,0.2720215618610382
58,22899,,,,0.2459581345319748,0.2548999786376953
58,22949,,,,0.12268511950969696,0.12566226720809937
58,22999,,,,0.1186080127954483,0.13130711019039154
58,23009,0.8640000224113464,0.7592347860336304,0.757071316242218,,
59,23049,,,,0.23756170272827148,0.2197532206773758
59,23099,,,,0.20634742081165314,0.19726216793060303
59,23149,,,,0.17543858289718628,0.16364090144634247
59,23199,,,,0.2761983573436737,0.25694191455841064
59,23249,,,,0.1379859447479248,0.1319691389799118
59,23299,,,,0.19442065060138702,0.1743239313364029
59,23349,,,,0.2101413607597351,0.22340679168701172
59,23399,,,,0.23724164068698883,0.2203422337770462
59,23399,0.8759999871253967,0.7619190812110901,0.7621794939041138,,
60,23449,,,,0.2117239534854889,0.1873718500137329
60,23499,,,,0.22778241336345673,0.2510381042957306
60,23549,,,,0.1963648498058319,0.2111903727054596
60,23599,,,,0.2889277935028076,0.27709105610847473
60,23649,,,,0.17261599004268646,0.17807874083518982
60,23699,,,,0.2518146336078644,0.253980427980423
60,23749,,,,0.6714218854904175,0.6685094833374023
60,23789,0.8677999973297119,0.7669671177864075,0.7641626596450806,,
61,23799,,,,0.2892410457134247,0.26619765162467957
61,23849,,,,0.11989177763462067,0.12881994247436523
61,23899,,,,0.19821475446224213,0.19245226681232452
61,23949,,,,0.2586868405342102,0.25802353024482727
61,23999,,,,0.3339638113975525,0.3055275082588196
61,24049,,,,0.18912874162197113,0.25338512659072876
61,24099,,,,0.17002318799495697,0.1707156002521515
61,24149,,,,0.1052682027220726,0.09644932299852371
61,24179,0.8702999949455261,0.7569912075996399,0.7654446959495544,,
62,24199,,,,0.19509461522102356,0.19416259229183197
62,24249,,,,0.17343251407146454,0.1521129310131073
62,24299,,,,0.20178714394569397,0.21717579662799835
62,24349,,,,0.2520633935928345,0.2531796395778656
62,24399,,,,0.18450073897838593,0.17480628192424774
62,24449,,,,0.2576914429664612,0.24605245888233185
62,24499,,,,0.255315363407135,0.2579953372478485
62,24549,,,,0.2542363405227661,0.26835042238235474
62,24569,0.883400022983551,0.7669270634651184,0.766205906867981,,
63,24599,,,,0.20914609730243683,0.18090200424194336
63,24649,,,,0.29396387934684753,0.30639809370040894
63,24699,,,,0.4227857291698456,0.41594454646110535
63,24749,,,,0.17405590415000916,0.17879153788089752
63,24799,,,,0.2615499794483185,0.2456611543893814
63,24849,,,,0.2578894793987274,0.2568107843399048
63,24899,,,,0.2305244356393814,0.21029719710350037
63,24949,,,,0.21803410351276398,0.22709546983242035
63,24959,0.8867999911308289,0.771053671836853,0.7691506147384644,,
64,24999,,,,0.27719879150390625,0.29910945892333984
64,25049,,,,0.21242570877075195,0.22215934097766876
64,25099,,,,0.177808940410614,0.1650151014328003
64,25149,,,,0.25318533182144165,0.24430197477340698
64,25199,,,,0.21593067049980164,0.2393377423286438
64,25249,,,,0.3541160821914673,0.33151525259017944
64,25299,,,,0.2356255054473877,0.2551156282424927
64,25349,,,,0.40995922684669495,0.4921456575393677
64,25349,0.8844000101089478,0.7670873403549194,0.7691105604171753,,
65,25399,,,,0.26893940567970276,0.2230360060930252
65,25449,,,,0.31633442640304565,0.33631134033203125
65,25499,,,,0.2384641468524933,0.21257217228412628
65,25549,,,,0.15614092350006104,0.1576087921857834
65,25599,,,,0.3465437889099121,0.36575257778167725
65,25649,,,,0.32703420519828796,0.24772197008132935
65,25699,,,,0.3484281003475189,0.33002084493637085
65,25739,0.8745999932289124,0.7716746926307678,0.7659454941749573,,
66,25749,,,,0.3478010296821594,0.3012793958187103
66,25799,,,,0.24526578187942505,0.2106022834777832
66,25849,,,,0.29440999031066895,0.3325718939304352
66,25899,,,,0.2942635416984558,0.2975753843784332
66,25949,,,,0.2567601203918457,0.2625502645969391
66,25999,,,,0.2465822547674179,0.24354103207588196
66,26049,,,,0.28438982367515564,0.2899191081523895
66,26099,,,,0.16986195743083954,0.15806588530540466
66,26129,0.8790000081062317,0.7685697078704834,0.7736378312110901,,
67,26149,,,,0.342180073261261,0.3278747498989105
67,26199,,,,0.29096055030822754,0.3280620276927948
67,26249,,,,0.5107510089874268,0.48188167810440063
67,26299,,,,0.21303921937942505,0.22019459307193756
67,26349,,,,0.26011595129966736,0.2743864357471466
67,26399,,,,0.3123992085456848,0.3838111162185669
67,26449,,,,0.2293051928281784,0.2294948399066925
67,26499,,,,0.09397400915622711,0.07760242372751236
67,26519,0.838699996471405,0.7561898827552795,0.7704126834869385,,
68,26549,,,,0.17590489983558655,0.15651263296604156
68,26599,,,,0.39453911781311035,0.3517324924468994
68,26649,,,,0.1853516399860382,0.19739888608455658
68,26699,,,,0.18895642459392548,0.23219268023967743
68,26749,,,,0.19393695890903473,0.19250288605690002
68,26799,,,,0.2806631326675415,0.27718478441238403
68,26849,,,,0.2410273253917694,0.27699074149131775
68,26899,,,,0.22511529922485352,0.2596034109592438
68,26909,0.8748999834060669,0.767307698726654,0.7739783525466919,,
69,26949,,,,0.2467467039823532,0.24533149600028992
69,26999,,,,0.15518467128276825,0.17244544625282288
69,27049,,,,0.5556882619857788,0.5026301145553589
69,27099,,,,0.19142204523086548,0.21163038909435272
69,27149,,,,0.263505220413208,0.23833799362182617
69,27199,,,,0.18125270307064056,0.1718713492155075
69,27249,,,,0.328908771276474,0.3291199207305908
69,27299,,,,0.19509947299957275,0.21428167819976807
69,27299,0.8651000261306763,0.7730769515037537,0.7699919939041138,,
70,27349,,,,0.18776477873325348,0.22257600724697113
70,27399,,,,0.2576993405818939,0.3043299913406372
70,27449,,,,0.22208914160728455,0.2771465480327606
70,27499,,,,0.24003411829471588,0.23237815499305725
70,27549,,,,0.13823413848876953,0.13090868294239044
70,27599,,,,0.2184072583913803,0.1769784539937973
70,27649,,,,0.2637471854686737,0.24379652738571167
70,27689,0.8748000264167786,0.7691506147384644,0.7643629908561707,,
71,27699,,,,0.3739234209060669,0.2928098142147064
71,27749,,,,0.9145532846450806,1.146463394165039
71,27799,,,,0.1670675128698349,0.17708991467952728
71,27849,,,,0.7245630621910095,0.6902186870574951
71,27899,,,,0.26160863041877747,0.2937053442001343
71,27949,,,,0.24796435236930847,0.2672109603881836
71,27999,,,,0.2862545847892761,0.2865024209022522
71,28049,,,,0.18392722308635712,0.18375666439533234
71,28079,0.8809999823570251,0.769691526889801,0.7758413553237915,,
72,28099,,,,0.1491054892539978,0.18613140285015106
72,28149,,,,0.21756958961486816,0.24505175650119781
72,28199,,,,0.08765192329883575,0.11225203424692154
72,28249,,,,0.08088097721338272,0.10456445068120956
72,28299,,,,0.12688833475112915,0.14554975926876068
72,28349,,,,0.16196325421333313,0.19908325374126434
72,28399,,,,0.1789713203907013,0.20159976184368134
72,28449,,,,0.24993421137332916,0.25942328572273254
72,28469,0.8858000040054321,0.781830906867981,0.7424479126930237,,
73,28499,,,,0.23033563792705536,0.22797949612140656
73,28549,,,,0.26294922828674316,0.25093427300453186
73,28599,,,,0.28371599316596985,0.2838067412376404
73,28649,,,,0.3927605450153351,0.36445605754852295
73,28699,,,,0.1859903633594513,0.20621991157531738
73,28749,,,,0.3039068579673767,0.25899869203567505
73,28799,,,,0.11942838877439499,0.14815875887870789
73,28849,,,,0.4421660900115967,0.4142642021179199
73,28859,0.8806999921798706,0.7729166746139526,0.7703325152397156,,
74,28899,,,,0.3404405117034912,0.3066282272338867
74,28949,,,,0.2718527913093567,0.31858640909194946
74,28999,,,,0.5215478539466858,0.4352453649044037
74,29049,,,,0.2630574703216553,0.2621098458766937
74,29099,,,,0.43474698066711426,0.395506352186203
74,29149,,,,0.09813612699508667,0.12274026870727539
74,29199,,,,0.1466389149427414,0.14572106301784515
74,29249,,,,0.20883475244045258,0.23411443829536438
74,29249,0.8773000240325928,0.7735376358032227,0.7692908644676208,,
75,29299,,,,0.17384181916713715,0.15800395607948303
75,29349,,,,0.24132871627807617,0.25183090567588806
75,29399,,,,0.3545796871185303,0.34650546312332153
75,29449,,,,0.24444037675857544,0.24531862139701843
75,29499,,,,0.2828764319419861,0.2526416778564453
75,29549,,,,0.16783374547958374,0.16140039265155792
75,29599,,,,0.5513397455215454,0.5863582491874695
75,29639,0.876800000667572,0.7778044939041138,0.778124988079071,,
76,29649,,,,0.19218701124191284,0.17830674350261688
76,29699,,,,0.23544396460056305,0.2052258998155594
76,29749,,,,0.3927689492702484,0.42326685786247253
76,29799,,,,0.5302961468696594,0.46327704191207886
76,29849,,,,0.19677534699440002,0.21064825356006622
76,29899,,,,0.2620880603790283,0.2476610243320465
76,29949,,,,0.2342343032360077,0.24440188705921173
76,29999,,,,0.19833385944366455,0.1834494024515152
76,30029,0.8730000257492065,0.7759014368057251,0.775821328163147,,
77,30049,,,,0.29778504371643066,0.2795458137989044
77,30099,,,,0.17001299560070038,0.15917332470417023
77,30149,,,,0.18452371656894684,0.212222620844841
77,30199,,,,0.20537641644477844,0.2095036506652832
77,30249,,,,0.26204466819763184,0.2846216559410095
77,30299,,,,0.5993854999542236,0.7602514624595642
77,30349,,,,0.22149893641471863,0.2333151251077652
77,30399,,,,0.19454346597194672,0.21870774030685425
77,30419,0.8795999884605408,0.7736979126930237,0.7775240540504456,,
78,30449,,,,0.25625959038734436,0.23017120361328125
78,30499,,,,0.5030237436294556,0.4839843511581421
78,30549,,,,0.5067459344863892,0.5478547811508179
78,30599,,,,0.581344723701477,0.4256257116794586
78,30649,,,,0.2995587885379791,0.33477041125297546
78,30699,,,,0.16272635757923126,0.19711463153362274
78,30749,,,,0.25501662492752075,0.2589174509048462
78,30799,,,,0.17836588621139526,0.1684456616640091
78,30809,0.8618999719619751,0.7811899185180664,0.777924656867981,,
79,30849,,,,0.19973686337471008,0.20284174382686615
79,30899,,,,0.33731353282928467,0.3624425530433655
79,30949,,,,0.24299290776252747,0.22494685649871826
79,30999,,,,0.21580849587917328,0.22354227304458618
79,31049,,,,0.32473400235176086,0.3844066560268402
79,31099,,,,0.22792060673236847,0.20709988474845886
79,31149,,,,0.26184406876564026,0.22993114590644836
79,31199,,,,0.21601855754852295,0.2150658816099167
79,31199,0.8787999749183655,0.7778846025466919,0.7811899185180664,,
80,31249,,,,0.17214827239513397,0.19558720290660858
80,31299,,,,0.2783679664134979,0.29107481241226196
80,31349,,,,0.21982821822166443,0.20828655362129211
80,31399,,,,0.4904051721096039,0.5711820721626282
80,31449,,,,0.4002860486507416,0.3743729889392853
80,31499,,,,0.21775202453136444,0.18994592130184174
80,31549,,,,0.20795461535453796,0.22675535082817078
80,31589,0.8835999965667725,0.7794871926307678,0.7810696959495544,,
81,31599,,,,0.2435409128665924,0.2645520269870758
81,31649,,,,0.2551061809062958,0.2615102529525757
81,31699,,,,0.19178275763988495,0.19999054074287415
81,31749,,,,0.19705908000469208,0.21417880058288574
81,31799,,,,0.16004414856433868,0.1804584264755249
81,31849,,,,0.4529396593570709,0.35809391736984253
81,31899,,,,0.7342028021812439,0.705791711807251
81,31949,,,,0.38650524616241455,0.42144256830215454
81,31979,0.8810999989509583,0.7813301086425781,0.7783653736114502,,
82,31999,,,,0.22219529747962952,0.252218633890152
82,32049,,,,0.16756151616573334,0.18249760568141937
82,32099,,,,0.16260389983654022,0.1845928430557251
82,32149,,,,0.16331645846366882,0.16660833358764648
82,32199,,,,0.2290486842393875,0.2352537363767624
82,32249,,,,0.3121336102485657,0.3523334264755249
82,32299,,,,0.407740980386734,0.39704322814941406
82,32349,,,,0.16766734421253204,0.12794280052185059
82,32369,0.7634999752044678,0.7742387652397156,0.7775841355323792,,
83,32399,,,,0.09808176010847092,0.09468556195497513
83,32449,,,,0.11585914343595505,0.10513413697481155
83,32499,,,,0.1705174744129181,0.16990183293819427
83,32549,,,,0.2702844738960266,0.22447457909584045
83,32599,,,,0.1713448166847229,0.16455486416816711
83,32649,,,,0.2362978160381317,0.24157042801380157
83,32699,,,,0.5376605987548828,0.516129195690155
83,32749,,,,0.4349530339241028,0.354843407869339
83,32759,0.8414000272750854,0.7567307949066162,0.7659054398536682,,
84,32799,,,,0.17823593318462372,0.17443150281906128
84,32849,,,,0.19620707631111145,0.2044207900762558
84,32899,,,,0.165501207113266,0.1755819022655487
84,32949,,,,0.09565074741840363,0.08632567524909973
84,32999,,,,0.13350163400173187,0.14121858775615692
84,33049,,,,0.21100786328315735,0.1855902075767517
84,33099,,,,0.12780407071113586,0.1340346336364746
84,33149,,,,0.22081904113292694,0.19756339490413666
84,33149,0.8845000267028809,0.7547876834869385,0.7640825510025024,,
85,33199,,,,0.25320911407470703,0.24634504318237305
85,33249,,,,0.4615177512168884,0.4550067186355591
85,33299,,,,0.2462392896413803,0.23854491114616394
85,33349,,,,0.5389187335968018,0.5257740020751953
85,33399,,,,0.14369574189186096,0.15728934109210968
85,33449,,,,0.2646551728248596,0.23622892796993256
85,33499,,,,0.19637325406074524,0.20215249061584473
85,33539,0.8894000053405762,0.775661051273346,0.7767428159713745,,
86,33549,,,,0.22334308922290802,0.21436090767383575
86,33599,,,,0.2348947823047638,0.25883495807647705
86,33649,,,,0.15851637721061707,0.16297972202301025
86,33699,,,,0.2453272044658661,0.2513725757598877
86,33749,,,,0.2695968449115753,0.28626033663749695
86,33799,,,,0.3075735569000244,0.3833859860897064
86,33849,,,,0.2439838945865631,0.25951164960861206
86,33899,,,,0.2585797905921936,0.2593759298324585
86,33929,0.8896999955177307,0.7794871926307678,0.7823517918586731,,
87,33949,,,,0.5124080181121826,0.48164910078048706
87,33999,,,,0.15932676196098328,0.18323259055614471
87,34049,,,,0.20250561833381653,0.21724383533000946
87,34099,,,,0.25080612301826477,0.2585406005382538
87,34149,,,,0.5075477957725525,0.4798767566680908
87,34199,,,,0.24903544783592224,0.2637524902820587
87,34249,,,,0.22526581585407257,0.1993676871061325
87,34299,,,,0.30007821321487427,0.27431952953338623
87,34319,0.8945000171661377,0.779026448726654,0.7599359154701233,,
88,34349,,,,0.527488112449646,0.47848621010780334
88,34399,,,,0.32252657413482666,0.33008432388305664
88,34449,,,,0.2656205892562866,0.2680055797100067
88,34499,,,,0.2183266431093216,0.2177123725414276
88,34549,,,,0.4856838583946228,0.5099717378616333
88,34599,,,,0.32151472568511963,0.37716060876846313
88,34649,,,,0.3668230473995209,0.36314693093299866
88,34699,,,,0.27883222699165344,0.2522662281990051
88,34709,0.8838000297546387,0.7850160002708435,0.7799078822135925,,
89,34749,,,,0.26757800579071045,0.282389372587204
89,34799,,,,0.22887417674064636,0.21609127521514893
89,34849,,,,0.2860463559627533,0.36361226439476013
89,34899,,,,0.24819548428058624,0.25738394260406494
89,34949,,,,0.523277997970581,0.49257808923721313
89,34999,,,,0.19802983105182648,0.1942325234413147
89,35049,,,,0.22638937830924988,0.20777161419391632
89,35099,,,,0.2799524962902069,0.2932071387767792
89,35099,0.8870999813079834,0.784415066242218,0.7799078822135925,,
90,35149,,,,0.25578805804252625,0.28340160846710205
90,35199,,,,0.41001006960868835,0.37917202711105347
90,35249,,,,0.18482188880443573,0.1549260914325714
90,35299,,,,0.23520581424236298,0.21277298033237457
90,35349,,,,0.22656849026679993,0.20651869475841522
90,35399,,,,0.2818586230278015,0.3624381422996521
90,35449,,,,0.23881499469280243,0.246636301279068
90,35489,0.8902000188827515,0.7830528616905212,0.7851161956787109,,
91,35499,,,,0.41317591071128845,0.4421471655368805
91,35549,,,,0.3360104262828827,0.2929132878780365
91,35599,,,,0.1779746115207672,0.16492712497711182
91,35649,,,,0.256000816822052,0.27963170409202576
91,35699,,,,0.303925484418869,0.2759081721305847
91,35749,,,,0.2249245047569275,0.26942166686058044
91,35799,,,,0.3647875487804413,0.42751070857048035
91,35849,,,,0.4984842836856842,0.4890210032463074
91,35879,0.8938000202178955,0.7878805994987488,0.7841346263885498,,
92,35899,,,,0.1478077918291092,0.1449296772480011
92,35949,,,,0.4012575149536133,0.38720259070396423
92,35999,,,,0.2048952430486679,0.1797887533903122
92,36049,,,,0.5256189107894897,0.49932122230529785
92,36099,,,,0.17980921268463135,0.20151646435260773
92,36149,,,,0.22189421951770782,0.231183722615242
92,36199,,,,0.24098613858222961,0.24638453125953674
92,36249,,,,0.19193652272224426,0.18721310794353485
92,36269,0.8809999823570251,0.778866171836853,0.7772836685180664,,
93,36299,,,,0.2714197039604187,0.22231194376945496
93,36349,,,,0.3064412772655487,0.2717304229736328
93,36399,,,,0.30478453636169434,0.2551737129688263
93,36449,,,,0.2485085278749466,0.2454984337091446
93,36499,,,,0.2611478865146637,0.24971447885036469
93,36549,,,,0.2559560239315033,0.22940269112586975
93,36599,,,,0.24747204780578613,0.27485769987106323
93,36649,,,,0.28474459052085876,0.2970651388168335
93,36659,0.8873999714851379,0.7818509340286255,0.7897436022758484,,
94,36699,,,,0.4750123918056488,0.5029592514038086
94,36749,,,,0.5088033676147461,0.5018853545188904
94,36799,,,,0.27296754717826843,0.2531094253063202
94,36849,,,,0.26871615648269653,0.26457473635673523
94,36899,,,,0.2334139049053192,0.2137947678565979
94,36949,,,,0.3492850959300995,0.29451802372932434
94,36999,,,,0.3959157466888428,0.38724130392074585
94,37049,,,,0.23040589690208435,0.24388566613197327
94,37049,0.8942000269889832,0.7875000238418579,0.7886818647384644,,
95,37099,,,,0.22809183597564697,0.2567104697227478
95,37149,,,,0.2418554276227951,0.24521785974502563
95,37199,,,,0.2709718346595764,0.23281170427799225
95,37249,,,,0.2726333737373352,0.29469582438468933
95,37299,,,,0.2716096341609955,0.2809571921825409
95,37349,,,,0.33280056715011597,0.2941246032714844
95,37399,,,,0.28100961446762085,0.22585393488407135
95,37439,0.8916000127792358,0.7872996926307678,0.7861578464508057,,
96,37449,,,,0.2408841848373413,0.26125672459602356
96,37499,,,,0.19754399359226227,0.17125022411346436
96,37549,,,,0.7282838225364685,0.7152392864227295
96,37599,,,,0.18849076330661774,0.1847933530807495
96,37649,,,,0.1868719458580017,0.19720669090747833
96,37699,,,,0.33798477053642273,0.4520176351070404
96,37749,,,,0.37740838527679443,0.33656084537506104
96,37799,,,,0.23349200189113617,0.20649178326129913
96,37829,0.8937000036239624,0.7891025543212891,0.7843950390815735,,
97,37849,,,,0.3158038556575775,0.31580185890197754
97,37899,,,,0.3442593514919281,0.3547282814979553
97,37949,,,,0.3187828063964844,0.2697444260120392
97,37999,,,,0.9624889492988586,1.0553758144378662
97,38049,,,,0.48876693844795227,0.5112952589988708
97,38099,,,,0.17674723267555237,0.1570737361907959
97,38149,,,,0.2765492796897888,0.24203309416770935
97,38199,,,,0.39613640308380127,0.3797864317893982
97,38219,0.890500009059906,0.7847355604171753,0.7829927802085876,,
98,38249,,,,0.2135496586561203,0.20561932027339935
98,38299,,,,0.40241727232933044,0.3904567360877991
98,38349,,,,0.5237483382225037,0.44719138741493225
98,38399,,,,0.4991975426673889,0.5174702405929565
98,38449,,,,0.11602640151977539,0.10704198479652405
98,38499,,,,0.5295040607452393,0.4985598921775818
98,38549,,,,0.5763452053070068,0.42118215560913086
98,38599,,,,0.2644211947917938,0.2567498981952667
98,38609,0.8845000267028809,0.7811097502708435,0.7895032167434692,,
99,38649,,,,0.21993966400623322,0.21912343800067902
99,38699,,,,0.7257339358329773,0.6658790707588196
99,38749,,,,0.23342162370681763,0.2668441832065582
99,38799,,,,0.26650092005729675,0.24946153163909912
99,38849,,,,0.228009894490242,0.2205769568681717
99,38899,,,,0.18476471304893494,0.16453592479228973
99,38949,,,,0.1871081441640854,0.15462875366210938
99,38999,,,,0.3144540786743164,0.29606568813323975
99,38999,0.8795999884605408,0.7610176205635071,0.7824919819831848,,
100,39049,,,,0.38086891174316406,0.29692721366882324
100,39099,,,,0.38035619258880615,0.3239091634750366
100,39149,,,,0.254343181848526,0.24942928552627563
100,39199,,,,0.40174341201782227,0.39272263646125793
100,39249,,,,0.7289380431175232,0.6897298097610474
100,39299,,,,0.4158898890018463,0.38927826285362244
100,39349,,,,0.36665067076683044,0.34593522548675537
100,39389,0.8880000114440918,0.785937488079071,0.7933694124221802,,
101,39399,,,,0.5226871371269226,0.5420408248901367
101,39449,,,,0.28065457940101624,0.21729759871959686
101,39499,,,,0.482402503490448,0.5521022081375122
101,39549,,,,0.1876773089170456,0.194053053855896
101,39599,,,,0.379745215177536,0.4382115304470062
101,39649,,,,0.2602505087852478,0.2982851564884186
101,39699,,,,0.2226697951555252,0.27148929238319397
101,39749,,,,0.42405086755752563,0.4108033776283264
101,39779,0.8917999863624573,0.7915064096450806,0.787580132484436,,
102,39799,,,,0.25210580229759216,0.243341326713562
102,39849,,,,0.48777616024017334,0.44976651668548584
102,39899,,,,0.4081771969795227,0.4362879693508148
102,39949,,,,0.306033194065094,0.35318517684936523
102,39999,,,,0.3163369297981262,0.34020382165908813
102,40049,,,,0.6524737477302551,0.585060715675354
102,40099,,,,0.18991264700889587,0.18285129964351654
102,40149,,,,0.2631421685218811,0.25049281120300293
102,40169,0.8938999772071838,0.7939302921295166,0.7872195243835449,,
103,40199,,,,0.16008369624614716,0.15812599658966064
103,40249,,,,0.35319939255714417,0.41466209292411804
103,40299,,,,0.2320937067270279,0.22708262503147125
103,40349,,,,0.2611652612686157,0.246579110622406
103,40399,,,,0.2936328649520874,0.28573495149612427
103,40449,,,,0.730248212814331,0.6850718259811401
103,40499,,,,0.2686820924282074,0.2779380679130554
103,40549,,,,0.23263393342494965,0.23076796531677246
103,40559,0.8866999745368958,0.7908653616905212,0.7879006266593933,,
104,40599,,,,0.26781296730041504,0.2968074083328247
104,40649,,,,0.30626675486564636,0.31087252497673035
104,40699,,,,0.2572978138923645,0.28582537174224854
104,40749,,,,0.27284783124923706,0.24283431470394135
104,40799,,,,0.36305391788482666,0.31456679105758667
104,40849,,,,0.2876124978065491,0.24906319379806519
104,40899,,,,0.20608873665332794,0.18577350676059723
104,40949,,,,0.3082534968852997,0.24724234640598297
104,40949,0.8805999755859375,0.7877404093742371,0.7924278974533081,,
105,40999,,,,0.2517673671245575,0.20273350179195404
105,41049,,,,0.24579937756061554,0.26127809286117554
105,41099,,,,0.4680089056491852,0.4826267659664154
105,41149,,,,0.49143874645233154,0.5616825819015503
105,41199,,,,0.5191910266876221,0.48406970500946045
105,41249,,,,0.6987107992172241,0.5251659154891968
105,41299,,,,0.330049991607666,0.34579989314079285
105,41339,0.8884000182151794,0.7896033525466919,0.7956730723381042,,
106,41349,,,,0.38817188143730164,0.4237641394138336
106,41399,,,,0.5714839696884155,0.46375253796577454
106,41449,,,,0.215610533952713,0.22132131457328796
106,41499,,,,0.30060407519340515,0.2809154689311981
106,41549,,,,0.25539472699165344,0.2238123118877411
106,41599,,,,0.26918384432792664,0.22678489983081818
106,41649,,,,0.2748684287071228,0.2861008048057556
106,41699,,,,0.24511000514030457,0.24872535467147827
106,41729,0.8966000080108643,0.7915464639663696,0.7972556352615356,,
107,41749,,,,0.31181320548057556,0.3202836513519287
107,41799,,,,0.3899821937084198,0.40234920382499695
107,41849,,,,0.2372799962759018,0.2812654376029968
107,41899,,,,0.18761923909187317,0.18295331299304962
107,41949,,,,nan,nan
107,41999,,,,0.2378181517124176,0.2645469009876251
107,42049,,,,0.28269314765930176,0.22457140684127808
107,42099,,,,0.3226703107357025,0.329646497964859
107,42119,0.8902999758720398,0.7933894395828247,0.792808473110199,,
108,42149,,,,0.17658324539661407,0.1787663847208023
108,42199,,,,0.3562372922897339,0.3325154185295105
108,42249,,,,0.42578649520874023,0.41481590270996094
108,42299,,,,0.18526561558246613,0.1598377674818039
108,42349,,,,0.14065904915332794,0.16140156984329224
108,42399,,,,0.4294871985912323,0.5037643313407898
108,42449,,,,0.4320284426212311,0.4443616569042206
108,42499,,,,0.5187152624130249,0.45324164628982544
108,42509,0.8978000283241272,0.7951722741127014,0.7895032167434692,,
109,42549,,,,0.5265887975692749,0.5447531342506409
109,42599,,,,0.5670797228813171,0.49232572317123413
109,42649,,,,0.1502223014831543,0.16414043307304382
109,42699,,,,0.22001561522483826,0.24567978084087372
109,42749,,,,0.39835599064826965,0.38906770944595337
109,42799,,,,0.2337750792503357,0.24391163885593414
109,42849,,,,0.25999751687049866,0.2883133888244629
109,42899,,,,0.5198667645454407,0.5158794522285461
109,42899,0.8876000046730042,0.7926682829856873,0.7916065454483032,,
110,42949,,,,1.0214345455169678,1.0470576286315918
110,42999,,,,0.49033257365226746,0.5082098841667175
110,43049,,,,0.2553066611289978,0.22996215522289276
110,43099,,,,0.6529768109321594,0.645122766494751
110,43149,,,,0.4043038487434387,0.5534143447875977
110,43199,,,,0.2891685962677002,0.3641223609447479
110,43249,,,,0.6083680391311646,0.7487942576408386
110,43289,0.8909000158309937,0.7985777258872986,0.7986378073692322,,
111,43299,,,,0.5148617029190063,0.4835413098335266
111,43349,,,,0.4033704400062561,0.44256219267845154
111,43399,,,,0.4145480692386627,0.4764113426208496
111,43449,,,,0.338337779045105,0.4319280683994293
111,43499,,,,0.5356340408325195,0.4923015534877777
111,43549,,,,0.2494061291217804,0.23149403929710388
111,43599,,,,1.0335854291915894,0.7776888608932495
111,43649,,,,0.4359375536441803,0.5348990559577942
111,43679,0.8956999778747559,0.7974759340286255,0.799258828163147,,
112,43699,,,,0.508540153503418,0.5370209813117981
112,43749,,,,0.32534486055374146,0.30030906200408936
112,43799,,,,0.28680717945098877,0.30136895179748535
112,43849,,,,0.3285907208919525,0.2929764986038208
112,43899,,,,0.26988038420677185,0.28453880548477173
112,43949,,,,0.2342366874217987,0.24372723698616028
112,43999,,,,0.29668474197387695,0.2965751588344574
112,44049,,,,0.49613040685653687,0.521085798740387
112,44069,0.8873999714851379,0.7943710088729858,0.799298882484436,,
113,44099,,,,2.028730630874634,1.5539580583572388
113,44149,,,,0.2221749871969223,0.24092984199523926
113,44199,,,,0.5019629001617432,0.5073316693305969
113,44249,,,,0.3243793845176697,0.3473047912120819
113,44299,,,,0.3237527906894684,0.31507980823516846
113,44349,,,,0.248104989528656,0.2413395345211029
113,44399,,,,0.6891242265701294,0.6876366138458252
113,44449,,,,0.2767615020275116,0.2801670432090759
113,44459,0.8924999833106995,0.7961938977241516,0.7999399304389954,,
114,44499,,,,0.24932849407196045,0.23821966350078583
114,44549,,,,0.27104201912879944,0.27905139327049255
114,44599,,,,0.6359837055206299,0.6052471995353699
114,44649,,,,0.33592307567596436,0.3070516586303711
114,44699,,,,0.3249332308769226,0.3172011375427246
114,44749,,,,0.25905469059944153,0.24427250027656555
114,44799,,,,0.2701877951622009,0.24568217992782593
114,44849,,,,0.3385697603225708,0.3088299632072449
114,44849,0.8852999806404114,0.7982772588729858,0.7949719429016113,,
115,44899,,,,0.2638581395149231,0.23784907162189484
115,44949,,,,0.1952677071094513,0.18896953761577606
115,44999,,,,0.3069993555545807,0.3140379786491394
115,45049,,,,0.23574423789978027,0.24529704451560974
115,45099,,,,0.2774575650691986,0.3414827585220337
115,45149,,,,0.13499470055103302,0.1518992930650711
115,45199,,,,0.252553790807724,0.2375653237104416
115,45239,0.8805999755859375,0.7949919700622559,0.7883613705635071,,
116,45249,,,,0.16258038580417633,0.17788921296596527
116,45299,,,,0.29268261790275574,0.29116031527519226
116,45349,,,,0.2185330092906952,0.21481749415397644
116,45399,,,,0.331772118806839,0.4200877249240875
116,45449,,,,0.26532819867134094,0.31432288885116577
116,45499,,,,0.37309035658836365,0.3806789815425873
116,45549,,,,0.4947082996368408,0.4215272068977356
116,45599,,,,0.27040666341781616,0.28369972109794617
116,45629,0.8992000222206116,0.7988781929016113,0.7920272350311279,,
117,45649,,,,0.21811732649803162,0.23088140785694122
117,45699,,,,0.23973426222801208,0.2768334448337555
117,45749,,,,0.6361045837402344,0.6068112254142761
117,45799,,,,0.5388252139091492,0.4049350619316101
117,45849,,,,0.15854473412036896,0.17223361134529114
117,45899,,,,0.1979570835828781,0.19378383457660675
117,45949,,,,0.35313841700553894,0.3476409614086151
117,45999,,,,0.15141725540161133,0.16996748745441437
117,46019,0.8981000185012817,0.8008413314819336,0.7971554398536682,,
118,46049,,,,0.4486423432826996,0.5619902610778809
118,46099,,,,0.2857171595096588,0.3535890281200409
118,46149,,,,0.17577213048934937,0.1809529811143875
118,46199,,,,0.44953545928001404,0.4345492422580719
118,46249,,,,0.33557480573654175,0.3591444492340088
118,46299,,,,0.25911441445350647,0.23989856243133545
118,46349,,,,0.3593108355998993,0.34064656496047974
118,46399,,,,0.1761402189731598,0.15527977049350739
118,46409,0.8902000188827515,0.8018429279327393,0.7973757982254028,,
119,46449,,,,0.9388341307640076,0.9433784484863281
119,46499,,,,0.5043597221374512,0.46884164214134216
119,46549,,,,0.26189330220222473,0.29632994532585144
119,46599,,,,0.2339637577533722,0.25808805227279663
119,46649,,,,0.22290870547294617,0.18783751130104065
119,46699,,,,1.1464591026306152,1.1286122798919678
119,46749,,,,1.1074074506759644,0.9534447193145752
119,46799,,,,0.29160720109939575,0.2731461822986603
119,46799,0.8942999839782715,0.7992788553237915,0.7987980842590332,,
120,46849,,,,0.3490428924560547,0.40241310000419617
120,46899,,,,0.16212697327136993,0.14815467596054077
120,46949,,,,2.211150646209717,1.548407793045044
120,46999,,,,0.5340111255645752,0.4653856158256531
120,47049,,,,1.5213936567306519,1.9968866109848022
120,47099,,,,1.0344085693359375,0.9254677891731262
120,47149,,,,0.5811360478401184,0.5093306303024292
120,47189,0.8971999883651733,0.8019030690193176,0.8026642799377441,,
121,47199,,,,0.5268633961677551,0.5331853628158569
121,47249,,,,0.503192663192749,0.4181167185306549
121,47299,,,,0.44171926379203796,0.3596225082874298
121,47349,,,,0.35255831480026245,0.3294786512851715
121,47399,,,,0.3207463324069977,0.3294660449028015
121,47449,,,,1.8637927770614624,2.168870687484741
121,47499,,,,0.43991121649742126,0.3860566020011902
121,47549,,,,0.2565551996231079,0.24856460094451904
121,47579,0.8845999836921692,0.7980769276618958,0.8029647469520569,,
122,47599,,,,0.35944807529449463,0.3168584704399109
122,47649,,,,0.24645766615867615,0.23511627316474915
122,47699,,,,0.48816102743148804,0.5366203784942627
122,47749,,,,0.3565576672554016,0.328976571559906
122,47799,,,,0.2762281596660614,0.23370781540870667
122,47849,,,,0.2569022476673126,0.30160507559776306
122,47899,,,,0.4549117386341095,0.5580205917358398
122,47949,,,,1.9779226779937744,1.705355167388916
122,47969,0.8938999772071838,0.8010016083717346,0.8040063977241516,,
123,47999,,,,0.3211401402950287,0.31025710701942444
123,48049,,,,0.44810813665390015,0.5130730271339417
123,48099,,,,0.4005250036716461,0.4290696084499359
123,48149,,,,0.22792252898216248,0.2338385432958603
123,48199,,,,0.36890122294425964,0.4228435158729553
123,48249,,,,0.36480221152305603,0.4146154820919037
123,48299,,,,0.5293141603469849,0.41091299057006836
123,48349,,,,0.2627164125442505,0.2838626205921173
123,48359,0.9013000130653381,0.8037059307098389,0.8019831776618958,,
124,48399,,,,0.4536236524581909,0.5339454412460327
124,48449,,,,0.3625279366970062,0.4107740819454193
124,48499,,,,0.31964582204818726,0.2611055076122284
124,48549,,,,0.5695469975471497,0.5041285157203674
124,48599,,,,0.5255429744720459,0.5222169756889343
124,48649,,,,0.2836371660232544,0.3011777997016907
124,48699,,,,0.31805306673049927,0.3103519082069397
124,48749,,,,0.28387030959129333,0.2514466941356659
124,48749,0.8942000269889832,0.8040464520454407,0.8018830418586731,,
125,48799,,,,0.1863718032836914,0.19053763151168823
125,48849,,,,0.24619649350643158,0.2316235601902008
125,48899,,,,0.34034013748168945,0.28172409534454346
125,48949,,,,0.2086237370967865,0.22415204346179962
125,48999,,,,1.1344414949417114,1.0806388854980469
125,49049,,,,0.31177645921707153,0.31941622495651245
125,49099,,,,0.5613097548484802,0.4669557809829712
125,49139,0.8884999752044678,0.8058093190193176,0.8036057949066162,,
126,49149,,,,0.2675582766532898,0.2496328353881836
126,49199,,,,0.4221864342689514,0.5526960492134094
126,49249,,,,0.34719353914260864,0.43457135558128357
126,49299,,,,0.3150249719619751,0.2868117392063141
126,49349,,,,0.3685491979122162,0.4136413037776947
126,49399,,,,1.1225568056106567,0.8539607524871826
126,49449,,,,0.2446896731853485,0.23509742319583893
126,49499,,,,0.2954676151275635,0.3552538752555847
126,49529,0.8913000226020813,0.8053085207939148,0.8032251596450806,,
127,49549,,,,nan,nan
127,49599,,,,0.3101584017276764,0.32457447052001953
127,49649,,,,0.3179738521575928,0.33034905791282654
127,49699,,,,0.18998196721076965,0.16067799925804138
127,49749,,,,0.38125234842300415,0.3052074909210205
127,49799,,,,0.5062204003334045,0.5764224529266357
127,49849,,,,0.2934158742427826,0.3546830415725708
127,49899,,,,0.41671285033226013,0.38148388266563416
127,49919,0.8978000283241272,0.8016025424003601,0.8045472502708435,,
128,49949,,,,0.2803778052330017,0.2851746380329132
128,49999,,,,0.4448539614677429,0.4534299373626709
128,50049,,,,0.17784136533737183,0.1491016298532486
128,50099,,,,0.4092333912849426,0.3952760398387909
128,50149,,,,0.1904081106185913,0.19981227815151215
128,50199,,,,0.4833013415336609,0.5257811546325684
128,50249,,,,0.24998825788497925,0.3084641396999359
128,50299,,,,0.503934919834137,0.5211647748947144
128,50309,0.8931000232696533,0.8038662075996399,0.8060697317123413,,
129,50349,,,,0.37128207087516785,0.34603220224380493
129,50399,,,,0.24268889427185059,0.24504002928733826
129,50449,,,,0.30570006370544434,0.3614453673362732
129,50499,,,,0.1537403166294098,0.1883547604084015
129,50549,,,,0.48018789291381836,0.5558061599731445
129,50599,,,,0.3348177373409271,0.3361506462097168
129,50649,,,,0.3909178674221039,0.42980071902275085
129,50699,,,,0.5128987431526184,0.5872559547424316
129,50699,0.8931999802589417,0.8060296177864075,0.7994190454483032,,
130,50749,,,,0.4328250288963318,0.5642123818397522
130,50799,,,,0.5315549373626709,0.5071547031402588
130,50849,,,,0.33587390184402466,0.3534131944179535
130,50899,,,,0.416951984167099,0.36899954080581665
130,50949,,,,0.584356427192688,0.5453307032585144
130,50999,,,,0.47568279504776,0.4576066732406616
130,51049,,,,0.2476973533630371,0.23534291982650757
130,51089,0.8909000158309937,0.8038461804389954,0.8058694005012512,,
131,51099,,,,0.43786823749542236,0.5343843102455139
131,51149,,,,0.29446423053741455,0.2931712567806244
131,51199,,,,0.7413420081138611,1.1668550968170166
131,51249,,,,0.5239497423171997,0.5238942503929138
131,51299,,,,0.42982807755470276,0.4121013581752777
131,51349,,,,0.2467968463897705,0.2952992618083954
131,51399,,,,0.17526544630527496,0.20634126663208008
131,51449,,,,0.4115807116031647,0.3809785842895508
131,51479,0.8942000269889832,0.8088341355323792,0.8067708611488342,,
132,51499,,,,0.4999943971633911,0.46559345722198486
132,51549,,,,0.5474596619606018,0.5200739502906799
132,51599,,,,1.9961731433868408,2.2176012992858887
132,51649,,,,0.5150917172431946,0.4468863606452942
132,51699,,,,0.4805527329444885,0.42283788323402405
132,51749,,,,0.22629669308662415,0.19539479911327362
132,51799,,,,0.5642511248588562,0.45899370312690735
132,51849,,,,0.7472698092460632,0.6707078218460083
132,51869,0.892300009727478,0.8049479126930237,0.806911051273346,,
133,51899,,,,0.49486881494522095,0.5203030705451965
133,51949,,,,0.3973187506198883,0.5379801988601685
133,51999,,,,0.4858304560184479,0.45165470242500305
133,52049,,,,0.5411257743835449,0.5002082586288452
133,52099,,,,0.45587265491485596,0.49419400095939636
133,52149,,,,0.3871157169342041,0.39860406517982483
133,52199,,,,0.3759131133556366,0.39326393604278564
133,52249,,,,0.35676878690719604,0.359971821308136
133,52259,0.8885999917984009,0.806911051273346,0.8058894276618958,,
134,52299,,,,0.4953852891921997,0.5369452238082886
134,52349,,,,0.270504891872406,0.2684723734855652
134,52399,,,,0.3719860017299652,0.45523950457572937
134,52449,,,,0.49440431594848633,0.7772542238235474
134,52499,,,,0.30569976568222046,0.37107130885124207
134,52549,,,,0.25265854597091675,0.25030556321144104
134,52599,,,,0.22850260138511658,0.240578293800354
134,52649,,,,0.2668871581554413,0.22181986272335052
134,52649,0.8906999826431274,0.8036258220672607,0.8034455180168152,,
135,52699,,,,0.4024043679237366,0.3994152545928955
135,52749,,,,0.6914308071136475,0.6578993797302246
135,52799,,,,0.5018529891967773,0.6841707229614258
135,52849,,,,0.5239315629005432,0.7324286699295044
135,52899,,,,0.7154672145843506,0.8016111850738525
135,52949,,,,0.4230971336364746,0.5583347082138062
135,52999,,,,0.3982079327106476,0.35649070143699646
135,53039,0.8986999988555908,0.8075320720672607,0.8081530332565308,,
136,53049,,,,0.3829213082790375,0.39093872904777527
136,53099,,,,0.22226443886756897,0.18668273091316223
136,53149,,,,0.21433375775814056,0.22505871951580048
136,53199,,,,0.43176203966140747,0.3342727720737457
136,53249,,,,0.5567125678062439,0.4340194761753082
136,53299,,,,0.5171347260475159,0.5933934450149536
136,53349,,,,0.5898592472076416,0.6609552502632141
136,53399,,,,0.4608778655529022,0.5517982244491577
136,53429,0.8942000269889832,0.8021434545516968,0.8096754550933838,,
137,53449,,,,0.5018167495727539,0.5197758674621582
137,53499,,,,0.3545202910900116,0.42257896065711975
137,53549,,,,0.3497454822063446,0.30574655532836914
137,53599,,,,0.35582730174064636,0.3777894973754883
137,53649,,,,0.3304024934768677,0.2832646369934082
137,53699,,,,0.373117059469223,0.4569258689880371
137,53749,,,,0.5370855331420898,0.5167078971862793
137,53799,,,,0.22735604643821716,0.2531717121601105
137,53819,0.8988999724388123,0.8106369972229004,0.8113982081413269,,
138,53849,,,,0.4497528076171875,0.5463366508483887
138,53899,,,,0.5344952940940857,0.4977591037750244
138,53949,,,,0.3383072316646576,0.3443669080734253
138,53999,,,,0.2675202488899231,0.24091854691505432
138,54049,,,,0.874207079410553,1.0540521144866943
138,54099,,,,0.2938867211341858,0.2793623208999634
138,54149,,,,0.40441590547561646,0.41296181082725525
138,54199,,,,0.27259764075279236,0.3182510435581207
138,54209,0.9007999897003174,0.8089743852615356,0.8053285479545593,,
139,54249,,,,0.5225942730903625,0.532557487487793
139,54299,,,,nan,nan
139,54349,,,,0.2776709794998169,0.30405110120773315
139,54399,,,,0.5916869640350342,0.7064611911773682
139,54449,,,,0.4974551498889923,0.4553864300251007
139,54499,,,,0.5101946592330933,0.5045050382614136
139,54549,,,,0.4919997751712799,0.47266170382499695
139,54599,,,,0.6512274742126465,0.7677643299102783
139,54599,0.8978999853134155,0.811017632484436,0.8074719309806824,,
140,54649,,,,0.24919010698795319,0.29069310426712036
140,54699,,,,nan,nan
140,54749,,,,0.396511971950531,0.3910025954246521
140,54799,,,,0.3578755557537079,0.30173152685165405
140,54849,,,,0.6420769691467285,0.638727068901062
140,54899,,,,0.36310818791389465,0.3715347349643707
140,54949,,,,0.561241626739502,0.4597271680831909
140,54989,0.8968999981880188,0.8120392560958862,0.8101762533187866,,
141,54999,,,,1.005997896194458,1.039003610610962
141,55049,,,,1.0089137554168701,0.8682805299758911
141,55099,,,,0.2512677311897278,0.2471345067024231
141,55149,,,,0.28189101815223694,0.24662907421588898
141,55199,,,,1.5417699813842773,2.0529532432556152
141,55249,,,,0.6755443811416626,0.6508197784423828
141,55299,,,,0.4560107886791229,0.5395082235336304
141,55349,,,,0.20818807184696198,0.2500910758972168
141,55379,0.8999000191688538,0.8118990659713745,0.8122195601463318,,
142,55399,,,,0.5557130575180054,0.5447508692741394
142,55449,,,,0.18072913587093353,0.18598680198192596
142,55499,,,,0.3594150245189667,0.3248099386692047
142,55549,,,,0.2898123264312744,0.34765657782554626
142,55599,,,,1.0500142574310303,0.7663673162460327
142,55649,,,,0.5154323577880859,0.4161665141582489
142,55699,,,,0.3513357639312744,0.38011375069618225
142,55749,,,,0.5424604415893555,0.5426026582717896
142,55769,0.901199996471405,0.8106570243835449,0.8125200271606445,,
143,55799,,,,0.4144461750984192,0.3466188609600067
143,55849,,,,0.4499152600765228,0.4695943295955658
143,55899,,,,0.27856600284576416,0.2693637013435364
143,55949,,,,0.2658710777759552,0.2371707260608673
143,55999,,,,0.42837464809417725,0.4863685965538025
143,56049,,,,0.3842464089393616,0.39653274416923523
143,56099,,,,0.4366450905799866,0.5374003648757935
143,56149,,,,0.32670241594314575,0.2910640835762024
143,56159,0.9027000069618225,0.8089743852615356,0.8130608797073364,,
144,56199,,,,0.4999687075614929,0.47959139943122864
144,56249,,,,0.6704422831535339,0.667227029800415
144,56299,,,,0.1916014403104782,0.20825664699077606
144,56349,,,,0.4924846291542053,0.517865777015686
144,56399,,,,0.5525408387184143,0.5330462455749512
144,56449,,,,0.36834225058555603,0.3188202679157257
144,56499,,,,0.5250523686408997,0.5571249127388
144,56549,,,,0.6554709672927856,0.6453940868377686
144,56549,0.9010999798774719,0.8138822317123413,0.8135216236114502,,
145,56599,,,,0.6468105316162109,0.6591154932975769
145,56649,,,,0.19115835428237915,0.18707449734210968
145,56699,,,,1.2007055282592773,0.9881935715675354
145,56749,,,,0.4330340325832367,0.36614519357681274
145,56799,,,,0.5005258321762085,0.5137888193130493
145,56849,,,,0.5652161836624146,0.39782968163490295
145,56899,,,,0.4287039339542389,0.3436368405818939
145,56939,0.9021999835968018,0.810977578163147,0.8137019276618958,,
146,56949,,,,0.7654038667678833,0.7402889728546143
146,56999,,,,0.3114911913871765,0.2761233448982239
146,57049,,,,0.43950849771499634,0.5372524261474609
146,57099,,,,0.6837673187255859,0.6490157246589661
146,57149,,,,0.6975676417350769,0.5481337308883667
146,57199,,,,0.3307577967643738,0.3229548931121826
146,57249,,,,0.31288403272628784,0.2803696393966675
146,57299,,,,0.28600797057151794,0.2907956540584564
146,57329,0.9047999978065491,0.8124599456787109,0.8154847621917725,,
147,57349,,,,0.9073749780654907,1.1737746000289917
147,57399,,,,0.5502337217330933,0.7213531732559204
147,57449,,,,0.22531434893608093,0.2711700201034546
147,57499,,,,0.721316933631897,0.7124283313751221
147,57549,,,,0.48616617918014526,0.4979492425918579
147,57599,,,,0.3873313367366791,0.39713531732559204
147,57649,,,,2.413609027862549,2.4139652252197266
147,57699,,,,2.162032127380371,1.4961304664611816
147,57719,0.8991000056266785,0.8138220906257629,0.8156850934028625,,
148,57749,,,,0.613007128238678,0.6280492544174194
148,57799,,,,0.5934348106384277,0.7522721290588379
148,57849,,,,0.4190549850463867,0.4250728189945221
148,57899,,,,0.4767780303955078,0.4657837152481079
148,57949,,,,0.33878833055496216,0.35317909717559814
148,57999,,,,0.38313421607017517,0.4012991487979889
148,58049,,,,0.5750613808631897,0.5382516384124756
148,58099,,,,0.36035752296447754,0.3578720688819885
148,58109,0.9002000093460083,0.8144230842590332,0.8142027258872986,,
149,58149,,,,1.060079574584961,0.8716511726379395
149,58199,,,,0.5097286701202393,0.5085424184799194
149,58249,,,,0.37387943267822266,0.3777387738227844
149,58299,,,,0.4974021315574646,0.5245242118835449
149,58349,,,,0.41814589500427246,0.5328046083450317
149,58399,,,,0.30263590812683105,0.27148693799972534
149,58449,,,,0.525647759437561,0.411223828792572
149,58499,,,,nan,nan
149,58499,0.9013000130653381,0.814883828163147,0.813401460647583,,
150,58549,,,,0.47609251737594604,0.4503438472747803
150,58599,,,,0.44581982493400574,0.5128002166748047
150,58649,,,,0.5938185453414917,0.6444586515426636
150,58699,,,,0.3872576653957367,0.3627752959728241
150,58749,,,,0.38722294569015503,0.3858722746372223
150,58799,,,,0.2895664572715759,0.29830050468444824
150,58849,,,,1.1050183773040771,0.8839643001556396
150,58889,0.901199996471405,0.8157852292060852,0.8164863586425781,,
151,58899,,,,0.5375146269798279,0.47753143310546875
151,58949,,,,0.4936782419681549,0.4661805033683777
151,58999,,,,0.5286805629730225,0.48076242208480835
151,59049,,,,0.6665279865264893,0.6721198558807373
151,59099,,,,0.42196518182754517,0.41151219606399536
151,59149,,,,0.29318967461586,0.3522786796092987
151,59199,,,,0.7000695466995239,0.5892038345336914
151,59249,,,,0.7048529982566833,0.6757690906524658
151,59279,0.8980000019073486,0.8167667984962463,0.8176282048225403,,
152,59299,,,,0.43169379234313965,0.5584461092948914
152,59349,,,,0.6497789621353149,0.647406816482544
152,59399,,,,0.46066713333129883,0.5001860857009888
152,59449,,,,0.7080926895141602,0.6022559404373169
152,59499,,,,0.3900052607059479,0.35836005210876465
152,59549,,,,0.3864384591579437,0.439686119556427
152,59599,,,,0.4372880458831787,0.5395059585571289
152,59649,,,,0.6335904598236084,0.6343274712562561
152,59669,0.9024999737739563,0.8157251477241516,0.8153846263885498,,
153,59699,,,,0.4980851411819458,0.5181339979171753
153,59749,,,,0.5042097568511963,0.4912337362766266
153,59799,,,,0.276084840297699,0.2707628905773163
153,59849,,,,0.48827797174453735,0.7389463782310486
153,59899,,,,0.45849698781967163,0.5351163148880005
153,59949,,,,0.42796382308006287,0.5357208251953125
153,59999,,,,0.927401065826416,0.9787181615829468
153,60049,,,,0.2924712896347046,0.2692309021949768
153,60059,0.9017999768257141,0.8160657286643982,0.814022421836853,,
154,60099,,,,0.3003288805484772,0.3453408479690552
154,60149,,,,0.664546549320221,0.6882597804069519
154,60199,,,,0.32634368538856506,0.31550276279449463
154,60249,,,,0.289853572845459,0.27940601110458374
154,60299,,,,0.7556803226470947,0.583267867565155
154,60349,,,,0.5183418393135071,0.47557029128074646
154,60399,,,,0.3128666877746582,0.3511624038219452
154,60449,,,,1.1162675619125366,0.9827485084533691
154,60449,0.8996000289916992,0.8177884817123413,0.817147433757782,,
155,60499,,,,0.36070752143859863,0.38663050532341003
155,60549,,,,0.41576406359672546,0.5229611396789551
155,60599,,,,0.46748679876327515,0.4591897428035736
155,60649,,,,nan,nan
155,60699,,,,0.7484842538833618,1.0567643642425537
155,60749,,,,0.33888721466064453,0.45317789912223816
155,60799,,,,nan,nan
155,60839,0.9002000093460083,0.8168669939041138,0.8179486989974976,,
156,60849,,,,0.2747754752635956,0.2776314914226532
156,60899,,,,0.754840612411499,0.7785985469818115
156,60949,,,,1.141847848892212,0.8799338936805725
156,60999,,,,0.7137667536735535,0.7789723873138428
156,61049,,,,1.1513231992721558,0.8150030374526978
156,61099,,,,0.3012641966342926,0.3038331866264343
156,61149,,,,0.7273333072662354,0.5858866572380066
156,61199,,,,0.5225901007652283,0.4934650957584381
156,61229,0.8968999981880188,0.8193309307098389,0.8186898827552795,,
157,61249,,,,0.9036116600036621,0.9303455352783203
157,61299,,,,0.526165246963501,0.4816652834415436
157,61349,,,,nan,nan
157,61399,,,,1.0532135963439941,0.7856784462928772
157,61449,,,,0.6998564600944519,0.7270128726959229
157,61499,,,,0.37966176867485046,0.4025578498840332
157,61549,,,,0.43660664558410645,0.5773856043815613
157,61599,,,,0.6503692269325256,0.672059178352356
157,61619,0.9024999737739563,0.8183293342590332,0.8197916746139526,,
158,61649,,,,0.4787929654121399,0.4895975589752197
158,61699,,,,nan,nan
158,61749,,,,0.3676787316799164,0.4567395746707916
158,61799,,,,0.3874629735946655,0.3473259210586548
158,61849,,,,0.5578903555870056,0.4705312252044678
158,61899,,,,0.5130674839019775,0.47481194138526917
158,61949,,,,0.2667965292930603,0.24110431969165802
158,61999,,,,0.5628332495689392,0.41482973098754883
158,62009,0.8950999975204468,0.8189502954483032,0.819411039352417,,
159,62049,,,,0.8713428974151611,1.1491410732269287
159,62099,,,,0.4917728900909424,0.5069546699523926
159,62149,,,,0.39825332164764404,0.3508490324020386
159,62199,,,,nan,nan
159,62249,,,,0.6485536098480225,0.7041530013084412
159,62299,,,,0.37661483883857727,0.45311179757118225
159,62349,,,,0.21521693468093872,0.23411928117275238
159,62399,,,,0.4833998382091522,0.47882363200187683
159,62399,0.9003999829292297,0.8198117017745972,0.8190905451774597,,
160,62449,,,,1.4815309047698975,2.016117572784424
160,62499,,,,1.1571848392486572,1.0074976682662964
160,62549,,,,0.9620468616485596,1.123081088066101
160,62599,,,,0.45284605026245117,0.48244747519493103
160,62649,,,,0.8615514039993286,0.8903945684432983
160,62699,,,,0.4955782890319824,0.43040233850479126
160,62749,,,,0.34154778718948364,0.41454607248306274
160,62789,0.9034000039100647,0.8200721144676208,0.8187500238418579,,
161,62799,,,,1.0306000709533691,1.1590981483459473
161,62849,,,,0.26313138008117676,0.37919777631759644
161,62899,,,,0.393464595079422,0.40480542182922363
161,62949,,,,0.4504552483558655,0.4811648726463318
161,62999,,,,0.6969446539878845,0.7156932353973389
161,63049,,,,0.5061391592025757,0.4634591341018677
161,63099,,,,0.5844444632530212,0.503171443939209
161,63149,,,,0.5074835419654846,0.45469823479652405
161,63179,0.8955000042915344,0.8209936022758484,0.8193709850311279,,
162,63199,,,,0.7063595056533813,0.7599395513534546
162,63249,,,,0.5733317136764526,0.4340099096298218
162,63299,,,,1.0934176445007324,1.046485424041748
162,63349,,,,0.4937750995159149,0.5833239555358887
162,63399,,,,0.21983925998210907,0.24050851166248322
162,63449,,,,2.1027891635894775,1.4672586917877197
162,63499,,,,1.1711057424545288,1.131221055984497
162,63549,,,,0.27838191390037537,0.2976014316082001
162,63569,0.902899980545044,0.8203325271606445,0.8194310665130615,,
163,63599,,,,0.8946292400360107,1.0018367767333984
163,63649,,,,nan,nan
163,63699,,,,0.43942153453826904,0.5243448615074158
163,63749,,,,0.5422696471214294,0.5141278505325317
163,63799,,,,0.37905406951904297,0.33415672183036804
163,63849,,,,0.4159047305583954,0.3610585629940033
163,63899,,,,1.7115387916564941,2.153702735900879
163,63949,,,,2.0689518451690674,1.5181288719177246
163,63959,0.897599995136261,0.8206329941749573,0.8208533525466919,,
164,63999,,,,1.1058918237686157,0.9593217372894287
164,64049,,,,0.5252029895782471,0.44948986172676086
164,64099,,,,0.3905383050441742,0.4187205731868744
164,64149,,,,0.4864495098590851,0.5328002572059631
164,64199,,,,0.32599425315856934,0.338289737701416
164,64249,,,,0.7824755907058716,0.7796201109886169
164,64299,,,,0.5927839875221252,0.6717268824577332
164,64349,,,,0.4765789210796356,0.4993527829647064
164,64349,0.9036999940872192,0.820893406867981,0.8202924728393555,,
165,64399,,,,0.4041769206523895,0.3698979616165161
165,64449,,,,0.3352409601211548,0.31387948989868164
165,64499,,,,0.7591882944107056,0.7019357085227966
165,64549,,,,0.3729865252971649,0.3853120803833008
165,64599,,,,0.47122520208358765,0.49537402391433716
165,64649,,,,1.1769497394561768,0.9839792251586914
165,64699,,,,0.7758536338806152,1.0841693878173828
165,64739,0.9021999835968018,0.8219351172447205,0.8221955299377441,,
166,64749,,,,0.42242252826690674,0.5296230316162109
166,64799,,,,0.0,0.0
166,64849,,,,0.8070899248123169,0.7997194528579712
166,64899,,,,0.4430202543735504,0.5107144117355347
166,64949,,,,0.4045048654079437,0.3711785078048706
166,64999,,,,0.4836481511592865,0.5240788459777832
166,65049,,,,0.493071585893631,0.47214099764823914
166,65099,,,,0.22956697642803192,0.20616155862808228
166,65129,0.9038000106811523,0.8216345906257629,0.8220152258872986,,
167,65149,,,,1.1271779537200928,0.9766556024551392
167,65199,,,,0.7534987926483154,0.6179245710372925
167,65249,,,,0.37513136863708496,0.3879995048046112
167,65299,,,,0.7057688236236572,0.4993451237678528
167,65349,,,,0.679362416267395,0.6625550985336304
167,65399,,,,1.0260777473449707,0.7469524145126343
167,65449,,,,0.48114317655563354,0.5579062700271606
167,65499,,,,0.29688116908073425,0.2769777774810791
167,65519,0.9075999855995178,0.8232772350311279,0.8217548131942749,,
168,65549,,,,nan,nan
168,65599,,,,0.6849194765090942,0.5986638069152832
168,65649,,,,0.6250338554382324,0.7550666332244873
168,65699,,,,nan,nan
168,65749,,,,2.0578508377075195,2.382960796356201
168,65799,,,,1.103728175163269,1.0020084381103516
168,65849,,,,0.4808233082294464,0.4712921679019928
168,65899,,,,0.6544747948646545,0.6875921487808228
168,65909,0.9028000235557556,0.8236778974533081,0.8235576748847961,,
169,65949,,,,1.0100350379943848,1.0014171600341797
169,65999,,,,1.9601985216140747,2.118899345397949
169,66049,,,,0.8975263833999634,1.0057591199874878
169,66099,,,,0.8271311521530151,1.095815896987915
169,66149,,,,0.45974165201187134,0.45529794692993164
169,66199,,,,0.9806774258613586,0.9382684230804443
169,66249,,,,0.2598557472229004,0.2434515357017517
169,66299,,,,2.4264943599700928,2.424264907836914
169,66299,0.906000018119812,0.8236578702926636,0.8241186141967773,,
170,66349,,,,0.5829716324806213,0.6360058784484863
170,66399,,,,0.5504226684570312,0.5215728282928467
170,66449,,,,nan,nan
170,66499,,,,0.7733418941497803,0.6638423800468445
170,66549,,,,1.057342529296875,0.8812910318374634
170,66599,,,,2.4277167320251465,1.661688208580017
170,66649,,,,1.4649935960769653,2.2439677715301514
170,66689,0.901199996471405,0.8240785002708435,0.8246194124221802,,
171,66699,,,,0.661742091178894,0.5875576138496399
171,66749,,,,0.7582806348800659,0.6115338206291199
171,66799,,,,0.43465885519981384,0.4324095845222473
171,66849,,,,0.5004310607910156,0.5125328302383423
171,66899,,,,1.4694194793701172,2.0587105751037598
171,66949,,,,0.6071902513504028,0.6718000173568726
171,66999,,,,0.4656616449356079,0.5195683240890503
171,67049,,,,0.5176800489425659,0.4923790693283081
171,67079,0.9042999744415283,0.8250600695610046,0.8240785002708435,,
172,67099,,,,0.5210115909576416,0.47551679611206055
172,67149,,,,0.8067158460617065,1.007200002670288
172,67199,,,,0.40085113048553467,0.3603660464286804
172,67249,,,,0.605087161064148,0.6654800176620483
172,67299,,,,1.7123303413391113,2.130997657775879
172,67349,,,,0.536794126033783,0.5651555061340332
172,67399,,,,0.6758293509483337,0.6967626810073853
172,67449,,,,0.8126241564750671,1.1110827922821045
172,67469,0.9052000045776367,0.8254206776618958,0.8248397707939148,,
173,67499,,,,0.5947561860084534,0.7321409583091736
173,67549,,,,0.4229702651500702,0.3495200574398041
173,67599,,,,0.7191975116729736,0.7849526405334473
173,67649,,,,0.4627046287059784,0.518020510673523
173,67699,,,,0.5499056577682495,0.4184676706790924
173,67749,,,,0.7637573480606079,0.7141997218132019
173,67799,,,,0.42991262674331665,0.4912152886390686
173,67849,,,,0.46873870491981506,0.46398162841796875
173,67859,0.9054999947547913,0.824799656867981,0.8265224099159241,,
174,67899,,,,0.5460349321365356,0.5554618835449219
174,67949,,,,1.0859949588775635,1.1791183948516846
174,67999,,,,0.6585590243339539,0.69065260887146
174,68049,,,,1.0082236528396606,1.1738927364349365
174,68099,,,,2.428091049194336,2.458116292953491
174,68149,,,,0.5003118515014648,0.5648084878921509
174,68199,,,,0.7672204971313477,0.6320089101791382
174,68249,,,,0.5032827258110046,0.38293230533599854
174,68249,0.9054999947547913,0.8264022469520569,0.8256810903549194,,
175,68299,,,,1.0659983158111572,0.9763134717941284
175,68349,,,,nan,nan
175,68399,,,,0.3670611083507538,0.4140895903110504
175,68449,,,,2.0526885986328125,2.2448432445526123
175,68499,,,,0.48739802837371826,0.5542272925376892
175,68549,,,,2.4386074542999268,2.4411585330963135
175,68599,,,,0.5047363638877869,0.5189594626426697
175,68639,0.902999997138977,0.8267027139663696,0.8257812261581421,,
176,68649,,,,0.4784684181213379,0.5180439949035645
176,68699,,,,0.5864548683166504,0.6528716683387756
176,68749,,,,0.5348461270332336,0.47163331508636475
176,68799,,,,0.5603814125061035,0.6500434875488281
176,68849,,,,2.3017005920410156,1.9931830167770386
176,68899,,,,2.1317505836486816,1.5003445148468018
176,68949,,,,0.6576108932495117,0.6121673583984375
176,68999,,,,1.0351712703704834,0.8701688647270203
176,69029,0.9054999947547913,0.8267027139663696,0.826642632484436,,
177,69049,,,,0.5187538862228394,0.4464210867881775
177,69099,,,,0.627813994884491,0.7702993154525757
177,69149,,,,0.9964621067047119,0.881110429763794
177,69199,,,,nan,nan
177,69249,,,,nan,nan
177,69299,,,,0.2578292191028595,0.2927533984184265
177,69349,,,,nan,nan
177,69399,,,,0.5346360802650452,0.5833735466003418
177,69419,0.9035000205039978,0.827383816242218,0.8261418342590332,,
178,69449,,,,0.9893183708190918,0.8124924898147583
178,69499,,,,0.4322890639305115,0.4831409454345703
178,69549,,,,0.4422505795955658,0.3396550118923187
178,69599,,,,nan,nan
178,69649,,,,0.7733302116394043,1.099265456199646
178,69699,,,,0.6969412565231323,0.7340853214263916
178,69749,,,,0.6041754484176636,0.7111564874649048
178,69799,,,,2.0404157638549805,1.9626080989837646
178,69809,0.9042999744415283,0.8278045058250427,0.8274839520454407,,
179,69849,,,,0.483506441116333,0.522826611995697
179,69899,,,,1.2194294929504395,1.2130192518234253
179,69949,,,,0.5363715291023254,0.5626657009124756
179,69999,,,,1.0598678588867188,0.8830884695053101
179,70049,,,,0.5448777675628662,0.535914421081543
179,70099,,,,0.3620678186416626,0.35236746072769165
179,70149,,,,0.7762371301651001,0.6742969751358032
179,70199,,,,2.3881149291992188,2.127793550491333
179,70199,0.9061999917030334,0.827964723110199,0.8275039792060852,,
180,70249,,,,1.0146054029464722,1.138867974281311
180,70299,,,,nan,nan
180,70349,,,,0.6691218614578247,0.625055193901062
180,70399,,,,0.7070027589797974,0.7838226556777954
180,70449,,,,0.3335575461387634,0.3029283285140991
180,70499,,,,2.1411378383636475,1.5959182977676392
180,70549,,,,0.0,0.0
180,70589,0.9054999947547913,0.8281650543212891,0.8282652497291565,,
181,70599,,,,2.424081563949585,1.5060244798660278
181,70649,,,,0.4693776071071625,0.5784437656402588
181,70699,,,,0.5248542428016663,0.513969898223877
181,70749,,,,0.6133623123168945,0.785565972328186
181,70799,,,,0.43229469656944275,0.3089955747127533
181,70849,,,,2.0365004539489746,1.461403727531433
181,70899,,,,nan,nan
181,70949,,,,0.8761948347091675,0.8919858932495117
181,70979,0.9041000008583069,0.8281850814819336,0.8296674489974976,,
182,70999,,,,0.5944626331329346,0.5502914786338806
182,71049,,,,0.45001211762428284,0.5545598864555359
182,71099,,,,nan,nan
182,71149,,,,1.1873365640640259,1.1178410053253174
182,71199,,,,0.45930978655815125,0.5132310390472412
182,71249,,,,0.5381904244422913,0.584572434425354
182,71299,,,,0.7214890718460083,0.5977344512939453
182,71349,,,,0.6718518137931824,0.7452040910720825
182,71369,0.9053999781608582,0.8282652497291565,0.8290064334869385,,
183,71399,,,,2.0466692447662354,1.5560706853866577
183,71449,,,,1.1003222465515137,0.8506385087966919
183,71499,,,,1.094057321548462,0.8590918779373169
183,71549,,,,nan,nan
183,71599,,,,0.7069222331047058,0.6724520921707153
183,71649,,,,0.5385602712631226,0.5510537028312683
183,71699,,,,0.3418337106704712,0.33392417430877686
183,71749,,,,2.377363681793213,2.384856700897217
183,71759,0.9077000021934509,0.8290865421295166,0.8283653855323792,,
184,71799,,,,2.1937918663024902,1.7889684438705444
184,71849,,,,0.2793940305709839,0.3189239501953125
184,71899,,,,0.5418498516082764,0.5450986623764038
184,71949,,,,0.5075404644012451,0.5016239881515503
184,71999,,,,2.43681263923645,1.5654990673065186
184,72049,,,,0.8362088203430176,1.1208927631378174
184,72099,,,,1.1176238059997559,0.8734219074249268
184,72149,,,,2.096271514892578,1.5490747690200806
184,72149,0.9068999886512756,0.8294070363044739,0.8288261294364929,,
185,72199,,,,2.077939510345459,1.5930380821228027
185,72249,,,,0.48784932494163513,0.5100324153900146
185,72299,,,,1.0020825862884521,0.8836851119995117
185,72349,,,,0.5250574350357056,0.5844022631645203
185,72399,,,,nan,nan
185,72449,,,,0.669955849647522,0.5693908333778381
185,72499,,,,2.094770908355713,2.096944808959961
185,72539,0.9071999788284302,0.8294270634651184,0.8290064334869385,,
186,72549,,,,1.576871395111084,1.5735054016113281
186,72599,,,,0.6702162623405457,0.7084994316101074
186,72649,,,,nan,nan
186,72699,,,,nan,nan
186,72749,,,,nan,nan
186,72799,,,,0.6179912090301514,0.6089011430740356
186,72849,,,,0.6179348826408386,0.6886717081069946
186,72899,,,,0.7567288875579834,0.7309829592704773
186,72929,0.9081000089645386,0.8297075033187866,0.8295272588729858,,
187,72949,,,,0.6471388339996338,0.6108154058456421
187,72999,,,,1.106782078742981,0.8507441282272339
187,73049,,,,1.0978955030441284,1.0737370252609253
187,73099,,,,1.880411148071289,2.124478340148926
187,73149,,,,1.046994924545288,1.0367109775543213
187,73199,,,,nan,nan
187,73249,,,,2.0074715614318848,1.7462728023529053
187,73299,,,,0.4361768960952759,0.5720053911209106
187,73319,0.907800018787384,0.8295072317123413,0.8298277258872986,,
188,73349,,,,0.7746870517730713,0.7138547301292419
188,73399,,,,0.7711619138717651,0.7250003218650818
188,73449,,,,nan,nan
188,73499,,,,0.5198415517807007,0.4711264967918396
188,73549,,,,0.7730809450149536,0.6572056412696838
188,73599,,,,1.0936279296875,0.8880380392074585
188,73649,,,,0.0,0.0
188,73699,,,,nan,nan
188,73709,0.9088000059127808,0.8308293223381042,0.8302083611488342,,
189,73749,,,,nan,nan
189,73799,,,,nan,nan
189,73849,,,,1.5379283428192139,2.141061544418335
189,73899,,,,1.1034247875213623,0.8738552331924438
189,73949,,,,1.481292963027954,2.375469207763672
189,73999,,,,2.4170801639556885,2.409097909927368
189,74049,,,,0.6771481037139893,0.5645818710327148
189,74099,,,,2.430325508117676,2.44534969329834
189,74099,0.9092000126838684,0.8308293223381042,0.8301081657409668,,
190,74149,,,,1.2210485935211182,0.8850892782211304
190,74199,,,,1.2259726524353027,1.1003676652908325
190,74249,,,,0.4812760055065155,0.499236136674881
190,74299,,,,1.6669806241989136,2.0486011505126953
190,74349,,,,0.5697789192199707,0.5228859782218933
190,74399,,,,1.466101050376892,1.9788792133331299
190,74449,,,,0.7008445262908936,0.7673000693321228
190,74489,0.909500002861023,0.8310096263885498,0.8313501477241516,,
191,74499,,,,1.6317906379699707,1.6344131231307983
191,74549,,,,1.1120069026947021,1.0635143518447876
191,74599,,,,1.806869626045227,2.1226444244384766
191,74649,,,,1.9320118427276611,1.7934150695800781
191,74699,,,,2.408870220184326,1.9485807418823242
191,74749,,,,1.9867557287216187,2.421149253845215
191,74799,,,,nan,nan
191,74849,,,,0.6886042952537537,0.5619791150093079
191,74879,0.9103999733924866,0.8315905332565308,0.831129789352417,,
192,74899,,,,0.49423351883888245,0.5891463756561279
192,74949,,,,0.0,0.0
192,74999,,,,0.5747165679931641,0.5795022249221802
192,75049,,,,0.999764621257782,1.0000193119049072
192,75099,,,,0.9398897290229797,0.9697415232658386
192,75149,,,,1.6306101083755493,2.456791877746582
192,75199,,,,nan,nan
192,75249,,,,nan,nan
192,75269,0.9108999967575073,0.8323917984962463,0.8308293223381042,,
193,75299,,,,0.38996952772140503,0.3977820575237274
193,75349,,,,0.6725673079490662,0.6329255104064941
193,75399,,,,0.0,0.0
193,75449,,,,0.0,0.0
193,75499,,,,0.5396741628646851,0.4839507043361664
193,75549,,,,2.4127120971679688,2.033655881881714
193,75599,,,,0.972717821598053,1.1175211668014526
193,75649,,,,0.0,0.0
193,75659,0.9106000065803528,0.8316907286643982,0.8315104246139526,,
194,75699,,,,2.413712739944458,2.3245325088500977
194,75749,,,,0.5221415758132935,0.4192221164703369
194,75799,,,,nan,nan
194,75849,,,,1.2121448516845703,1.216699242591858
194,75899,,,,0.0,0.0
194,75949,,,,0.9597599506378174,0.8848885297775269
194,75999,,,,0.5739262104034424,0.6031544208526611
194,76049,,,,0.5298540592193604,0.5275627374649048
194,76049,0.9107000231742859,0.8316907286643982,0.8314703702926636,,
195,76099,,,,1.89211905002594,2.1961677074432373
195,76149,,,,1.186143159866333,0.9709872007369995
195,76199,,,,nan,nan
195,76249,,,,1.0794422626495361,1.1371718645095825
195,76299,,,,0.9444257616996765,0.8668797016143799
195,76349,,,,0.0,0.0
195,76399,,,,0.49814656376838684,0.49352890253067017
195,76439,0.9093000292778015,0.8321113586425781,0.8318910002708435,,
196,76449,,,,0.49759650230407715,0.502629816532135
196,76499,,,,1.2067240476608276,1.1907554864883423
196,76549,,,,0.5179091095924377,0.48984792828559875
196,76599,,,,1.5727412700653076,2.4145286083221436
196,76649,,,,nan,nan
196,76699,,,,0.4205687642097473,0.40302857756614685
196,76749,,,,0.9799337983131409,1.1533892154693604
196,76799,,,,nan,nan
196,76829,0.9106000065803528,0.8323116898536682,0.8317107558250427,,
197,76849,,,,0.7374977469444275,0.6252750158309937
197,76899,,,,0.9282466173171997,0.9863929152488708
197,76949,,,,1.948919653892517,2.225623369216919
197,76999,,,,2.010713577270508,1.466286301612854
197,77049,,,,nan,nan
197,77099,,,,nan,nan
197,77149,,,,1.2031632661819458,1.0833059549331665
197,77199,,,,0.5484352111816406,0.5899325609207153
197,77219,0.9110000133514404,0.8327323794364929,0.83203125,,
198,77249,,,,1.19608736038208,0.7890101075172424
198,77299,,,,0.0,0.0
198,77349,,,,0.5720310211181641,0.6229602694511414
198,77399,,,,1.748374581336975,1.9625475406646729
198,77449,,,,0.641613781452179,0.5627734065055847
198,77499,,,,0.5319223403930664,0.5321972370147705
198,77549,,,,0.0,0.0
198,77599,,,,1.1892902851104736,0.9745112061500549
198,77609,0.9107999801635742,0.8322115540504456,0.8318509459495544,,
199,77649,,,,0.8972572088241577,0.895159900188446
199,77699,,,,0.7613013982772827,0.7079281210899353
199,77749,,,,nan,nan
199,77799,,,,nan,nan
199,77849,,,,1.2095391750335693,1.2169781923294067
199,77899,,,,1.2181110382080078,1.2137664556503296
199,77949,,,,1.1356494426727295,1.0185155868530273
199,77999,,,,nan,nan
199,77999,0.9117000102996826,0.8331330418586731,0.8326722979545593,,
