epoch,step,train_loss,test_acc,train_acc,mix_match_loss
0,49,1.7616262435913086,,,
0,99,1.509891152381897,,,
0,149,1.6423195600509644,,,
0,199,1.4157671928405762,,,
0,249,1.2892061471939087,,,
0,299,1.3284552097320557,,,
0,349,1.4269129037857056,,,
0,389,,0.5472999811172485,0.45767226815223694,
1,399,1.1512342691421509,,,
1,449,1.2341200113296509,,,
1,499,0.8225598335266113,,,
1,549,1.2273426055908203,,,
1,599,0.9521727561950684,,,
1,649,0.8462606072425842,,,
1,699,1.0581085681915283,,,
1,749,1.0295876264572144,,,
1,779,,0.6703000068664551,0.6280248165130615,
2,799,0.9863094091415405,,,
2,849,1.2515525817871094,,,
2,899,0.7314625382423401,,,
2,949,0.6841332912445068,,,
2,999,0.8906155228614807,,,
2,1049,0.8845095038414001,,,
2,1099,1.0041545629501343,,,
2,1149,0.8720189332962036,,,
2,1169,,0.7271999716758728,0.7019631266593933,
3,1199,0.8575534820556641,,,
3,1249,0.8927630186080933,,,
3,1299,0.9189602732658386,,,
3,1349,0.8076801300048828,,,
3,1399,0.6748955249786377,,,
3,1449,0.7953881621360779,,,
3,1499,0.7070494890213013,,,
3,1549,0.8132166862487793,,,
3,1559,,0.7831000089645386,0.739142656326294,
4,1599,0.7832841873168945,,,
4,1649,0.7101470828056335,,,
4,1699,0.8315466642379761,,,
4,1749,0.9219447374343872,,,
4,1799,0.7447208762168884,,,
4,1849,0.5624459981918335,,,
4,1899,0.8561240434646606,,,
4,1949,0.744524359703064,,,
4,1949,,0.7858999967575073,0.7635416388511658,
5,1999,0.6007686257362366,,,
5,2049,0.7538077235221863,,,
5,2099,0.7544901371002197,,,
5,2149,0.7073570489883423,,,
5,2199,0.5525352954864502,,,
5,2249,0.758945643901825,,,
5,2299,0.555350661277771,,,
5,2339,,0.7971000075340271,0.7808693647384644,
6,2349,0.7470121383666992,,,
6,2399,0.73871910572052,,,
6,2449,0.7076568007469177,,,
6,2499,0.7155466079711914,,,
6,2549,0.6394838094711304,,,
6,2599,0.7130767703056335,,,
6,2649,0.5458509922027588,,,
6,2699,0.8221815228462219,,,
6,2729,,0.8327000141143799,0.7942507863044739,
7,2749,0.5441878437995911,,,
7,2799,0.7759555578231812,,,
7,2849,0.6140121221542358,,,
7,2899,0.6460973620414734,,,
7,2949,0.6190384030342102,,,
7,2999,0.6001992225646973,,,
7,3049,0.7033230662345886,,,
7,3099,0.5719197392463684,,,
7,3119,,0.7903000116348267,0.8062499761581421,
8,3149,0.5879994034767151,,,
8,3199,0.7561777234077454,,,
8,3249,0.7280569672584534,,,
8,3299,0.5778363943099976,,,
8,3349,0.46261337399482727,,,
8,3399,0.5532875061035156,,,
8,3449,0.6738229990005493,,,
8,3499,0.4726843237876892,,,
8,3509,,0.8163999915122986,0.8160055875778198,
9,3549,0.6680012941360474,,,
9,3599,0.5699616074562073,,,
9,3649,0.6008321046829224,,,
9,3699,0.6366493701934814,,,
9,3749,0.6060227751731873,,,
9,3799,0.45492270588874817,,,
9,3849,0.6382562518119812,,,
9,3899,0.7011849284172058,,,
9,3899,,0.8406000137329102,0.8233974575996399,
10,3949,0.7115837931632996,,,
10,3999,0.5635471940040588,,,
10,4049,0.8546233773231506,,,
10,4099,0.5260697603225708,,,
10,4149,0.7025977373123169,,,
10,4199,0.4907178580760956,,,
10,4249,0.5371607542037964,,,
10,4289,,0.8440999984741211,0.8278445601463318,
11,4299,0.44180577993392944,,,
11,4349,0.5232415199279785,,,
11,4399,0.5622901916503906,,,
11,4449,0.5522042512893677,,,
11,4499,0.4323669970035553,,,
11,4549,0.7234503626823425,,,
11,4599,0.5741003155708313,,,
11,4649,0.5610986351966858,,,
11,4679,,0.859000027179718,0.836678683757782,
12,4699,0.5443600416183472,,,
12,4749,0.403376966714859,,,
12,4799,0.3763735592365265,,,
12,4849,0.41432759165763855,,,
12,4899,0.49733349680900574,,,
12,4949,0.5620307326316833,,,
12,4999,0.48512566089630127,,,
12,5049,0.43836265802383423,,,
12,5069,,0.830299973487854,0.8399238586425781,
13,5099,0.5353248715400696,,,
13,5149,0.554438591003418,,,
13,5199,0.445139080286026,,,
13,5249,0.35801559686660767,,,
13,5299,0.43879827857017517,,,
13,5349,0.47565728425979614,,,
13,5399,0.5282495021820068,,,
13,5449,0.5735266804695129,,,
13,5459,,0.8608999848365784,0.8456931114196777,
14,5499,0.5813515782356262,,,
14,5549,0.5040357112884521,,,
14,5599,0.41263750195503235,,,
14,5649,0.34975332021713257,,,
14,5699,0.7234415411949158,,,
14,5749,0.55179363489151,,,
14,5799,0.609940230846405,,,
14,5849,0.6568878889083862,,,
14,5849,,0.8565999865531921,0.8488982319831848,
15,5899,0.542737603187561,,,
15,5949,0.4686533808708191,,,
15,5999,0.6729033589363098,,,
15,6049,0.5673742294311523,,,
15,6099,0.5287378430366516,,,
15,6149,0.3700277805328369,,,
15,6199,0.5234888195991516,,,
15,6239,,0.8468000292778015,0.8536458611488342,
16,6249,0.5464836359024048,,,
16,6299,0.5342677235603333,,,
16,6349,0.5348289608955383,,,
16,6399,0.59844571352005,,,
16,6449,0.5456728339195251,,,
16,6499,0.38869667053222656,,,
16,6549,0.45066389441490173,,,
16,6599,0.5946214199066162,,,
16,6629,,0.8583999872207642,0.8562700152397156,
17,6649,0.44662344455718994,,,
17,6699,0.39282405376434326,,,
17,6749,0.46529850363731384,,,
17,6799,0.4981531500816345,,,
17,6849,0.613947868347168,,,
17,6899,0.4139939844608307,,,
17,6949,0.4893549680709839,,,
17,6999,0.650168776512146,,,
17,7019,,0.8468000292778015,0.8602163195610046,
18,7049,0.3483728766441345,,,
18,7099,0.535656750202179,,,
18,7149,0.39931273460388184,,,
18,7199,0.5985870361328125,,,
18,7249,0.5632919073104858,,,
18,7299,0.5013392567634583,,,
18,7349,0.4779975414276123,,,
18,7399,0.31902116537094116,,,
18,7409,,0.8697999715805054,0.8614382743835449,
19,7449,0.5112348794937134,,,
19,7499,0.44559037685394287,,,
19,7549,0.40639957785606384,,,
19,7599,0.5666021108627319,,,
19,7649,0.3854830861091614,,,
19,7699,0.42983323335647583,,,
19,7749,0.481441855430603,,,
19,7799,0.4721095561981201,,,
19,7799,,0.8810999989509583,0.8662059307098389,
20,7849,,,,1.7810369729995728
20,7899,,,,1.5630362033843994
20,7949,,,,0.990305483341217
20,7999,,,,1.3416606187820435
20,8049,,,,1.3843120336532593
20,8099,,,,1.2415591478347778
20,8149,,,,1.1411226987838745
20,8199,,,,1.4563803672790527
20,8212,0.6010696887969971,0.8546000123023987,0.8700400590896606,
21,8249,,,,1.3455389738082886
21,8299,,,,1.521767020225525
21,8349,,,,1.001725435256958
21,8399,,,,1.4217976331710815
21,8449,,,,1.6673535108566284
21,8499,,,,1.4541935920715332
21,8549,,,,1.5512149333953857
21,8599,,,,1.3388108015060425
21,8620,,0.8320000171661377,,
22,8649,,,,1.3993682861328125
22,8699,,,,1.534302830696106
22,8749,,,,1.4374521970748901
22,8799,,,,1.5208613872528076
22,8849,,,,1.4840035438537598
22,8899,,,,1.5378718376159668
22,8949,,,,1.2753033638000488
22,8999,,,,1.3299036026000977
22,9027,,0.857200026512146,,
23,9049,,,,1.518574595451355
23,9099,,,,1.3883934020996094
23,9149,,,,1.518416404724121
23,9199,,,,1.2446776628494263
23,9249,,,,1.5247108936309814
23,9299,,,,1.420271396636963
23,9349,,,,1.4451255798339844
23,9399,,,,0.7832889556884766
23,9419,,0.8632000088691711,,
24,9449,,,,1.4115488529205322
24,9499,,,,1.337458610534668
24,9549,,,,1.1259948015213013
24,9599,,,,1.3837565183639526
24,9649,,,,1.4929856061935425
24,9699,,,,0.847257137298584
24,9749,,,,1.4396631717681885
24,9799,,,,1.411191463470459
24,9810,,0.8614000082015991,,
25,9849,,,,1.333326816558838
25,9899,,,,1.477786660194397
25,9949,,,,1.3522756099700928
25,9999,,,,1.155881643295288
25,10049,,,,0.7632454037666321
25,10099,,,,1.0707604885101318
25,10149,,,,1.2530213594436646
25,10199,,,,1.3825982809066772
25,10209,,0.8629000186920166,,
26,10249,,,,1.4779409170150757
26,10299,,,,1.3245795965194702
26,10349,,,,0.9517642855644226
26,10399,,,,1.5058037042617798
26,10449,,,,1.1988978385925293
26,10499,,,,1.1867378950119019
26,10549,,,,1.2354216575622559
26,10599,,,,1.5850332975387573
26,10605,,0.859000027179718,,
27,10649,,,,1.038729190826416
27,10699,,,,1.2921669483184814
27,10749,,,,1.4172834157943726
27,10799,,,,1.1314527988433838
27,10849,,,,1.3650184869766235
27,10899,,,,1.4170235395431519
27,10949,,,,1.459847092628479
27,10999,,,,1.4823423624038696
27,10999,,0.8560000061988831,,
28,11049,,,,1.1651248931884766
28,11099,,,,1.4848994016647339
28,11149,,,,0.9578664898872375
28,11199,,,,1.361650824546814
28,11249,,,,1.405452013015747
28,11299,,,,1.4488149881362915
28,11349,,,,1.3706421852111816
28,11399,,,,1.451888918876648
28,11405,,0.8345000147819519,,
29,11449,,,,1.4439197778701782
29,11499,,,,1.1330217123031616
29,11549,,,,1.3593305349349976
29,11599,,,,1.2461875677108765
29,11649,,,,1.30415678024292
29,11699,,,,1.5451103448867798
29,11749,,,,1.3609403371810913
29,11799,,,,0.8539397120475769
29,11805,,0.8245999813079834,,
30,11849,,,,1.4501783847808838
30,11899,,,,1.3453614711761475
30,11949,,,,1.2938575744628906
30,11999,,,,1.3571577072143555
30,12049,,,,1.4612401723861694
30,12099,,,,1.5215098857879639
30,12149,,,,1.1073822975158691
30,12199,,,,1.3423606157302856
30,12202,,0.835099995136261,,
31,12249,,,,1.4493293762207031
31,12299,,,,1.4729312658309937
31,12349,,,,1.5068416595458984
31,12399,,,,1.4301429986953735
31,12449,,,,1.4126938581466675
31,12499,,,,1.2945512533187866
31,12549,,,,1.411059856414795
31,12593,,0.8435999751091003,,
32,12599,,,,1.1502875089645386
32,12649,,,,1.4665883779525757
32,12699,,,,1.3898340463638306
32,12749,,,,0.9390462636947632
32,12799,,,,1.319549560546875
32,12849,,,,1.058092713356018
32,12899,,,,1.2965134382247925
32,12949,,,,1.3884429931640625
32,12993,,0.8600999712944031,,
33,12999,,,,1.4397307634353638
33,13049,,,,0.93614262342453
33,13099,,,,1.2963775396347046
33,13149,,,,1.3007092475891113
33,13199,,,,1.394512414932251
33,13249,,,,1.6886547803878784
33,13299,,,,0.9124276638031006
33,13349,,,,1.4262491464614868
33,13397,,0.833899974822998,,
34,13399,,,,1.4577858448028564
34,13449,,,,0.7943385243415833
34,13499,,,,1.3597118854522705
34,13549,,,,1.3388590812683105
34,13599,,,,0.9307808876037598
34,13649,,,,0.719627320766449
34,13699,,,,1.257306694984436
34,13749,,,,1.2884432077407837
34,13799,,,,1.361344337463379
34,13803,,0.8472999930381775,,
35,13849,,,,1.4031414985656738
35,13899,,,,1.2057247161865234
35,13949,,,,1.185017704963684
35,13999,,,,1.4331575632095337
35,14049,,,,1.5921826362609863
35,14099,,,,1.3433914184570312
35,14149,,,,1.3170684576034546
35,14199,,,,1.3540740013122559
35,14202,,0.833899974822998,,
36,14249,,,,1.3352296352386475
36,14299,,,,1.4051295518875122
36,14349,,,,1.3141998052597046
36,14399,,,,1.2021809816360474
36,14449,,,,1.3475786447525024
36,14499,,,,1.2881747484207153
36,14549,,,,1.386752724647522
36,14599,,,,1.384209156036377
36,14606,,0.852400004863739,,
37,14649,,,,1.5090248584747314
37,14699,,,,1.3243474960327148
37,14749,,,,1.2416068315505981
37,14799,,,,1.560421109199524
37,14849,,,,1.2769972085952759
37,14899,,,,1.365211844444275
37,14949,,,,1.3197835683822632
37,14996,,0.8388000130653381,,
38,14999,,,,1.362064003944397
38,15049,,,,1.3930479288101196
38,15099,,,,0.9968451857566833
38,15149,,,,1.2802038192749023
38,15199,,,,1.410011649131775
38,15249,,,,1.048174262046814
38,15299,,,,1.312071442604065
38,15349,,,,1.4060531854629517
38,15395,,0.8319000005722046,,
39,15399,,,,1.2482361793518066
39,15449,,,,1.4108073711395264
39,15499,,,,1.3941888809204102
39,15549,,,,1.371295690536499
39,15599,,,,1.2884787321090698
39,15649,,,,1.3221739530563354
39,15699,,,,1.245315432548523
39,15749,,,,1.3718361854553223
39,15788,,0.8532000184059143,,
40,15799,,,,1.2473206520080566
40,15849,,,,1.2812514305114746
40,15899,,,,1.4321305751800537
40,15949,,,,1.4516268968582153
40,15999,,,,1.2786598205566406
40,16049,,,,1.3289812803268433
40,16099,,,,1.338646650314331
40,16149,,,,1.3648502826690674
40,16189,,0.8500999808311462,,
41,16199,,,,1.4589513540267944
41,16249,,,,1.3804435729980469
41,16299,,,,1.2398512363433838
41,16349,,,,1.1705623865127563
41,16399,,,,1.3432964086532593
41,16449,,,,1.2480604648590088
41,16499,,,,1.2675544023513794
41,16549,,,,1.3321558237075806
41,16581,,0.8565000295639038,,
42,16599,,,,1.293058156967163
42,16649,,,,1.3248385190963745
42,16699,,,,1.3809535503387451
42,16749,,,,1.3401920795440674
42,16799,,,,1.3901119232177734
42,16849,,,,1.3497706651687622
42,16899,,,,1.1909055709838867
42,16949,,,,1.3220934867858887
42,16973,,0.8578000068664551,,
43,16999,,,,1.2096672058105469
43,17049,,,,1.5159542560577393
43,17099,,,,1.3447880744934082
43,17149,,,,1.3550195693969727
43,17199,,,,1.4247651100158691
43,17249,,,,1.3693052530288696
43,17299,,,,1.1317734718322754
43,17349,,,,1.2629222869873047
43,17370,,0.8615000247955322,,
44,17399,,,,1.2507898807525635
44,17449,,,,0.9768856167793274
44,17499,,,,1.1263387203216553
44,17549,,,,0.8480970859527588
44,17599,,,,1.3553333282470703
44,17649,,,,1.3025751113891602
44,17699,,,,1.2883561849594116
44,17749,,,,1.3389159440994263
44,17764,,0.8654999732971191,,
45,17799,,,,1.28728187084198
45,17849,,,,1.1668615341186523
45,17899,,,,1.371132254600525
45,17949,,,,1.3087650537490845
45,17999,,,,1.105538010597229
45,18049,,,,1.360465407371521
45,18099,,,,1.3229373693466187
45,18149,,,,1.3075264692306519
45,18162,,0.8652999997138977,,
46,18199,,,,1.3442968130111694
46,18249,,,,1.3116273880004883
46,18299,,,,1.2991304397583008
46,18349,,,,1.259182095527649
46,18399,,,,1.3320369720458984
46,18449,,,,1.2543476819992065
46,18499,,,,1.3876643180847168
46,18549,,,,1.4690930843353271
46,18563,,0.8669000267982483,,
47,18599,,,,1.146277904510498
47,18649,,,,1.316174864768982
47,18699,,,,1.327743649482727
47,18749,,,,1.1797571182250977
47,18799,,,,1.1377372741699219
47,18849,,,,1.3409678936004639
47,18899,,,,1.4116090536117554
47,18949,,,,1.1067252159118652
47,18964,,0.8646000027656555,,
48,18999,,,,1.3396235704421997
48,19049,,,,1.3716810941696167
48,19099,,,,1.3881747722625732
48,19149,,,,1.311594009399414
48,19199,,,,1.3394063711166382
48,19249,,,,1.2622793912887573
48,19299,,,,1.3219681978225708
48,19349,,,,1.3392316102981567
48,19372,,0.8579999804496765,,
49,19399,,,,1.2475708723068237
49,19449,,,,1.3488351106643677
49,19499,,,,1.3570022583007812
49,19549,,,,1.3348119258880615
49,19599,,,,1.2527272701263428
49,19649,,,,0.6857466101646423
49,19699,,,,1.311042308807373
49,19749,,,,1.2816789150238037
49,19780,,0.8388000130653381,,
50,19799,,,,1.3374894857406616
50,19849,,,,1.0401859283447266
50,19899,,,,0.9197919964790344
50,19949,,,,1.369370937347412
50,19999,,,,1.2753275632858276
50,20049,,,,1.0611720085144043
50,20099,,,,1.2962859869003296
50,20149,,,,1.1994709968566895
50,20185,,0.8521999716758728,,
51,20199,,,,1.153282880783081
51,20249,,,,1.3205759525299072
51,20299,,,,1.3233745098114014
51,20349,,,,1.2908433675765991
51,20399,,,,1.3074477910995483
51,20449,,,,1.2126539945602417
51,20499,,,,1.0192985534667969
51,20549,,,,1.0558853149414062
51,20577,,0.8600000143051147,,
52,20599,,,,1.2823164463043213
52,20649,,,,1.2452237606048584
52,20699,,,,1.3876097202301025
52,20749,,,,1.3289220333099365
52,20799,,,,1.288732886314392
52,20849,,,,1.2192440032958984
52,20899,,,,1.4134143590927124
52,20949,,,,1.3117809295654297
52,20971,,0.8797000050544739,,
53,20999,,,,1.2400925159454346
53,21049,,,,0.9544511437416077
53,21099,,,,1.2000486850738525
53,21149,,,,1.451568603515625
53,21199,,,,1.1629154682159424
53,21249,,,,1.251635193824768
53,21299,,,,1.2793506383895874
53,21349,,,,1.2834850549697876
53,21368,,0.8539000153541565,,
54,21399,,,,1.3683165311813354
54,21449,,,,1.0609865188598633
54,21499,,,,1.454703688621521
54,21549,,,,1.1714019775390625
54,21599,,,,1.4257296323776245
54,21649,,,,1.313202977180481
54,21699,,,,1.3872512578964233
54,21749,,,,1.2640844583511353
54,21773,,0.8557999730110168,,
55,21799,,,,1.4395745992660522
55,21849,,,,1.2930238246917725
55,21899,,,,1.4183292388916016
55,21949,,,,1.4400889873504639
55,21999,,,,1.330999732017517
55,22049,,,,1.3310270309448242
55,22099,,,,1.0786480903625488
55,22149,,,,1.0257086753845215
55,22168,,0.8669000267982483,,
56,22199,,,,1.3780815601348877
56,22249,,,,1.250844955444336
56,22299,,,,1.0550507307052612
56,22349,,,,1.2030049562454224
56,22399,,,,1.187574863433838
56,22449,,,,1.2038016319274902
56,22499,,,,1.3653439283370972
56,22549,,,,1.3147320747375488
56,22572,,0.8532999753952026,,
57,22599,,,,1.3580361604690552
57,22649,,,,1.1736650466918945
57,22699,,,,1.1405689716339111
57,22749,,,,1.238808035850525
57,22799,,,,1.347132682800293
57,22849,,,,1.3307373523712158
57,22899,,,,1.2455880641937256
57,22949,,,,1.3654290437698364
57,22964,,0.863099992275238,,
58,22999,,,,1.409945011138916
58,23049,,,,1.2655192613601685
58,23099,,,,1.34230375289917
58,23149,,,,1.2241941690444946
58,23199,,,,1.2509344816207886
58,23249,,,,1.3818799257278442
58,23299,,,,1.1082344055175781
58,23349,,,,1.2862906455993652
58,23368,,0.8281999826431274,,
59,23399,,,,1.2120475769042969
59,23449,,,,1.0755831003189087
59,23499,,,,1.2693884372711182
59,23549,,,,1.2995154857635498
59,23599,,,,1.339040994644165
59,23649,,,,1.236489176750183
59,23699,,,,1.0962740182876587
59,23749,,,,1.288750410079956
59,23765,,0.866599977016449,,
60,23799,,,,1.3885639905929565
60,23849,,,,1.2589629888534546
60,23899,,,,1.291256308555603
60,23949,,,,1.3196308612823486
60,23999,,,,1.2080734968185425
60,24049,,,,1.286590337753296
60,24099,,,,1.2661494016647339
60,24149,,,,1.052799105644226
60,24159,,0.880299985408783,,
61,24199,,,,1.2606898546218872
61,24249,,,,1.2900521755218506
61,24299,,,,1.5337117910385132
61,24349,,,,1.1856746673583984
61,24399,,,,1.0639556646347046
61,24449,,,,1.17190682888031
61,24499,,,,1.2948023080825806
61,24549,,,,0.802055835723877
61,24556,,0.8777999877929688,,
62,24599,,,,1.2851498126983643
62,24649,,,,1.0041931867599487
62,24699,,,,1.282130241394043
62,24749,,,,1.1856352090835571
62,24799,,,,1.339519739151001
62,24849,,,,1.3988711833953857
62,24899,,,,1.162170648574829
62,24949,,,,0.983258843421936
62,24954,,0.8822000026702881,,
63,24999,,,,1.1656030416488647
63,25049,,,,1.3093098402023315
63,25099,,,,1.3238571882247925
63,25149,,,,1.2944039106369019
63,25199,,,,1.41688072681427
63,25249,,,,1.4424309730529785
63,25299,,,,1.268444299697876
63,25349,,,,1.1715198755264282
63,25356,,0.8485000133514404,,
64,25399,,,,1.179405927658081
64,25449,,,,1.36464262008667
64,25499,,,,1.3032243251800537
64,25549,,,,1.3327759504318237
64,25599,,,,1.2444267272949219
64,25649,,,,1.068513035774231
64,25699,,,,1.2080657482147217
64,25749,,,,1.374487042427063
64,25753,,0.849399983882904,,
65,25799,,,,1.2805390357971191
65,25849,,,,1.3759360313415527
65,25899,,,,1.4399259090423584
65,25949,,,,1.3202763795852661
65,25999,,,,1.280280351638794
65,26049,,,,0.8940195441246033
65,26099,,,,1.2703227996826172
65,26149,,,,1.2180525064468384
65,26151,,0.8741999864578247,,
66,26199,,,,1.3538669347763062
66,26249,,,,1.2652026414871216
66,26299,,,,1.2915691137313843
66,26349,,,,1.0812894105911255
66,26399,,,,1.0675263404846191
66,26449,,,,1.1818556785583496
66,26499,,,,1.1575976610183716
66,26549,,,,1.2921830415725708
66,26552,,0.8751999735832214,,
67,26599,,,,1.2748310565948486
67,26649,,,,1.313738226890564
67,26699,,,,1.150698184967041
67,26749,,,,1.0771055221557617
67,26799,,,,1.1009070873260498
67,26849,,,,1.28099524974823
67,26899,,,,1.2558817863464355
67,26949,,,,1.2469525337219238
67,26958,,0.8661999702453613,,
68,26999,,,,1.2855287790298462
68,27049,,,,1.2660729885101318
68,27099,,,,1.313154697418213
68,27149,,,,1.2760201692581177
68,27199,,,,0.9927515387535095
68,27249,,,,0.7810069918632507
68,27299,,,,1.3577947616577148
68,27349,,,,1.0733402967453003
68,27356,,0.8414999842643738,,
69,27399,,,,1.243509292602539
69,27449,,,,1.2206637859344482
69,27499,,,,1.0386040210723877
69,27549,,,,1.4827924966812134
69,27599,,,,1.0579593181610107
69,27649,,,,1.3885878324508667
69,27699,,,,1.291219711303711
69,27749,,,,1.317004919052124
69,27753,,0.8647000193595886,,
70,27799,,,,1.268913745880127
70,27849,,,,1.2847505807876587
70,27899,,,,1.172098994255066
70,27949,,,,1.386208415031433
70,27999,,,,1.1886045932769775
70,28049,,,,1.1370313167572021
70,28099,,,,1.2200508117675781
70,28149,,,,1.2296373844146729
70,28149,,0.8474000096321106,,
71,28199,,,,1.1174449920654297
71,28249,,,,1.241859793663025
71,28299,,,,1.0635526180267334
71,28349,,,,1.2405012845993042
71,28399,,,,1.0846431255340576
71,28449,,,,1.1283059120178223
71,28499,,,,1.2545857429504395
71,28549,,,,1.1331493854522705
71,28555,,0.843999981880188,,
72,28599,,,,0.8925257325172424
72,28649,,,,1.226801872253418
72,28699,,,,1.133506178855896
72,28749,,,,1.1732025146484375
72,28799,,,,1.2243632078170776
72,28849,,,,1.1163983345031738
72,28899,,,,1.262086033821106
72,28945,,0.8507000207901001,,
73,28949,,,,1.2485527992248535
73,28999,,,,1.3780081272125244
73,29049,,,,1.456770658493042
73,29099,,,,1.1772058010101318
73,29149,,,,1.2987985610961914
73,29199,,,,1.1934961080551147
73,29249,,,,0.8970958590507507
73,29299,,,,1.288329839706421
73,29340,,0.8662999868392944,,
74,29349,,,,1.2189443111419678
74,29399,,,,1.3469946384429932
74,29449,,,,1.2656022310256958
74,29499,,,,1.326586365699768
74,29549,,,,1.112307071685791
74,29599,,,,1.2410060167312622
74,29649,,,,1.146596908569336
74,29699,,,,1.311604619026184
74,29732,,0.8805999755859375,,
75,29749,,,,1.1928062438964844
75,29799,,,,1.242141842842102
75,29849,,,,1.2660669088363647
75,29899,,,,1.1583415269851685
75,29949,,,,1.2649425268173218
75,29999,,,,1.2615636587142944
75,30049,,,,1.2573761940002441
75,30099,,,,1.0635802745819092
75,30122,,0.858299970626831,,
76,30149,,,,1.2845613956451416
76,30199,,,,1.195776104927063
76,30249,,,,1.156619668006897
76,30299,,,,1.2339457273483276
76,30349,,,,1.2836663722991943
76,30399,,,,1.2857824563980103
76,30449,,,,1.1982601881027222
76,30499,,,,1.1565911769866943
76,30521,,0.8607000112533569,,
77,30549,,,,1.2048455476760864
77,30599,,,,1.1815804243087769
77,30649,,,,1.2204160690307617
77,30699,,,,1.1785147190093994
77,30749,,,,1.3241887092590332
77,30799,,,,1.2414380311965942
77,30849,,,,1.2618563175201416
77,30899,,,,1.2438589334487915
77,30915,,0.8600000143051147,,
78,30949,,,,1.2948246002197266
78,30999,,,,1.2095011472702026
78,31049,,,,1.1696641445159912
78,31099,,,,1.1150473356246948
78,31149,,,,1.2309857606887817
78,31199,,,,1.2086174488067627
78,31249,,,,0.8225330114364624
78,31299,,,,1.3457337617874146
78,31323,,0.8738999962806702,,
79,31349,,,,1.194060206413269
79,31399,,,,1.1575652360916138
79,31449,,,,1.2734140157699585
79,31499,,,,1.1586703062057495
79,31549,,,,1.1922940015792847
79,31599,,,,1.3042922019958496
79,31649,,,,0.59090656042099
79,31699,,,,1.2857069969177246
79,31724,,0.8549000024795532,,
80,31749,,,,1.1509556770324707
80,31799,,,,1.1352951526641846
80,31849,,,,1.2048237323760986
80,31899,,,,1.2172155380249023
80,31949,,,,1.2217895984649658
80,31999,,,,1.2451719045639038
80,32049,,,,1.2453687191009521
80,32099,,,,1.1221516132354736
80,32116,,0.8734999895095825,,
81,32149,,,,1.0048494338989258
81,32199,,,,1.0953369140625
81,32249,,,,1.2987788915634155
81,32299,,,,1.3054680824279785
81,32349,,,,1.3247630596160889
81,32399,,,,1.1414310932159424
81,32449,,,,1.0860047340393066
81,32499,,,,1.2795590162277222
81,32519,,0.8715000152587891,,
82,32549,,,,1.1470450162887573
82,32599,,,,1.2068787813186646
82,32649,,,,1.1701081991195679
82,32699,,,,1.196964979171753
82,32749,,,,1.2427120208740234
82,32799,,,,0.9395695924758911
82,32849,,,,1.3823102712631226
82,32899,,,,1.2255961894989014
82,32921,,0.8774999976158142,,
83,32949,,,,1.3940279483795166
83,32999,,,,1.1991125345230103
83,33049,,,,1.0720100402832031
83,33099,,,,1.203925609588623
83,33149,,,,1.3051053285598755
83,33199,,,,1.2365086078643799
83,33249,,,,1.2935988903045654
83,33299,,,,1.1715928316116333
83,33311,,0.885699987411499,,
84,33349,,,,1.2235771417617798
84,33399,,,,1.4462255239486694
84,33449,,,,1.3211970329284668
84,33499,,,,1.0632919073104858
84,33549,,,,1.275402545928955
84,33599,,,,1.3403178453445435
84,33649,,,,1.2478926181793213
84,33699,,,,1.295301079750061
84,33718,,0.881600022315979,,
85,33749,,,,1.327349305152893
85,33799,,,,1.1750924587249756
85,33849,,,,1.2325422763824463
85,33899,,,,1.1935594081878662
85,33949,,,,1.1511592864990234
85,33999,,,,0.7740402221679688
85,34049,,,,1.2686406373977661
85,34099,,,,1.1542320251464844
85,34128,,0.8705000281333923,,
86,34149,,,,0.972459614276886
86,34199,,,,1.2702515125274658
86,34249,,,,1.1396156549453735
86,34299,,,,0.7196994423866272
86,34349,,,,1.3495298624038696
86,34399,,,,1.1818987131118774
86,34449,,,,1.1751166582107544
86,34499,,,,1.2550157308578491
86,34534,,0.8705000281333923,,
87,34549,,,,1.1937780380249023
87,34599,,,,1.018216848373413
87,34649,,,,1.2401933670043945
87,34699,,,,1.2766008377075195
87,34749,,,,1.1267458200454712
87,34799,,,,1.1577589511871338
87,34849,,,,1.1856951713562012
87,34899,,,,1.2624115943908691
87,34936,,0.8780999779701233,,
88,34949,,,,1.2434715032577515
88,34999,,,,1.2166565656661987
88,35049,,,,0.6642123460769653
88,35099,,,,1.160009503364563
88,35149,,,,1.0619699954986572
88,35199,,,,1.3027234077453613
88,35249,,,,1.1616533994674683
88,35299,,,,1.2585158348083496
88,35328,,0.8687999844551086,,
89,35349,,,,1.0874944925308228
89,35399,,,,1.1485580205917358
89,35449,,,,1.161199927330017
89,35499,,,,1.251163363456726
89,35549,,,,1.1383044719696045
89,35599,,,,1.2259646654129028
89,35649,,,,1.2491631507873535
89,35699,,,,1.2830865383148193
89,35733,,0.8745999932289124,,
90,35749,,,,1.2819108963012695
90,35799,,,,1.0871450901031494
90,35849,,,,0.8652767539024353
90,35899,,,,1.1762185096740723
90,35949,,,,1.1760567426681519
90,35999,,,,1.127846360206604
90,36049,,,,1.1383837461471558
90,36099,,,,1.2795238494873047
90,36127,,0.8654000163078308,,
91,36149,,,,1.1540477275848389
91,36199,,,,1.2419989109039307
91,36249,,,,1.070145845413208
91,36299,,,,0.7136237621307373
91,36349,,,,1.0725903511047363
91,36399,,,,1.2510977983474731
91,36449,,,,1.1478540897369385
91,36499,,,,1.114432692527771
91,36533,,0.8751000165939331,,
92,36549,,,,1.1522265672683716
92,36599,,,,1.139583706855774
92,36649,,,,1.0438973903656006
92,36699,,,,1.0388246774673462
92,36749,,,,1.2752234935760498
92,36799,,,,1.2761014699935913
92,36849,,,,1.1648613214492798
92,36899,,,,1.182486653327942
92,36929,,0.8730000257492065,,
93,36949,,,,1.1409599781036377
93,36999,,,,1.2280484437942505
93,37049,,,,1.0851930379867554
93,37099,,,,1.209510326385498
93,37149,,,,1.2429877519607544
93,37199,,,,0.9126781821250916
93,37249,,,,1.2256418466567993
93,37299,,,,1.0836559534072876
93,37325,,0.8772000074386597,,
94,37349,,,,1.2032592296600342
94,37399,,,,1.1684718132019043
94,37449,,,,1.3065567016601562
94,37499,,,,1.2115910053253174
94,37549,,,,1.1978598833084106
94,37599,,,,1.2390974760055542
94,37649,,,,1.2369823455810547
94,37699,,,,1.318457841873169
94,37734,,0.8708000183105469,,
95,37749,,,,1.1134164333343506
95,37799,,,,1.336485743522644
95,37849,,,,1.2255791425704956
95,37899,,,,1.286054253578186
95,37949,,,,1.027607798576355
95,37999,,,,1.2519137859344482
95,38049,,,,1.165961742401123
95,38099,,,,1.31303870677948
95,38129,,0.870199978351593,,
96,38149,,,,0.9305322766304016
96,38199,,,,0.9508621692657471
96,38249,,,,1.1788886785507202
96,38299,,,,1.26899254322052
96,38349,,,,1.0069416761398315
96,38399,,,,1.1617083549499512
96,38449,,,,1.2632827758789062
96,38499,,,,1.3620933294296265
96,38529,,0.8766000270843506,,
97,38549,,,,1.2139450311660767
97,38599,,,,0.9085164070129395
97,38649,,,,1.1408424377441406
97,38699,,,,1.3693064451217651
97,38749,,,,1.3024710416793823
97,38799,,,,1.012589454650879
97,38849,,,,1.3136446475982666
97,38899,,,,1.1620525121688843
97,38934,,0.8813999891281128,,
98,38949,,,,1.2680819034576416
98,38999,,,,1.1846340894699097
98,39049,,,,1.2051022052764893
98,39099,,,,1.1315295696258545
98,39149,,,,1.046586513519287
98,39199,,,,1.1521165370941162
98,39249,,,,1.1807979345321655
98,39299,,,,1.1904739141464233
98,39333,,0.8827999830245972,,
99,39349,,,,1.2427937984466553
99,39399,,,,1.2201974391937256
99,39449,,,,1.3451063632965088
99,39499,,,,1.1638585329055786
99,39549,,,,1.318796157836914
99,39599,,,,1.238441824913025
99,39649,,,,1.0797343254089355
99,39699,,,,1.1602317094802856
99,39733,,0.8866000175476074,,
100,39749,,,,1.3013808727264404
100,39799,,,,1.2131118774414062
100,39849,,,,1.263372540473938
100,39899,,,,1.26046884059906
100,39949,,,,1.2389247417449951
100,39999,,,,1.0883820056915283
100,40049,,,,1.2919549942016602
100,40099,,,,1.2385939359664917
100,40133,,0.8812999725341797,,
101,40149,,,,1.232419729232788
101,40199,,,,1.1948115825653076
101,40249,,,,1.123321771621704
101,40299,,,,1.1718775033950806
101,40349,,,,1.3471554517745972
101,40399,,,,1.1985507011413574
101,40449,,,,1.1737358570098877
101,40499,,,,1.246634602546692
101,40533,,0.8906000256538391,,
102,40549,,,,1.0551637411117554
102,40599,,,,1.0950640439987183
102,40649,,,,1.1526180505752563
102,40699,,,,1.2270665168762207
102,40749,,,,0.5097047090530396
102,40799,,,,1.0613538026809692
102,40849,,,,1.257371425628662
102,40899,,,,1.0957989692687988
102,40924,,0.8748999834060669,,
103,40949,,,,0.9454398155212402
103,40999,,,,1.253123164176941
103,41049,,,,1.13465416431427
103,41099,,,,1.3829985857009888
103,41149,,,,1.051810622215271
103,41199,,,,1.2639961242675781
103,41249,,,,1.1300148963928223
103,41299,,,,1.212199330329895
103,41315,,0.8751999735832214,,
104,41349,,,,1.2577458620071411
104,41399,,,,1.2503644227981567
104,41449,,,,1.2112207412719727
104,41499,,,,1.3048382997512817
104,41549,,,,1.2393957376480103
104,41599,,,,1.164287805557251
104,41649,,,,1.1789895296096802
104,41699,,,,1.0552897453308105
104,41708,,0.8873999714851379,,
105,41749,,,,1.1347784996032715
105,41799,,,,1.1150404214859009
105,41849,,,,1.180849552154541
105,41899,,,,1.213189721107483
105,41949,,,,0.9350048303604126
105,41999,,,,0.9412683248519897
105,42049,,,,1.1946017742156982
105,42099,,,,1.249633550643921
105,42100,,0.8853999972343445,,
106,42149,,,,1.1150038242340088
106,42199,,,,1.2160173654556274
106,42249,,,,1.096099853515625
106,42299,,,,1.1968721151351929
106,42349,,,,1.0195850133895874
106,42399,,,,1.340248703956604
106,42449,,,,1.3209571838378906
106,42497,,0.8903999924659729,,
107,42499,,,,1.078665852546692
107,42549,,,,1.0820475816726685
107,42599,,,,0.9496663808822632
107,42649,,,,1.1958893537521362
107,42699,,,,1.1265902519226074
107,42749,,,,0.9709901809692383
107,42799,,,,1.091428279876709
107,42849,,,,1.0254765748977661
107,42899,,,,1.252285122871399
107,42904,,0.8826000094413757,,
108,42949,,,,1.1309658288955688
108,42999,,,,1.2867239713668823
108,43049,,,,1.1193866729736328
108,43099,,,,1.2916851043701172
108,43149,,,,1.0689090490341187
108,43199,,,,1.1116833686828613
108,43249,,,,1.127451777458191
108,43297,,0.8694000244140625,,
109,43299,,,,1.0199447870254517
109,43349,,,,1.0938407182693481
109,43399,,,,1.1969012022018433
109,43449,,,,1.2607401609420776
109,43499,,,,1.1749017238616943
109,43549,,,,1.1887180805206299
109,43599,,,,0.9891787171363831
109,43649,,,,1.1053152084350586
109,43687,,0.8845000267028809,,
110,43699,,,,0.9823874831199646
110,43749,,,,1.2473955154418945
110,43799,,,,1.1441481113433838
110,43849,,,,1.2833421230316162
110,43899,,,,1.182599663734436
110,43949,,,,1.2687333822250366
110,43999,,,,1.1826744079589844
110,44049,,,,1.3179106712341309
110,44082,,0.8743000030517578,,
111,44099,,,,1.1051005125045776
111,44149,,,,1.1321524381637573
111,44199,,,,1.2485480308532715
111,44249,,,,1.1970462799072266
111,44299,,,,1.0670920610427856
111,44349,,,,1.2231972217559814
111,44399,,,,1.211715817451477
111,44449,,,,0.9958851933479309
111,44475,,0.8748999834060669,,
112,44499,,,,1.2544504404067993
112,44549,,,,1.2352395057678223
112,44599,,,,1.1472663879394531
112,44649,,,,1.032069206237793
112,44699,,,,1.2863752841949463
112,44749,,,,1.1895484924316406
112,44799,,,,1.1740144491195679
112,44849,,,,1.1122676134109497
112,44881,,0.8677999973297119,,
113,44899,,,,1.2521427869796753
113,44949,,,,1.2630928754806519
113,44999,,,,1.1442471742630005
113,45049,,,,1.1817412376403809
113,45099,,,,1.2258845567703247
113,45149,,,,1.1778956651687622
113,45199,,,,0.8854579925537109
113,45249,,,,1.1165947914123535
113,45275,,0.8881000280380249,,
114,45299,,,,1.201151967048645
114,45349,,,,1.2721641063690186
114,45399,,,,1.1106431484222412
114,45449,,,,1.0726795196533203
114,45499,,,,1.2099331617355347
114,45549,,,,0.8622514605522156
114,45599,,,,1.1648554801940918
114,45649,,,,1.1600090265274048
114,45685,,0.8794000148773193,,
115,45699,,,,1.2133513689041138
115,45749,,,,1.0116223096847534
115,45799,,,,1.1876776218414307
115,45849,,,,1.0072087049484253
115,45899,,,,1.2442240715026855
115,45949,,,,1.12518310546875
115,45999,,,,1.2540959119796753
115,46049,,,,0.7037227749824524
115,46082,,0.8726000189781189,,
116,46099,,,,1.2203829288482666
116,46149,,,,1.1501421928405762
116,46199,,,,1.1360933780670166
116,46249,,,,1.1825919151306152
116,46299,,,,1.1238577365875244
116,46349,,,,1.2373160123825073
116,46399,,,,1.199835181236267
116,46449,,,,1.081084966659546
116,46474,,0.8784000277519226,,
117,46499,,,,1.282440423965454
117,46549,,,,0.8211328983306885
117,46599,,,,0.8961435556411743
117,46649,,,,0.7786382436752319
117,46699,,,,1.0654163360595703
117,46749,,,,1.305206537246704
117,46799,,,,1.2362898588180542
117,46849,,,,1.1817177534103394
117,46875,,0.8833000063896179,,
118,46899,,,,1.2137266397476196
118,46949,,,,1.1884931325912476
118,46999,,,,1.208823800086975
118,47049,,,,1.1969819068908691
118,47099,,,,1.4601179361343384
118,47149,,,,1.2157198190689087
118,47199,,,,1.264621376991272
118,47249,,,,1.076717495918274
118,47266,,0.8870999813079834,,
119,47299,,,,1.1763845682144165
119,47349,,,,1.2194116115570068
119,47399,,,,1.2567461729049683
119,47449,,,,1.1942346096038818
119,47499,,,,1.2806260585784912
119,47549,,,,1.256021499633789
119,47599,,,,1.1737737655639648
119,47649,,,,1.06880521774292
119,47676,,0.8827000260353088,,
120,47699,,,,1.1121554374694824
120,47749,,,,1.0780231952667236
120,47799,,,,1.0832576751708984
120,47849,,,,0.9434729814529419
120,47899,,,,1.1172232627868652
120,47949,,,,1.0374577045440674
120,47999,,,,1.2074391841888428
120,48049,,,,1.1695358753204346
120,48071,,0.8763999938964844,,
121,48099,,,,1.2637120485305786
121,48149,,,,1.2528258562088013
121,48199,,,,1.1327500343322754
121,48249,,,,1.2951151132583618
121,48299,,,,1.1139463186264038
121,48349,,,,1.1094012260437012
121,48399,,,,1.200945496559143
121,48449,,,,1.2698472738265991
121,48470,,0.8619999885559082,,
122,48499,,,,1.2207787036895752
122,48549,,,,0.7996482253074646
122,48599,,,,1.2476398944854736
122,48649,,,,0.9618896842002869
122,48699,,,,0.7523031234741211
122,48749,,,,1.0271799564361572
122,48799,,,,1.1648133993148804
122,48849,,,,1.2097851037979126
122,48869,,0.875,,
123,48899,,,,1.135480284690857
123,48949,,,,1.0612819194793701
123,48999,,,,1.2335702180862427
123,49049,,,,1.1449607610702515
123,49099,,,,1.2023499011993408
123,49149,,,,1.0708768367767334
123,49199,,,,1.288004755973816
123,49249,,,,0.9198140501976013
123,49273,,0.8792999982833862,,
124,49299,,,,1.107121229171753
124,49349,,,,1.253770351409912
124,49399,,,,1.2605386972427368
124,49449,,,,1.2732644081115723
124,49499,,,,1.2311961650848389
124,49549,,,,0.8612741231918335
124,49599,,,,0.823956310749054
124,49649,,,,1.1458650827407837
124,49668,,0.8866999745368958,,
125,49699,,,,1.1218472719192505
125,49749,,,,0.6389831304550171
125,49799,,,,1.0072866678237915
125,49849,,,,1.2128452062606812
125,49899,,,,1.1730639934539795
125,49949,,,,1.026995062828064
125,49999,,,,1.0302318334579468
125,50049,,,,1.2294085025787354
125,50059,,0.8865000009536743,,
126,50099,,,,1.0642155408859253
126,50149,,,,1.1851469278335571
126,50199,,,,1.1302506923675537
126,50249,,,,0.9039844274520874
126,50299,,,,1.0978208780288696
126,50349,,,,1.2257620096206665
126,50399,,,,1.1864495277404785
126,50449,,,,1.1238960027694702
126,50463,,0.885200023651123,,
127,50499,,,,0.9635860919952393
127,50549,,,,1.141628623008728
127,50599,,,,1.0384148359298706
127,50649,,,,0.9475363492965698
127,50699,,,,1.2444379329681396
127,50749,,,,1.218207597732544
127,50799,,,,1.2000741958618164
127,50849,,,,1.2714896202087402
127,50871,,0.8953999876976013,,
128,50899,,,,0.9744514226913452
128,50949,,,,1.0966815948486328
128,50999,,,,1.0103739500045776
128,51049,,,,1.225791096687317
128,51099,,,,1.2055401802062988
128,51149,,,,1.1637977361679077
128,51199,,,,1.109184741973877
128,51249,,,,1.1905895471572876
128,51266,,0.8996999859809875,,
129,51299,,,,1.0492383241653442
129,51349,,,,0.9021981358528137
129,51399,,,,1.128657341003418
129,51449,,,,1.1905404329299927
129,51499,,,,1.0474859476089478
129,51549,,,,1.2142338752746582
129,51599,,,,0.6418798565864563
129,51649,,,,1.153530240058899
129,51659,,0.8884999752044678,,
130,51699,,,,1.1796061992645264
130,51749,,,,1.135528802871704
130,51799,,,,0.8527442812919617
130,51849,,,,1.1698317527770996
130,51899,,,,0.9997625350952148
130,51949,,,,1.0766305923461914
130,51999,,,,1.296509027481079
130,52049,,,,1.2403678894042969
130,52060,,0.895799994468689,,
131,52099,,,,0.7471507787704468
131,52149,,,,1.1375758647918701
131,52199,,,,0.9612717032432556
131,52249,,,,1.1990426778793335
131,52299,,,,1.2729120254516602
131,52349,,,,1.0455021858215332
131,52399,,,,1.0266211032867432
131,52449,,,,1.098508358001709
131,52456,,0.8906999826431274,,
132,52499,,,,0.9285343289375305
132,52549,,,,1.2757583856582642
132,52599,,,,1.1723237037658691
132,52649,,,,1.1881321668624878
132,52699,,,,1.2603399753570557
132,52749,,,,1.2106616497039795
132,52799,,,,1.1528880596160889
132,52849,,,,1.2156955003738403
132,52860,,0.8984000086784363,,
133,52899,,,,1.1678872108459473
133,52949,,,,1.103627324104309
133,52999,,,,1.1756187677383423
133,53049,,,,0.9301877021789551
133,53099,,,,1.163250207901001
133,53149,,,,0.9437485337257385
133,53199,,,,1.3054903745651245
133,53249,,,,1.1956838369369507
133,53255,,0.8752999901771545,,
134,53299,,,,1.0091794729232788
134,53349,,,,1.213948130607605
134,53399,,,,1.021618127822876
134,53449,,,,1.119398832321167
134,53499,,,,1.1942263841629028
134,53549,,,,1.1297177076339722
134,53599,,,,1.1620612144470215
134,53649,,,,1.2193565368652344
134,53659,,0.8652999997138977,,
135,53699,,,,0.7727402448654175
135,53749,,,,1.0916389226913452
135,53799,,,,1.164379358291626
135,53849,,,,1.2561535835266113
135,53899,,,,1.1511964797973633
135,53949,,,,1.1085212230682373
135,53999,,,,1.1153672933578491
135,54049,,,,1.1904296875
135,54067,,0.8830999732017517,,
136,54099,,,,1.222917914390564
136,54149,,,,1.046759009361267
136,54199,,,,1.1582776308059692
136,54249,,,,1.1087826490402222
136,54299,,,,1.193144679069519
136,54349,,,,1.0419858694076538
136,54399,,,,1.0490665435791016
136,54449,,,,0.8751841187477112
136,54474,,0.8797000050544739,,
137,54499,,,,1.2729860544204712
137,54549,,,,1.150304913520813
137,54599,,,,1.1385741233825684
137,54649,,,,1.1499137878417969
137,54699,,,,1.1339406967163086
137,54749,,,,1.1869077682495117
137,54799,,,,1.1686784029006958
137,54849,,,,1.2506096363067627
137,54880,,0.8881999850273132,,
138,54899,,,,1.1622980833053589
138,54949,,,,0.6789331436157227
138,54999,,,,1.152712106704712
138,55049,,,,0.9671972990036011
138,55099,,,,1.244457721710205
138,55149,,,,1.169358253479004
138,55199,,,,1.1237186193466187
138,55249,,,,1.1230515241622925
138,55282,,0.8828999996185303,,
139,55299,,,,1.1426365375518799
139,55349,,,,1.111896276473999
139,55399,,,,1.0589929819107056
139,55449,,,,1.0884296894073486
139,55499,,,,1.2484469413757324
139,55549,,,,0.7448648810386658
139,55599,,,,0.9842851161956787
139,55649,,,,1.1523388624191284
139,55688,,0.8820000290870667,,
140,55699,,,,1.2696645259857178
140,55749,,,,1.210373044013977
140,55799,,,,1.2473881244659424
140,55849,,,,1.1836302280426025
140,55899,,,,1.1097440719604492
140,55949,,,,1.2854875326156616
140,55999,,,,1.1467561721801758
140,56049,,,,1.1886965036392212
140,56092,,0.8708999752998352,,
141,56099,,,,1.1493327617645264
141,56149,,,,1.0400971174240112
141,56199,,,,1.1640087366104126
141,56249,,,,1.2005077600479126
141,56299,,,,1.1616337299346924
141,56349,,,,1.1655278205871582
141,56399,,,,1.085392713546753
141,56449,,,,1.1739716529846191
141,56489,,0.8884000182151794,,
142,56499,,,,0.9192495346069336
142,56549,,,,1.2462337017059326
142,56599,,,,1.1403008699417114
142,56649,,,,1.1879569292068481
142,56699,,,,0.9934444427490234
142,56749,,,,1.1569797992706299
142,56799,,,,1.1139016151428223
142,56849,,,,0.7681052088737488
142,56886,,0.8845000267028809,,
143,56899,,,,1.1616264581680298
143,56949,,,,0.9724974632263184
143,56999,,,,0.9697750806808472
143,57049,,,,1.203121542930603
143,57099,,,,1.1810669898986816
143,57149,,,,1.2088253498077393
143,57199,,,,1.0278191566467285
143,57249,,,,0.8837936520576477
143,57290,,0.885699987411499,,
144,57299,,,,0.9840161800384521
144,57349,,,,1.1827402114868164
144,57399,,,,1.1886628866195679
144,57449,,,,1.1921873092651367
144,57499,,,,0.9256488680839539
144,57549,,,,1.2615476846694946
144,57599,,,,1.0338574647903442
144,57649,,,,1.07876455783844
144,57699,,,,1.1439862251281738
144,57700,,0.8801000118255615,,
145,57749,,,,1.2435555458068848
145,57799,,,,1.146284818649292
145,57849,,,,0.8726364970207214
145,57899,,,,1.0228701829910278
145,57949,,,,1.0029795169830322
145,57999,,,,1.200962781906128
145,58049,,,,1.1754670143127441
145,58099,,,,1.247372031211853
145,58100,,0.887499988079071,,
146,58149,,,,1.135438323020935
146,58199,,,,1.1514062881469727
146,58249,,,,1.312196969985962
146,58299,,,,0.9152258634567261
146,58349,,,,1.0767760276794434
146,58399,,,,1.1693146228790283
146,58449,,,,1.2420082092285156
146,58499,,,,0.725633442401886
146,58505,,0.8863000273704529,,
147,58549,,,,1.1108437776565552
147,58599,,,,1.1923813819885254
147,58649,,,,1.0236566066741943
147,58699,,,,0.6585211753845215
147,58749,,,,1.1424506902694702
147,58799,,,,1.1395199298858643
147,58849,,,,1.1520438194274902
147,58899,,,,1.3176047801971436
147,58901,,0.8974999785423279,,
148,58949,,,,1.0287507772445679
148,58999,,,,1.2289036512374878
148,59049,,,,1.2293215990066528
148,59099,,,,0.9073110818862915
148,59149,,,,0.9955146908760071
148,59199,,,,1.1921756267547607
148,59249,,,,1.3070664405822754
148,59294,,0.8866999745368958,,
149,59299,,,,1.0761505365371704
149,59349,,,,1.1462252140045166
149,59399,,,,1.1729865074157715
149,59449,,,,1.2256386280059814
149,59499,,,,1.1759690046310425
149,59549,,,,1.0846537351608276
149,59599,,,,0.6619889736175537
149,59649,,,,1.219788670539856
149,59690,,0.8828999996185303,,
150,59699,,,,1.2474473714828491
150,59749,,,,1.1013911962509155
150,59799,,,,0.9195923805236816
150,59849,,,,1.1025145053863525
150,59899,,,,1.1941708326339722
150,59949,,,,0.9404538869857788
150,59999,,,,1.1379891633987427
150,60049,,,,1.1851105690002441
150,60091,,0.8952999711036682,,
151,60099,,,,1.189381718635559
151,60149,,,,1.175144910812378
151,60199,,,,1.205756664276123
151,60249,,,,1.1736239194869995
151,60299,,,,1.1386854648590088
151,60349,,,,1.0350323915481567
151,60399,,,,1.1507811546325684
151,60449,,,,1.1242388486862183
151,60499,,,,1.3946782350540161
151,60502,,0.9014000296592712,,
152,60549,,,,0.9182319641113281
152,60599,,,,1.1814204454421997
152,60649,,,,1.194915771484375
152,60699,,,,1.097046971321106
152,60749,,,,1.0357686281204224
152,60799,,,,0.8123101592063904
152,60849,,,,1.047062635421753
152,60899,,,,1.1502658128738403
152,60902,,0.8863000273704529,,
153,60949,,,,1.114036202430725
153,60999,,,,1.118388295173645
153,61049,,,,1.1221901178359985
153,61099,,,,1.0466068983078003
153,61149,,,,1.2169532775878906
153,61199,,,,1.2162317037582397
153,61249,,,,1.3071084022521973
153,61299,,,,1.135784387588501
153,61303,,0.9049000144004822,,
154,61349,,,,0.9680740833282471
154,61399,,,,0.9700474739074707
154,61449,,,,1.0683341026306152
154,61499,,,,1.2437844276428223
154,61549,,,,1.1464898586273193
154,61599,,,,1.1271406412124634
154,61649,,,,1.085713267326355
154,61699,,,,0.8768784999847412
154,61701,,0.9014000296592712,,
155,61749,,,,1.1156247854232788
155,61799,,,,1.1512774229049683
155,61849,,,,1.1723716259002686
155,61899,,,,1.302756905555725
155,61949,,,,1.0545566082000732
155,61999,,,,1.155622959136963
155,62049,,,,1.1525245904922485
155,62099,,,,0.9135204553604126
155,62102,,0.895799994468689,,
156,62149,,,,1.080710768699646
156,62199,,,,1.154731273651123
156,62249,,,,1.2808340787887573
156,62299,,,,1.0949169397354126
156,62349,,,,0.8471484780311584
156,62399,,,,1.0939360857009888
156,62449,,,,0.982257068157196
156,62499,,,,1.1651041507720947
156,62510,,0.8977000117301941,,
157,62549,,,,1.1352486610412598
157,62599,,,,1.1673706769943237
157,62649,,,,1.0307743549346924
157,62699,,,,1.1576093435287476
157,62749,,,,1.1091676950454712
157,62799,,,,0.8598317503929138
157,62849,,,,1.0574584007263184
157,62899,,,,1.0700711011886597
157,62913,,0.9031000137329102,,
158,62949,,,,1.0949175357818604
158,62999,,,,1.0373560190200806
158,63049,,,,1.104638695716858
158,63099,,,,1.20367431640625
158,63149,,,,1.2162975072860718
158,63199,,,,1.0850584506988525
158,63249,,,,0.6993591785430908
158,63299,,,,1.1480849981307983
158,63314,,0.890999972820282,,
159,63349,,,,1.225824236869812
159,63399,,,,0.9855579733848572
159,63449,,,,1.2099366188049316
159,63499,,,,1.0909371376037598
159,63549,,,,1.228068470954895
159,63599,,,,1.0935295820236206
159,63649,,,,0.9790159463882446
159,63699,,,,1.2287757396697998
159,63722,,0.8835999965667725,,
160,63749,,,,1.1872433423995972
160,63799,,,,1.0606606006622314
160,63849,,,,1.10888671875
160,63899,,,,1.126052975654602
160,63949,,,,1.0954676866531372
160,63999,,,,1.091448187828064
160,64049,,,,1.170993685722351
160,64099,,,,1.1377224922180176
160,64129,,0.8898000121116638,,
161,64149,,,,1.2074048519134521
161,64199,,,,1.2819665670394897
161,64249,,,,1.1715635061264038
161,64299,,,,1.202278971672058
161,64349,,,,1.142258644104004
161,64399,,,,1.130637288093567
161,64449,,,,1.1103763580322266
161,64499,,,,1.2139030694961548
161,64521,,0.8980000019073486,,
162,64549,,,,1.0570749044418335
162,64599,,,,1.2206741571426392
162,64649,,,,1.149109125137329
162,64699,,,,1.1412962675094604
162,64749,,,,1.145729899406433
162,64799,,,,1.2093521356582642
162,64849,,,,1.1672762632369995
162,64899,,,,1.1293052434921265
162,64922,,0.8866999745368958,,
163,64949,,,,1.1354568004608154
163,64999,,,,1.1301790475845337
163,65049,,,,1.0019149780273438
163,65099,,,,1.1882508993148804
163,65149,,,,1.079193115234375
163,65199,,,,1.1242576837539673
163,65249,,,,1.063527226448059
163,65299,,,,1.082317590713501
163,65324,,0.8991000056266785,,
164,65349,,,,1.0588034391403198
164,65399,,,,1.1917766332626343
164,65449,,,,0.9345170855522156
164,65499,,,,1.277580738067627
164,65549,,,,1.0820471048355103
164,65599,,,,1.1900088787078857
164,65649,,,,1.0888620615005493
164,65699,,,,0.873755693435669
164,65730,,0.8973000049591064,,
165,65749,,,,1.1318858861923218
165,65799,,,,0.9315629005432129
165,65849,,,,1.0079506635665894
165,65899,,,,1.1866073608398438
165,65949,,,,1.0557373762130737
165,65999,,,,1.1427348852157593
165,66049,,,,1.1557570695877075
165,66099,,,,1.1229995489120483
165,66131,,0.9018999934196472,,
166,66149,,,,1.0961108207702637
166,66199,,,,1.1484034061431885
166,66249,,,,1.1382665634155273
166,66299,,,,1.2604756355285645
166,66349,,,,1.1212477684020996
166,66399,,,,0.7974549531936646
166,66449,,,,1.2171087265014648
166,66499,,,,1.1039836406707764
166,66529,,0.8855000138282776,,
167,66549,,,,1.1994948387145996
167,66599,,,,1.1126197576522827
167,66649,,,,0.7444527745246887
167,66699,,,,1.2424567937850952
167,66749,,,,0.9584408402442932
167,66799,,,,0.9457969665527344
167,66849,,,,1.1407724618911743
167,66899,,,,0.8813179135322571
167,66919,,0.8930000066757202,,
168,66949,,,,1.1942479610443115
168,66999,,,,1.2150672674179077
168,67049,,,,1.1955535411834717
168,67099,,,,1.2594155073165894
168,67149,,,,1.1072759628295898
168,67199,,,,1.2839924097061157
168,67249,,,,1.0376131534576416
168,67299,,,,1.0939228534698486
168,67327,,0.9059000015258789,,
169,67349,,,,1.2167952060699463
169,67399,,,,1.2096694707870483
169,67449,,,,1.20833420753479
169,67499,,,,1.174522876739502
169,67549,,,,0.6917463541030884
169,67599,,,,1.1066100597381592
169,67649,,,,1.1713241338729858
169,67699,,,,1.1744343042373657
169,67722,,0.8914999961853027,,
170,67749,,,,1.0242847204208374
170,67799,,,,1.0989258289337158
170,67849,,,,1.1887693405151367
170,67899,,,,1.2588772773742676
170,67949,,,,1.0940072536468506
170,67999,,,,1.0482569932937622
170,68049,,,,1.1545875072479248
170,68099,,,,1.1496453285217285
170,68112,,0.8844000101089478,,
171,68149,,,,1.2873653173446655
171,68199,,,,0.9478265047073364
171,68249,,,,0.9928054809570312
171,68299,,,,1.171142578125
171,68349,,,,1.0527663230895996
171,68399,,,,1.1647484302520752
171,68449,,,,1.0907611846923828
171,68499,,,,1.188171625137329
171,68525,,0.8888000249862671,,
172,68549,,,,1.0530869960784912
172,68599,,,,1.0671107769012451
172,68649,,,,1.1551001071929932
172,68699,,,,1.1681652069091797
172,68749,,,,1.0526435375213623
172,68799,,,,1.170311450958252
172,68849,,,,0.7939914464950562
172,68899,,,,1.256823182106018
172,68916,,0.9074000120162964,,
173,68949,,,,1.1507530212402344
173,68999,,,,1.1966848373413086
173,69049,,,,1.1953836679458618
173,69099,,,,1.0402836799621582
173,69149,,,,1.1780884265899658
173,69199,,,,1.1499810218811035
173,69249,,,,1.0415325164794922
173,69299,,,,1.0311689376831055
173,69312,,0.9007999897003174,,
174,69349,,,,1.059226632118225
174,69399,,,,0.9521672129631042
174,69449,,,,1.0540997982025146
174,69499,,,,1.2646920680999756
174,69549,,,,1.0364603996276855
174,69599,,,,1.059011459350586
174,69649,,,,1.1525909900665283
174,69699,,,,1.109341025352478
174,69708,,0.9061999917030334,,
175,69749,,,,0.990957498550415
175,69799,,,,1.026718020439148
175,69849,,,,0.8234769105911255
175,69899,,,,1.1672462224960327
175,69949,,,,1.0974788665771484
175,69999,,,,0.9957798719406128
175,70049,,,,0.7250182032585144
175,70099,,,,1.0858311653137207
175,70100,,0.8985000252723694,,
176,70149,,,,1.1790356636047363
176,70199,,,,1.17568039894104
176,70249,,,,1.0731229782104492
176,70299,,,,1.1701176166534424
176,70349,,,,0.9205999374389648
176,70399,,,,1.2742043733596802
176,70449,,,,1.156581997871399
176,70498,,0.9035999774932861,,
177,70499,,,,1.1669164896011353
177,70549,,,,1.1002256870269775
177,70599,,,,1.191601037979126
177,70649,,,,1.1233875751495361
177,70699,,,,1.0945415496826172
177,70749,,,,1.1033103466033936
177,70799,,,,1.1078839302062988
177,70849,,,,1.2046289443969727
177,70893,,0.902999997138977,,
178,70899,,,,0.9265555739402771
178,70949,,,,1.0154664516448975
178,70999,,,,1.2345397472381592
178,71049,,,,1.076141357421875
178,71099,,,,1.1330169439315796
178,71149,,,,1.1323381662368774
178,71199,,,,1.1103469133377075
178,71249,,,,1.2260510921478271
178,71287,,0.8938999772071838,,
179,71299,,,,1.051388144493103
179,71349,,,,1.0267637968063354
179,71399,,,,0.8494334816932678
179,71449,,,,1.1572540998458862
179,71499,,,,1.1395835876464844
179,71549,,,,1.0576759576797485
179,71599,,,,1.129889726638794
179,71649,,,,1.0493948459625244
179,71689,,0.8996999859809875,,
180,71699,,,,1.025569200515747
180,71749,,,,1.0911463499069214
180,71799,,,,1.0726927518844604
180,71849,,,,1.0294992923736572
180,71899,,,,0.9739384651184082
180,71949,,,,0.9973829984664917
180,71999,,,,1.2199865579605103
180,72049,,,,1.0837819576263428
180,72083,,0.8913000226020813,,
181,72099,,,,1.0539665222167969
181,72149,,,,1.1910405158996582
181,72199,,,,1.038816213607788
181,72249,,,,0.9107068777084351
181,72299,,,,0.9933066368103027
181,72349,,,,0.8545804619789124
181,72399,,,,0.9803728461265564
181,72449,,,,1.0758466720581055
181,72490,,0.8914999961853027,,
182,72499,,,,1.122866153717041
182,72549,,,,1.0063222646713257
182,72599,,,,1.1342341899871826
182,72649,,,,1.0926257371902466
182,72699,,,,1.0618935823440552
182,72749,,,,0.9453234672546387
182,72799,,,,1.1223522424697876
182,72849,,,,1.126908540725708
182,72881,,0.9054999947547913,,
183,72899,,,,1.1248812675476074
183,72949,,,,1.1020841598510742
183,72999,,,,1.1766674518585205
183,73049,,,,1.1458652019500732
183,73099,,,,1.06757390499115
183,73149,,,,1.1288305521011353
183,73199,,,,1.173811435699463
183,73249,,,,1.2325506210327148
183,73293,,0.9035999774932861,,
184,73299,,,,1.182899832725525
184,73349,,,,1.1174852848052979
184,73399,,,,1.2057214975357056
184,73449,,,,1.012083888053894
184,73499,,,,1.1541112661361694
184,73549,,,,1.10395348072052
184,73599,,,,1.043904423713684
184,73649,,,,1.1558624505996704
184,73699,,,,1.163474678993225
184,73707,,0.8909000158309937,,
185,73749,,,,1.050014853477478
185,73799,,,,1.1221258640289307
185,73849,,,,0.8860325217247009
185,73899,,,,1.053840160369873
185,73949,,,,1.116495132446289
185,73999,,,,1.0304539203643799
185,74049,,,,1.1614835262298584
185,74099,,,,1.1127039194107056
185,74109,,0.8942999839782715,,
186,74149,,,,1.064225196838379
186,74199,,,,0.8664824366569519
186,74249,,,,1.033724308013916
186,74299,,,,1.12142014503479
186,74349,,,,0.9180660247802734
186,74399,,,,1.1792551279067993
186,74449,,,,1.0810893774032593
186,74499,,,,0.9724400043487549
186,74506,,0.8945000171661377,,
187,74549,,,,1.122871994972229
187,74599,,,,1.1817280054092407
187,74649,,,,1.1263768672943115
187,74699,,,,1.0880118608474731
187,74749,,,,1.0524718761444092
187,74799,,,,1.0891340970993042
187,74849,,,,1.14431893825531
187,74899,,,,1.1968786716461182
187,74904,,0.9036999940872192,,
188,74949,,,,1.0502090454101562
188,74999,,,,1.0341331958770752
188,75049,,,,1.0845638513565063
188,75099,,,,1.1364681720733643
188,75149,,,,1.1311596632003784
188,75199,,,,1.1227596998214722
188,75249,,,,1.0618175268173218
188,75299,,,,1.0542192459106445
188,75317,,0.9047999978065491,,
189,75349,,,,1.0068373680114746
189,75399,,,,1.1360331773757935
189,75449,,,,1.040323257446289
189,75499,,,,1.1542389392852783
189,75549,,,,1.1806503534317017
189,75599,,,,0.7008471488952637
189,75649,,,,1.0726187229156494
189,75699,,,,1.0755811929702759
189,75707,,0.909500002861023,,
190,75749,,,,1.106486439704895
190,75799,,,,1.0772861242294312
190,75849,,,,0.9699016809463501
190,75899,,,,1.0319395065307617
190,75949,,,,1.1206008195877075
190,75999,,,,1.084206461906433
190,76049,,,,1.0734713077545166
190,76099,,,,1.0376495122909546
190,76117,,0.8998000025749207,,
191,76149,,,,1.1507318019866943
191,76199,,,,1.2032666206359863
191,76249,,,,0.9626953601837158
191,76299,,,,1.1656794548034668
191,76349,,,,1.1676573753356934
191,76399,,,,1.0015803575515747
191,76449,,,,1.2285385131835938
191,76499,,,,1.0819672346115112
191,76507,,0.9074000120162964,,
192,76549,,,,1.1238542795181274
192,76599,,,,0.997154951095581
192,76649,,,,0.9885837435722351
192,76699,,,,1.1206879615783691
192,76749,,,,1.1623694896697998
192,76799,,,,1.1366478204727173
192,76849,,,,1.109439730644226
192,76899,,,,1.10835862159729
192,76918,,0.8892999887466431,,
193,76949,,,,1.0359426736831665
193,76999,,,,1.1888538599014282
193,77049,,,,1.1247154474258423
193,77099,,,,1.1076433658599854
193,77149,,,,1.2427113056182861
193,77199,,,,0.9538052678108215
193,77249,,,,0.6908082365989685
193,77299,,,,1.1607489585876465
193,77322,,0.8956999778747559,,
194,77349,,,,1.1215806007385254
194,77399,,,,1.0185595750808716
194,77449,,,,1.0066187381744385
194,77499,,,,0.9759777188301086
194,77549,,,,0.9083865880966187
194,77599,,,,0.7158688306808472
194,77649,,,,1.1053200960159302
194,77699,,,,1.1661393642425537
194,77714,,0.8910999894142151,,
195,77749,,,,1.103300929069519
195,77799,,,,1.1058515310287476
195,77849,,,,1.200124979019165
195,77899,,,,1.2098863124847412
195,77949,,,,1.2624579668045044
195,77999,,,,1.065264105796814
195,78049,,,,1.086778998374939
195,78099,,,,1.0940678119659424
195,78113,,0.897599995136261,,
196,78149,,,,1.1528805494308472
196,78199,,,,0.8238593935966492
196,78249,,,,1.14439058303833
196,78299,,,,0.9748849868774414
196,78349,,,,1.0547667741775513
196,78399,,,,1.1074532270431519
196,78449,,,,1.0950767993927002
196,78499,,,,1.168270230293274
196,78504,,0.9024999737739563,,
197,78549,,,,0.9564923048019409
197,78599,,,,1.1566317081451416
197,78649,,,,1.1893233060836792
197,78699,,,,1.0065408945083618
197,78749,,,,1.0009188652038574
197,78799,,,,0.9509280920028687
197,78849,,,,1.1027328968048096
197,78899,,,,0.920992910861969
197,78915,,0.8913999795913696,,
198,78949,,,,1.1274914741516113
198,78999,,,,0.682478666305542
198,79049,,,,1.090512752532959
198,79099,,,,1.1912600994110107
198,79149,,,,1.1701315641403198
198,79199,,,,0.6866533160209656
198,79249,,,,1.1715730428695679
198,79299,,,,0.9729421138763428
198,79312,,0.9085000157356262,,
199,79349,,,,1.0470833778381348
199,79399,,,,1.1449540853500366
199,79449,,,,0.9207724928855896
199,79499,,,,0.7556172609329224
199,79549,,,,1.153554916381836
199,79599,,,,1.1150723695755005
199,79649,,,,0.9421676397323608
199,79699,,,,0.9975715279579163
199,79718,,0.9003000259399414,,
200,79749,,,,1.0969655513763428
200,79799,,,,1.0361863374710083
200,79849,,,,0.9810479283332825
200,79899,,,,1.1117619276046753
200,79949,,,,1.0085843801498413
200,79999,,,,1.1371561288833618
200,80049,,,,0.9225897789001465
200,80099,,,,1.0903096199035645
200,80132,,0.8991000056266785,,
201,80149,,,,1.0401594638824463
201,80199,,,,1.0903830528259277
201,80249,,,,1.0462087392807007
201,80299,,,,1.0983550548553467
201,80349,,,,0.9225559234619141
201,80399,,,,0.8395634889602661
201,80449,,,,1.1163710355758667
201,80499,,,,1.1165729761123657
201,80545,,0.8889999985694885,,
202,80549,,,,0.8988468050956726
202,80599,,,,1.1339634656906128
202,80649,,,,1.070611596107483
202,80699,,,,1.0960420370101929
202,80749,,,,1.1200125217437744
202,80799,,,,1.0855870246887207
202,80849,,,,1.074783444404602
202,80899,,,,1.0577735900878906
202,80947,,0.8888999819755554,,
203,80949,,,,1.188995122909546
203,80999,,,,1.1516437530517578
203,81049,,,,1.1570589542388916
203,81099,,,,0.8640440702438354
203,81149,,,,1.0693655014038086
203,81199,,,,0.9623304009437561
203,81249,,,,0.9841206073760986
203,81299,,,,0.9848663210868835
203,81340,,0.9034000039100647,,
204,81349,,,,1.1687527894973755
204,81399,,,,1.115125060081482
204,81449,,,,0.8592652678489685
204,81499,,,,0.9781238436698914
204,81549,,,,0.9701490998268127
204,81599,,,,1.1071380376815796
204,81649,,,,1.1196908950805664
204,81699,,,,1.054569959640503
204,81747,,0.8934000134468079,,
205,81749,,,,1.0315113067626953
205,81799,,,,1.1178297996520996
205,81849,,,,1.0640472173690796
205,81899,,,,0.9282025098800659
205,81949,,,,1.0951437950134277
205,81999,,,,0.9210861325263977
205,82049,,,,0.7611047029495239
205,82099,,,,1.146811604499817
205,82138,,0.8910999894142151,,
206,82149,,,,1.1022744178771973
206,82199,,,,1.0857632160186768
206,82249,,,,1.0873290300369263
206,82299,,,,1.0387308597564697
206,82349,,,,1.0680134296417236
206,82399,,,,1.100948452949524
206,82449,,,,0.9846175909042358
206,82499,,,,1.1116257905960083
206,82540,,0.9132999777793884,,
207,82549,,,,1.05870521068573
207,82599,,,,1.207454800605774
207,82649,,,,1.1504204273223877
207,82699,,,,1.0851458311080933
207,82749,,,,1.1400516033172607
207,82799,,,,1.1621936559677124
207,82849,,,,1.042578101158142
207,82899,,,,1.111158013343811
207,82945,,0.8970999717712402,,
208,82949,,,,1.0009331703186035
208,82999,,,,1.0631873607635498
208,83049,,,,1.1342966556549072
208,83099,,,,1.0620900392532349
208,83149,,,,1.109798789024353
208,83199,,,,1.086747646331787
208,83249,,,,1.1489732265472412
208,83299,,,,1.095277190208435
208,83349,,,,1.0907418727874756
208,83359,,0.9075000286102295,,
209,83399,,,,1.017869472503662
209,83449,,,,1.0471224784851074
209,83499,,,,1.0490045547485352
209,83549,,,,0.9913727045059204
209,83599,,,,1.165543556213379
209,83649,,,,0.769606351852417
209,83699,,,,0.9665091633796692
209,83749,,,,1.0826044082641602
209,83764,,0.9075000286102295,,
210,83799,,,,1.1373240947723389
210,83849,,,,1.0361427068710327
210,83899,,,,0.7331755757331848
210,83949,,,,1.029443621635437
210,83999,,,,1.1688015460968018
210,84049,,,,1.118281364440918
210,84099,,,,1.0058314800262451
210,84149,,,,1.029727578163147
210,84170,,0.9061999917030334,,
211,84199,,,,1.0963910818099976
211,84249,,,,0.8529664874076843
211,84299,,,,1.1263197660446167
211,84349,,,,1.035894751548767
211,84399,,,,0.7569540143013
211,84449,,,,1.1154344081878662
211,84499,,,,0.9946646094322205
211,84549,,,,1.007094144821167
211,84575,,0.9089000225067139,,
212,84599,,,,1.04254949092865
212,84649,,,,1.0691895484924316
212,84699,,,,1.1363155841827393
212,84749,,,,1.1322624683380127
212,84799,,,,1.1026160717010498
212,84849,,,,1.0849688053131104
212,84899,,,,1.108649730682373
212,84949,,,,1.0376015901565552
212,84979,,0.9013000130653381,,
213,84999,,,,0.831979513168335
213,85049,,,,1.0376592874526978
213,85099,,,,1.0361946821212769
213,85149,,,,1.1069668531417847
213,85199,,,,0.9897044897079468
213,85249,,,,1.0972145795822144
213,85299,,,,1.13734769821167
213,85349,,,,1.0383200645446777
213,85387,,0.8985000252723694,,
214,85399,,,,1.1140847206115723
214,85449,,,,1.1039249897003174
214,85499,,,,1.163164496421814
214,85549,,,,0.510107159614563
214,85599,,,,1.0450239181518555
214,85649,,,,1.0058914422988892
214,85699,,,,1.171191930770874
214,85749,,,,0.9908825159072876
214,85778,,0.9045000076293945,,
215,85799,,,,1.105423927307129
215,85849,,,,1.0782785415649414
215,85899,,,,1.0401042699813843
215,85949,,,,1.0960650444030762
215,85999,,,,0.9097692370414734
215,86049,,,,1.0423494577407837
215,86099,,,,0.9216116666793823
215,86149,,,,1.035585641860962
215,86185,,0.9110000133514404,,
216,86199,,,,0.8633120656013489
216,86249,,,,0.9804681539535522
216,86299,,,,1.064371943473816
216,86349,,,,1.0880582332611084
216,86399,,,,1.1855278015136719
216,86449,,,,0.9839657545089722
216,86499,,,,1.0349595546722412
216,86549,,,,1.0322345495224
216,86586,,0.9067999720573425,,
217,86599,,,,1.0713832378387451
217,86649,,,,1.1834640502929688
217,86699,,,,1.1342769861221313
217,86749,,,,1.05068838596344
217,86799,,,,1.0042648315429688
217,86849,,,,0.9694516062736511
217,86899,,,,0.9859190583229065
217,86949,,,,0.8869131207466125
217,86987,,0.9003000259399414,,
218,86999,,,,1.0256751775741577
218,87049,,,,1.0881496667861938
218,87099,,,,0.9995620846748352
218,87149,,,,0.9323170781135559
218,87199,,,,1.0768468379974365
218,87249,,,,1.086181879043579
218,87299,,,,0.8403178453445435
218,87349,,,,0.9730051755905151
218,87396,,0.9114000201225281,,
219,87399,,,,1.1402099132537842
219,87449,,,,1.0896402597427368
219,87499,,,,1.0721415281295776
219,87549,,,,1.2140992879867554
219,87599,,,,0.9562323689460754
219,87649,,,,1.0599472522735596
219,87699,,,,0.9234241843223572
219,87749,,,,1.0911564826965332
219,87797,,0.9088000059127808,,
220,87799,,,,1.058841347694397
220,87849,,,,0.8537430763244629
220,87899,,,,0.9444448351860046
220,87949,,,,1.0931217670440674
220,87999,,,,1.1309459209442139
220,88049,,,,1.0348155498504639
220,88099,,,,0.7565101981163025
220,88149,,,,1.0481069087982178
220,88195,,0.9136999845504761,,
221,88199,,,,1.0535112619400024
221,88249,,,,1.0785765647888184
221,88299,,,,1.0451536178588867
221,88349,,,,0.9746695160865784
221,88399,,,,1.003627896308899
221,88449,,,,0.9712306261062622
221,88499,,,,1.0786093473434448
221,88549,,,,0.9982183575630188
221,88591,,0.8991000056266785,,
222,88599,,,,0.7897645831108093
222,88649,,,,1.2153372764587402
222,88699,,,,1.115401029586792
222,88749,,,,0.9316639304161072
222,88799,,,,1.0550196170806885
222,88849,,,,1.1042438745498657
222,88899,,,,0.7484361529350281
222,88949,,,,1.1825991868972778
222,88996,,0.9121000170707703,,
223,88999,,,,0.9433085322380066
223,89049,,,,1.067157506942749
223,89099,,,,1.1006134748458862
223,89149,,,,1.0702753067016602
223,89199,,,,1.0430852174758911
223,89249,,,,1.0142310857772827
223,89299,,,,1.0089600086212158
223,89349,,,,1.1730265617370605
223,89394,,0.9043999910354614,,
224,89399,,,,0.9208376407623291
224,89449,,,,0.8238822221755981
224,89499,,,,0.977235734462738
224,89549,,,,1.0999667644500732
224,89599,,,,1.108821988105774
224,89649,,,,1.0661580562591553
224,89699,,,,1.041261911392212
224,89749,,,,1.0641928911209106
224,89799,,,,0.9718514680862427
224,89799,,0.9089000225067139,,
225,89849,,,,1.070486068725586
225,89899,,,,0.8206499218940735
225,89949,,,,1.0367900133132935
225,89999,,,,1.077521562576294
225,90049,,,,1.2652037143707275
225,90099,,,,1.0830657482147217
225,90149,,,,0.9637607932090759
225,90195,,0.9047999978065491,,
226,90199,,,,1.1603691577911377
226,90249,,,,0.7361506819725037
226,90299,,,,1.0018452405929565
226,90349,,,,0.98859041929245
226,90399,,,,1.0908175706863403
226,90449,,,,1.0356451272964478
226,90499,,,,1.2131574153900146
226,90549,,,,1.1066489219665527
226,90593,,0.9010999798774719,,
227,90599,,,,1.04580557346344
227,90649,,,,1.0056509971618652
227,90699,,,,1.058342695236206
227,90749,,,,0.9009221792221069
227,90799,,,,1.014622688293457
227,90849,,,,1.1485645771026611
227,90899,,,,0.8700514435768127
227,90949,,,,1.0423237085342407
227,90994,,0.9002000093460083,,
228,90999,,,,1.0334450006484985
228,91049,,,,1.1009833812713623
228,91099,,,,1.041968584060669
228,91149,,,,0.9665936827659607
228,91199,,,,1.0663642883300781
228,91249,,,,1.02250075340271
228,91299,,,,0.9300352334976196
228,91349,,,,1.0175881385803223
228,91399,,,,0.74942946434021
228,91399,,0.904699981212616,,
229,91449,,,,1.073428750038147
229,91499,,,,1.1372469663619995
229,91549,,,,0.8149119019508362
229,91599,,,,1.138220191001892
229,91649,,,,1.0808751583099365
229,91699,,,,1.0381962060928345
229,91749,,,,1.0455338954925537
229,91799,,,,1.15216863155365
229,91800,,0.9125000238418579,,
230,91849,,,,0.8313772082328796
230,91899,,,,1.0735466480255127
230,91949,,,,1.138464331626892
230,91999,,,,1.0152944326400757
230,92049,,,,0.8628186583518982
230,92099,,,,1.0049316883087158
230,92149,,,,0.975345253944397
230,92195,,0.9054999947547913,,
231,92199,,,,1.0219835042953491
231,92249,,,,0.8543812036514282
231,92299,,,,1.1137794256210327
231,92349,,,,1.1061768531799316
231,92399,,,,1.0006160736083984
231,92449,,,,1.0439316034317017
231,92499,,,,1.0188753604888916
231,92549,,,,0.7283163666725159
231,92597,,0.9078999757766724,,
232,92599,,,,1.1324020624160767
232,92649,,,,1.1134560108184814
232,92699,,,,1.1058229207992554
232,92749,,,,0.8535768985748291
232,92799,,,,1.0560266971588135
232,92849,,,,0.8932603597640991
232,92899,,,,1.1088201999664307
232,92949,,,,0.8416510224342346
232,92994,,0.9085000157356262,,
233,92999,,,,1.0529625415802002
233,93049,,,,1.1326367855072021
233,93099,,,,1.0904916524887085
233,93149,,,,1.1811339855194092
233,93199,,,,1.0529296398162842
233,93249,,,,0.8596385717391968
233,93299,,,,1.0169639587402344
233,93349,,,,0.9918825626373291
233,93392,,0.9083999991416931,,
234,93399,,,,1.0186495780944824
234,93449,,,,1.0149627923965454
234,93499,,,,0.8819791674613953
234,93549,,,,1.0413944721221924
234,93599,,,,0.8974719047546387
234,93649,,,,0.8842141628265381
234,93699,,,,1.1094495058059692
234,93749,,,,1.0327786207199097
234,93786,,0.90829998254776,,
235,93799,,,,1.1035053730010986
235,93849,,,,1.0936236381530762
235,93899,,,,0.6862108111381531
235,93949,,,,0.9976967573165894
235,93999,,,,1.104823112487793
235,94049,,,,1.0412622690200806
235,94099,,,,1.0121254920959473
235,94149,,,,1.0972564220428467
235,94184,,0.9103000164031982,,
236,94199,,,,1.0366007089614868
236,94249,,,,0.9908280372619629
236,94299,,,,0.841956615447998
236,94349,,,,1.1039822101593018
236,94399,,,,0.9414180517196655
236,94449,,,,1.0206096172332764
236,94499,,,,1.1146321296691895
236,94549,,,,1.123123288154602
236,94576,,0.9136999845504761,,
237,94599,,,,1.063359022140503
237,94649,,,,0.9734840989112854
237,94699,,,,1.0100091695785522
237,94749,,,,0.9277291297912598
237,94799,,,,0.9927075505256653
237,94849,,,,1.106510877609253
237,94899,,,,1.159502387046814
237,94949,,,,1.1180362701416016
237,94974,,0.909600019454956,,
238,94999,,,,1.0410194396972656
238,95049,,,,0.9945594668388367
238,95099,,,,1.0373963117599487
238,95149,,,,0.8054871559143066
238,95199,,,,0.8187988996505737
238,95249,,,,1.0024868249893188
238,95299,,,,1.0318267345428467
238,95349,,,,1.1038633584976196
238,95368,,0.9074000120162964,,
239,95399,,,,0.9133883714675903
239,95449,,,,0.7596800923347473
239,95499,,,,1.075002908706665
239,95549,,,,1.1157923936843872
239,95599,,,,1.0274003744125366
239,95649,,,,0.8009278774261475
239,95699,,,,0.5617157220840454
239,95749,,,,1.0296900272369385
239,95766,,0.904699981212616,,
240,95799,,,,1.040328860282898
240,95849,,,,0.9659860134124756
240,95899,,,,0.902388870716095
240,95949,,,,0.897786021232605
240,95999,,,,0.9983561038970947
240,96049,,,,0.9904621839523315
240,96099,,,,1.0846495628356934
240,96149,,,,1.1322818994522095
240,96165,,0.9144999980926514,,
241,96199,,,,0.8280651569366455
241,96249,,,,0.981478750705719
241,96299,,,,1.045350193977356
241,96349,,,,1.079980492591858
241,96399,,,,1.0286979675292969
241,96449,,,,1.1068601608276367
241,96499,,,,1.012342095375061
241,96549,,,,0.8491029143333435
241,96558,,0.9077000021934509,,
242,96599,,,,0.9770192503929138
242,96649,,,,1.0642805099487305
242,96699,,,,1.0664448738098145
242,96749,,,,1.0440537929534912
242,96799,,,,1.1118100881576538
242,96849,,,,1.051555871963501
242,96899,,,,1.0744925737380981
242,96949,,,,1.0908797979354858
242,96952,,0.9100000262260437,,
243,96999,,,,1.0867398977279663
243,97049,,,,0.965374767780304
243,97099,,,,1.0761922597885132
243,97149,,,,1.0494464635849
243,97199,,,,1.0297718048095703
243,97249,,,,1.021132469177246
243,97299,,,,1.0837472677230835
243,97347,,0.909500002861023,,
244,97349,,,,0.9565989375114441
244,97399,,,,0.817415714263916
244,97449,,,,1.0006065368652344
244,97499,,,,0.7495207786560059
244,97549,,,,1.0545579195022583
244,97599,,,,0.7917100787162781
244,97649,,,,0.9441129565238953
244,97699,,,,1.015238642692566
244,97740,,0.9032999873161316,,
245,97749,,,,1.034122347831726
245,97799,,,,1.0562278032302856
245,97849,,,,1.024673342704773
245,97899,,,,1.0786323547363281
245,97949,,,,1.1613446474075317
245,97999,,,,1.1342099905014038
245,98049,,,,0.5985494256019592
245,98099,,,,1.0002073049545288
245,98134,,0.9103999733924866,,
246,98149,,,,0.9861241579055786
246,98199,,,,1.0545612573623657
246,98249,,,,0.9071577191352844
246,98299,,,,1.032960057258606
246,98349,,,,0.7041541934013367
246,98399,,,,0.9927524924278259
246,98449,,,,0.936752438545227
246,98499,,,,1.0331614017486572
246,98529,,0.9067000150680542,,
247,98549,,,,1.1297016143798828
247,98599,,,,0.8737382888793945
247,98649,,,,0.9165573716163635
247,98699,,,,1.084396481513977
247,98749,,,,1.0267508029937744
247,98799,,,,0.8964800834655762
247,98849,,,,0.9981431365013123
247,98899,,,,1.0376520156860352
247,98924,,0.9061999917030334,,
248,98949,,,,1.0040936470031738
248,98999,,,,1.0674662590026855
248,99049,,,,1.066506266593933
248,99099,,,,0.9688956141471863
248,99149,,,,0.824096143245697
248,99199,,,,1.0187973976135254
248,99249,,,,0.9725308418273926
248,99299,,,,1.0645591020584106
248,99317,,0.9049000144004822,,
249,99349,,,,0.9595517516136169
249,99399,,,,0.9935970306396484
249,99449,,,,1.01361083984375
249,99499,,,,1.001253366470337
249,99549,,,,0.9817414283752441
249,99599,,,,0.9865018725395203
249,99649,,,,1.062364935874939
249,99699,,,,0.5654764771461487
249,99713,,0.9035999774932861,,
250,99749,,,,0.8901618123054504
250,99799,,,,0.9917741417884827
250,99849,,,,1.0426400899887085
250,99899,,,,1.1284301280975342
250,99949,,,,1.0676403045654297
250,99999,,,,1.0349390506744385
250,100049,,,,0.7874807119369507
250,100099,,,,1.0388612747192383
250,100110,,0.9065999984741211,,
251,100149,,,,1.007324457168579
251,100199,,,,0.8533321619033813
251,100249,,,,0.923811674118042
251,100299,,,,1.028653860092163
251,100349,,,,0.9665612578392029
251,100399,,,,1.0778013467788696
251,100449,,,,1.0687450170516968
251,100499,,,,0.8767043352127075
251,100504,,0.909600019454956,,
252,100549,,,,1.0486552715301514
252,100599,,,,0.9931139349937439
252,100649,,,,0.9117279648780823
252,100699,,,,1.0631239414215088
252,100749,,,,1.022786021232605
252,100799,,,,0.9629980325698853
252,100849,,,,1.0865247249603271
252,100897,,0.9047999978065491,,
253,100899,,,,0.9356299042701721
253,100949,,,,0.9738143086433411
253,100999,,,,1.0274471044540405
253,101049,,,,0.9100476503372192
253,101099,,,,1.0094473361968994
253,101149,,,,0.7522485256195068
253,101199,,,,0.9893796443939209
253,101249,,,,1.019317388534546
253,101292,,0.9106000065803528,,
254,101299,,,,1.0552583932876587
254,101349,,,,0.9401859641075134
254,101399,,,,1.070328950881958
254,101449,,,,0.8709730505943298
254,101499,,,,1.0596463680267334
254,101549,,,,0.7031618356704712
254,101599,,,,1.0588641166687012
254,101649,,,,1.0033005475997925
254,101687,,0.9101999998092651,,
255,101699,,,,0.7545924186706543
255,101749,,,,1.0373015403747559
255,101799,,,,1.1522310972213745
255,101849,,,,0.742868185043335
255,101899,,,,1.0546067953109741
255,101949,,,,0.9451062083244324
255,101999,,,,0.8486984968185425
255,102049,,,,1.039348840713501
255,102080,,0.9047999978065491,,
256,102099,,,,1.008451223373413
256,102149,,,,1.0047791004180908
256,102199,,,,0.8870437145233154
256,102249,,,,0.8976184129714966
256,102299,,,,0.9364118576049805
256,102349,,,,1.0216090679168701
256,102399,,,,0.9725527167320251
256,102449,,,,0.9047881960868835
256,102476,,0.8998000025749207,,
257,102499,,,,1.0113041400909424
257,102549,,,,0.9987821578979492
257,102599,,,,1.0308512449264526
257,102649,,,,0.4501921236515045
257,102699,,,,1.0408495664596558
257,102749,,,,1.0533454418182373
257,102799,,,,1.0330157279968262
257,102849,,,,1.0675537586212158
257,102873,,0.9043999910354614,,
258,102899,,,,1.040029525756836
258,102949,,,,0.9449731707572937
258,102999,,,,0.8348808288574219
258,103049,,,,1.0037485361099243
258,103099,,,,0.9943364858627319
258,103149,,,,1.0226351022720337
258,103199,,,,0.9457806944847107
258,103249,,,,0.9423844814300537
258,103266,,0.9143999814987183,,
259,103299,,,,1.015461802482605
259,103349,,,,0.9588544964790344
259,103399,,,,1.0370254516601562
259,103449,,,,1.0230963230133057
259,103499,,,,1.0822497606277466
259,103549,,,,0.9471138715744019
259,103599,,,,0.9221851825714111
259,103649,,,,0.9987934231758118
259,103657,,0.9154999852180481,,
260,103699,,,,1.0142993927001953
260,103749,,,,0.7716618776321411
260,103799,,,,0.8306102752685547
260,103849,,,,1.0301976203918457
260,103899,,,,0.8974438905715942
260,103949,,,,1.0314557552337646
260,103999,,,,1.063094973564148
260,104047,,0.9016000032424927,,
261,104049,,,,1.0536725521087646
261,104099,,,,1.0829704999923706
261,104149,,,,0.7135306000709534
261,104199,,,,1.0836997032165527
261,104249,,,,1.0033689737319946
261,104299,,,,1.0031734704971313
261,104349,,,,0.9514895677566528
261,104399,,,,1.021172285079956
261,104442,,0.9064000248908997,,
262,104449,,,,1.0172655582427979
262,104499,,,,0.8668785691261292
262,104549,,,,1.0201340913772583
262,104599,,,,1.0055599212646484
262,104649,,,,0.7719300389289856
262,104699,,,,1.0379558801651
262,104749,,,,0.6308081150054932
262,104799,,,,1.0099985599517822
262,104833,,0.9053000211715698,,
263,104849,,,,0.9712634086608887
263,104899,,,,1.151059627532959
263,104949,,,,0.8842899799346924
263,104999,,,,1.0638188123703003
263,105049,,,,1.0139611959457397
263,105099,,,,1.0130876302719116
263,105149,,,,1.031227946281433
263,105199,,,,0.8249350190162659
263,105225,,0.9018999934196472,,
264,105249,,,,0.949074387550354
264,105299,,,,1.028986930847168
264,105349,,,,1.0211639404296875
264,105399,,,,1.0748350620269775
264,105449,,,,0.8720601797103882
264,105499,,,,0.9986906051635742
264,105549,,,,0.7441699504852295
264,105599,,,,0.9588517546653748
264,105619,,0.9110000133514404,,
265,105649,,,,0.9293502569198608
265,105699,,,,0.9352864027023315
265,105749,,,,0.7907688617706299
265,105799,,,,0.9398038983345032
265,105849,,,,0.9822361469268799
265,105899,,,,1.0001786947250366
265,105949,,,,0.983747661113739
265,105999,,,,1.1206402778625488
265,106035,,0.9089000225067139,,
266,106049,,,,0.9624856114387512
266,106099,,,,1.0655763149261475
266,106149,,,,0.9982403516769409
266,106199,,,,0.9451072216033936
266,106249,,,,1.0078355073928833
266,106299,,,,1.1307032108306885
266,106349,,,,1.037421464920044
266,106399,,,,1.0497394800186157
266,106426,,0.9132000207901001,,
267,106449,,,,0.9574524760246277
267,106499,,,,0.9934732913970947
267,106549,,,,0.8015668988227844
267,106599,,,,1.0897111892700195
267,106649,,,,0.9020798206329346
267,106699,,,,0.9946926236152649
267,106749,,,,1.039389967918396
267,106799,,,,0.9930398464202881
267,106840,,0.904699981212616,,
268,106849,,,,0.9583714008331299
268,106899,,,,1.0201812982559204
268,106949,,,,1.0200952291488647
268,106999,,,,0.9963005781173706
268,107049,,,,0.8944400548934937
268,107099,,,,1.0645142793655396
268,107149,,,,1.17526113986969
268,107199,,,,0.9645712971687317
268,107230,,0.9060999751091003,,
269,107249,,,,0.9859421253204346
269,107299,,,,1.0435532331466675
269,107349,,,,0.8633634448051453
269,107399,,,,1.030698537826538
269,107449,,,,1.047482967376709
269,107499,,,,1.0792638063430786
269,107549,,,,0.9336955547332764
269,107599,,,,1.0586189031600952
269,107623,,0.9088000059127808,,
270,107649,,,,0.913249671459198
270,107699,,,,1.1316802501678467
270,107749,,,,0.9582040309906006
270,107799,,,,1.0848608016967773
270,107849,,,,1.0076395273208618
270,107899,,,,0.8706650733947754
270,107949,,,,0.9823152422904968
270,107999,,,,1.050049066543579
270,108039,,0.8998000025749207,,
271,108049,,,,1.074187994003296
271,108099,,,,0.9209955930709839
271,108149,,,,1.0642707347869873
271,108199,,,,1.052594542503357
271,108249,,,,0.9407944679260254
271,108299,,,,1.0019776821136475
271,108349,,,,1.065571904182434
271,108399,,,,0.9577105045318604
271,108432,,0.9071000218391418,,
272,108449,,,,0.7378250360488892
272,108499,,,,1.0731234550476074
272,108549,,,,1.0060936212539673
272,108599,,,,0.8448293209075928
272,108649,,,,1.0062251091003418
272,108699,,,,0.8574190139770508
272,108749,,,,0.8957130908966064
272,108799,,,,0.973968505859375
272,108848,,0.9085999727249146,,
273,108849,,,,1.0291762351989746
273,108899,,,,0.9557287693023682
273,108949,,,,1.0936185121536255
273,108999,,,,0.952477753162384
273,109049,,,,0.9613879323005676
273,109099,,,,0.9616603255271912
273,109149,,,,1.043759822845459
273,109199,,,,1.0543984174728394
273,109249,,,,1.0010870695114136
273,109263,,0.9124000072479248,,
274,109299,,,,0.9224240779876709
274,109349,,,,0.655612051486969
274,109399,,,,0.9571995735168457
274,109449,,,,0.8358480334281921
274,109499,,,,0.9255938529968262
274,109549,,,,0.790831446647644
274,109599,,,,0.9866980314254761
274,109649,,,,1.042346715927124
274,109677,,0.906499981880188,,
275,109699,,,,1.011707067489624
275,109749,,,,0.8164133429527283
275,109799,,,,1.0891553163528442
275,109849,,,,0.9158298373222351
275,109899,,,,1.0213241577148438
275,109949,,,,0.8853062391281128
275,109999,,,,0.9767446517944336
275,110049,,,,0.8125936388969421
275,110067,,0.9063000082969666,,
276,110099,,,,1.0667839050292969
276,110149,,,,1.070022702217102
276,110199,,,,0.8767071962356567
276,110249,,,,1.0169442892074585
276,110299,,,,0.988629937171936
276,110349,,,,0.9468663334846497
276,110399,,,,1.0175020694732666
276,110449,,,,0.9472670555114746
276,110483,,0.9059000015258789,,
277,110499,,,,1.0490037202835083
277,110549,,,,0.9768623113632202
277,110599,,,,1.0335693359375
277,110649,,,,1.0366559028625488
277,110699,,,,0.9181926250457764
277,110749,,,,1.1145131587982178
277,110799,,,,1.064779281616211
277,110849,,,,0.9882302284240723
277,110873,,0.9043999910354614,,
278,110899,,,,1.0101033449172974
278,110949,,,,0.942118227481842
278,110999,,,,0.7549592852592468
278,111049,,,,1.0221309661865234
278,111099,,,,1.0608255863189697
278,111149,,,,0.9565778374671936
278,111199,,,,0.8124769926071167
278,111249,,,,0.9437317848205566
278,111263,,0.9061999917030334,,
279,111299,,,,1.014000415802002
279,111349,,,,0.9032031297683716
279,111399,,,,0.9826441407203674
279,111449,,,,1.0012403726577759
279,111499,,,,0.9865475296974182
279,111549,,,,0.9227510690689087
279,111599,,,,0.9596347808837891
279,111649,,,,0.9623785018920898
279,111677,,0.9057999849319458,,
280,111699,,,,0.8588477373123169
280,111749,,,,0.9891519546508789
280,111799,,,,1.0151444673538208
280,111849,,,,0.5747605562210083
280,111899,,,,0.9957351684570312
280,111949,,,,1.0424845218658447
280,111999,,,,1.036826491355896
280,112049,,,,1.000108242034912
280,112067,,0.9110999703407288,,
281,112099,,,,0.9810712933540344
281,112149,,,,0.9535455107688904
281,112199,,,,0.9574796557426453
281,112249,,,,0.9938700199127197
281,112299,,,,0.9932389259338379
281,112349,,,,0.8164997696876526
281,112399,,,,0.9427602887153625
281,112449,,,,1.1439470052719116
281,112482,,0.9106000065803528,,
282,112499,,,,0.9058516025543213
282,112549,,,,0.928744912147522
282,112599,,,,0.9884178042411804
282,112649,,,,1.0828049182891846
282,112699,,,,0.8781598210334778
282,112749,,,,0.974708080291748
282,112799,,,,0.8630719184875488
282,112849,,,,1.0110560655593872
282,112898,,0.9092000126838684,,
283,112899,,,,1.0517224073410034
283,112949,,,,0.970306932926178
283,112999,,,,1.0625450611114502
283,113049,,,,1.0003386735916138
283,113099,,,,1.0189698934555054
283,113149,,,,0.8414598703384399
283,113199,,,,1.0559184551239014
283,113249,,,,0.6492019295692444
283,113299,,,,0.9138002395629883
283,113312,,0.9120000004768372,,
284,113349,,,,1.044214129447937
284,113399,,,,0.9098114371299744
284,113449,,,,0.9746263027191162
284,113499,,,,1.0338141918182373
284,113549,,,,1.0268144607543945
284,113599,,,,1.0538848638534546
284,113649,,,,0.8514755368232727
284,113699,,,,0.7880114912986755
284,113728,,0.9020000100135803,,
285,113749,,,,1.0310192108154297
285,113799,,,,0.7823927998542786
285,113849,,,,0.8848016858100891
285,113899,,,,0.982211709022522
285,113949,,,,1.0154627561569214
285,113999,,,,1.0466924905776978
285,114049,,,,0.9695180654525757
285,114099,,,,0.9816907644271851
285,114143,,0.9117000102996826,,
286,114149,,,,0.9501782655715942
286,114199,,,,1.0325390100479126
286,114249,,,,0.9936383962631226
286,114299,,,,0.7932225465774536
286,114349,,,,0.9378736615180969
286,114399,,,,0.8366088271141052
286,114449,,,,1.0150864124298096
286,114499,,,,0.9900349378585815
286,114549,,,,1.0902684926986694
286,114557,,0.9035999774932861,,
287,114599,,,,0.9698337316513062
287,114649,,,,0.9551419019699097
287,114699,,,,0.9519631862640381
287,114749,,,,1.054480791091919
287,114799,,,,0.9922395944595337
287,114849,,,,0.9757208228111267
287,114899,,,,0.8250398635864258
287,114949,,,,1.0420528650283813
287,114972,,0.9083999991416931,,
288,114999,,,,0.8856364488601685
288,115049,,,,0.9400434494018555
288,115099,,,,0.9707954525947571
288,115149,,,,0.7969329953193665
288,115199,,,,1.0064889192581177
288,115249,,,,1.0317208766937256
288,115299,,,,1.005866289138794
288,115349,,,,1.0424833297729492
288,115387,,0.9063000082969666,,
289,115399,,,,0.6962287425994873
289,115449,,,,1.0097705125808716
289,115499,,,,0.9178721904754639
289,115549,,,,0.9576064944267273
289,115599,,,,1.027074933052063
289,115649,,,,0.8224287629127502
289,115699,,,,0.9807049036026001
289,115749,,,,1.0084651708602905
289,115799,,,,1.0035673379898071
289,115802,,0.9035000205039978,,
290,115849,,,,1.0426445007324219
290,115899,,,,0.9819747805595398
290,115949,,,,1.025791049003601
290,115999,,,,0.7808343172073364
290,116049,,,,0.7571186423301697
290,116099,,,,0.921864926815033
290,116149,,,,1.0005232095718384
290,116199,,,,0.7636414766311646
290,116217,,0.9103000164031982,,
291,116249,,,,1.038784146308899
291,116299,,,,1.0067042112350464
291,116349,,,,0.9083905220031738
291,116399,,,,0.9362207055091858
291,116449,,,,0.9762212634086609
291,116499,,,,1.117566466331482
291,116549,,,,0.9375125765800476
291,116599,,,,1.0377994775772095
291,116632,,0.9047999978065491,,
292,116649,,,,0.9871302247047424
292,116699,,,,1.0798981189727783
292,116749,,,,1.028969645500183
292,116799,,,,0.9751285314559937
292,116849,,,,1.0185292959213257
292,116899,,,,0.89918452501297
292,116949,,,,0.9864596128463745
292,116999,,,,1.0443239212036133
292,117048,,0.9093999862670898,,
293,117049,,,,0.9244647026062012
293,117099,,,,0.9771035313606262
293,117149,,,,1.0118324756622314
293,117199,,,,1.005731463432312
293,117249,,,,1.0435657501220703
293,117299,,,,1.0502711534500122
293,117349,,,,1.080358624458313
293,117399,,,,1.031559944152832
293,117449,,,,0.7105622291564941
293,117461,,0.9081000089645386,,
294,117499,,,,1.0420359373092651
294,117549,,,,0.9047642350196838
294,117599,,,,0.9906213283538818
294,117649,,,,0.9027227759361267
294,117699,,,,0.8571515679359436
294,117749,,,,0.9213943481445312
294,117799,,,,0.8662563562393188
294,117849,,,,0.8870618939399719
294,117876,,0.9083999991416931,,
295,117899,,,,0.9110218286514282
295,117949,,,,0.972646176815033
295,117999,,,,0.9686478972434998
295,118049,,,,1.0189251899719238
295,118099,,,,0.7348833680152893
295,118149,,,,0.8239468932151794
295,118199,,,,0.989098072052002
295,118249,,,,1.0141493082046509
295,118291,,0.9110000133514404,,
296,118299,,,,0.9516946077346802
296,118349,,,,0.8403961062431335
296,118399,,,,1.0029727220535278
296,118449,,,,0.9985431432723999
296,118499,,,,0.9430281519889832
296,118549,,,,1.03798246383667
296,118599,,,,0.9680601954460144
296,118649,,,,0.7709460854530334
296,118699,,,,1.006438136100769
296,118704,,0.9108999967575073,,
297,118749,,,,1.0855950117111206
297,118799,,,,0.9572414755821228
297,118849,,,,0.7288488745689392
297,118899,,,,0.9660626649856567
297,118949,,,,0.9816305637359619
297,118999,,,,0.5999258756637573
297,119049,,,,0.9559594392776489
297,119099,,,,0.9127413034439087
297,119119,,0.9052000045776367,,
298,119149,,,,0.8685461282730103
298,119199,,,,0.9747236371040344
298,119249,,,,0.8579949736595154
298,119299,,,,0.9787274599075317
298,119349,,,,0.9930990934371948
298,119399,,,,0.9618090987205505
298,119449,,,,1.0029536485671997
298,119499,,,,1.050453543663025
298,119534,,0.9039000272750854,,
299,119549,,,,0.73602694272995
299,119599,,,,1.051119089126587
299,119649,,,,0.979749858379364
299,119699,,,,0.8873668909072876
299,119749,,,,1.024653673171997
299,119799,,,,0.8573363423347473
299,119849,,,,0.985829770565033
299,119899,,,,0.7033445835113525
299,119924,,0.9086999893188477,,
