epoch,train_loss,step,val_acc2,val_acc1,test_acc,train_acc2,train_acc1
0,0.46158158779144287,49,,,,,
0,0.4397367238998413,99,,,,,
0,0.4144958555698395,149,,,,,
0,0.4518759846687317,199,,,,,
0,0.4126623868942261,249,,,,,
0,0.4021778106689453,299,,,,,
0,,311,0.30720001459121704,0.30979999899864197,,,
0,,311,,,0.34130001068115234,0.22601161897182465,0.22390826046466827
1,0.3793048560619354,349,,,,,
1,0.38404232263565063,399,,,,,
1,0.3937978744506836,449,,,,,
1,0.3851323127746582,499,,,,,
1,0.39278891682624817,549,,,,,
1,0.34847739338874817,599,,,,,
1,,623,0.36160001158714294,0.35690000653266907,,,
1,,623,,,0.39959999918937683,0.33037859201431274,0.3308543562889099
2,0.33058589696884155,649,,,,,
2,0.34404638409614563,699,,,,,
2,0.3489196300506592,749,,,,,
2,0.3524346351623535,799,,,,,
2,0.35430848598480225,849,,,,,
2,0.3605091869831085,899,,,,,
2,,935,0.3898000121116638,0.38929998874664307,,,
2,,935,,,0.42910000681877136,0.3756510317325592,0.3779296875
3,0.3261893093585968,949,,,,,
3,0.3347943127155304,999,,,,,
3,0.31862518191337585,1049,,,,,
3,0.35739365220069885,1099,,,,,
3,0.3446108102798462,1149,,,,,
3,0.32198551297187805,1199,,,,,
3,,1247,0.4180000126361847,0.4187000095844269,,,
3,,1247,,,0.4675000011920929,0.39540764689445496,0.39958932995796204
4,0.2917781472206116,1249,,,,,
4,0.30782267451286316,1299,,,,,
4,0.295987993478775,1349,,,,,
4,0.31273311376571655,1399,,,,,
4,0.2665976881980896,1449,,,,,
4,0.35636866092681885,1499,,,,,
4,0.2964955270290375,1549,,,,,
4,,1559,0.454800009727478,0.44839999079704285,,,
4,,1559,,,0.4950000047683716,0.4290865361690521,0.4328675866127014
5,0.29489627480506897,1599,,,,,
5,0.2770197093486786,1649,,,,,
5,0.28974708914756775,1699,,,,,
5,0.26249054074287415,1749,,,,,
5,0.310979425907135,1799,,,,,
5,0.25474846363067627,1849,,,,,
5,,1871,0.46369999647140503,0.47130000591278076,,,
5,,1871,,,0.520799994468689,0.4573066830635071,0.46018630266189575
6,0.2664058208465576,1899,,,,,
6,0.308815062046051,1949,,,,,
6,0.28428345918655396,1999,,,,,
6,0.2711126506328583,2049,,,,,
6,0.2586476802825928,2099,,,,,
6,0.2899262607097626,2149,,,,,
6,,2183,0.47519999742507935,0.4722999930381775,,,
6,,2183,,,0.517799973487854,0.4688751995563507,0.4686248004436493
7,0.2565491199493408,2199,,,,,
7,0.27304187417030334,2249,,,,,
7,0.2647359371185303,2299,,,,,
7,0.23266305029392242,2349,,,,,
7,0.21266356110572815,2399,,,,,
7,0.24942299723625183,2449,,,,,
7,,2495,0.4950000047683716,0.5001000165939331,,,
7,,2495,,,0.5562999844551086,0.48414963483810425,0.48127004504203796
8,0.21836791932582855,2499,,,,,
8,0.24524924159049988,2549,,,,,
8,0.2206375002861023,2599,,,,,
8,0.229914128780365,2649,,,,,
8,0.26128724217414856,2699,,,,,
8,0.21668021380901337,2749,,,,,
8,0.2093471735715866,2799,,,,,
8,,2807,0.5149999856948853,0.5027999877929688,,,
8,,2807,,,0.5640000104904175,0.49313902854919434,0.4974459111690521
9,0.21783435344696045,2849,,,,,
9,0.24470821022987366,2899,,,,,
9,0.21142913401126862,2949,,,,,
9,0.24774858355522156,2999,,,,,
9,0.18417277932167053,3049,,,,,
9,0.210640549659729,3099,,,,,
9,,3119,0.48100000619888306,0.5192999839782715,,,
9,,3119,,,0.5799000263214111,0.5078125,0.5076121687889099
10,0.20104996860027313,3149,,,,,
10,0.18464000523090363,3199,,,,,
10,0.19564931094646454,3249,,,,,
10,0.19472187757492065,3299,,,,,
10,0.2295500785112381,3349,,,,,
10,0.22205354273319244,3399,,,,,
10,,3431,0.5216000080108643,0.5187000036239624,,,
10,,3431,,,0.5778999924659729,0.5123948454856873,0.5135466456413269
11,0.18680322170257568,3449,,,,,
11,0.18957865238189697,3499,,,,,
11,0.19371069967746735,3549,,,,,
11,0.19763676822185516,3599,,,,,
11,0.1766163855791092,3649,,,,,
11,0.19248966872692108,3699,,,,,
11,,3743,0.5393999814987183,0.5321000218391418,,,
11,,3743,,,0.6021999716758728,0.521559476852417,0.522385835647583
12,0.22261390089988708,3749,,,,,
12,0.19861361384391785,3799,,,,,
12,0.194620281457901,3849,,,,,
12,0.24495822191238403,3899,,,,,
12,0.1815222054719925,3949,,,,,
12,0.21952927112579346,3999,,,,,
12,0.22849972546100616,4049,,,,,
12,,4055,0.53329998254776,0.5277000069618225,,,
12,,4055,,,0.5871999859809875,0.5278445482254028,0.5290965437889099
13,0.20647791028022766,4099,,,,,
13,0.20571403205394745,4149,,,,,
13,0.17761333286762238,4199,,,,,
13,0.18528181314468384,4249,,,,,
13,0.18792575597763062,4299,,,,,
13,0.21594679355621338,4349,,,,,
13,,4367,0.5454000234603882,0.5418999791145325,,,
13,,4367,,,0.6040999889373779,0.5336288213729858,0.5326021909713745
14,0.20736141502857208,4399,,,,,
14,0.1980782300233841,4449,,,,,
14,0.19003400206565857,4499,,,,,
14,0.2123182862997055,4549,,,,,
14,0.19627034664154053,4599,,,,,
14,0.19653496146202087,4649,,,,,
14,,4679,0.5449000000953674,0.5475000143051147,,,
14,,4679,,,0.6148999929428101,0.5400140285491943,0.5428184866905212
15,0.20367801189422607,4699,,,,,
15,0.19919459521770477,4749,,,,,
15,0.18470020592212677,4799,,,,,
15,0.18354475498199463,4849,,,,,
15,0.2028866708278656,4899,,,,,
15,0.23498079180717468,4949,,,,,
15,,4991,0.5457000136375427,0.5494999885559082,,,
15,,4991,,,0.6202999949455261,0.5408403277397156,0.5435446500778198
16,0.18476299941539764,4999,,,,,
16,0.262130469083786,5049,,,,,
16,0.20038700103759766,5099,,,,,
16,0.18003854155540466,5149,,,,,
16,0.24774353206157684,5199,,,,,
16,0.1992918848991394,5249,,,,,
16,0.2390771210193634,5299,,,,,
16,,5303,0.5483999848365784,0.5526000261306763,,,
16,,5303,,,0.6187999844551086,0.5486027598381042,0.5452223420143127
17,0.15825901925563812,5349,,,,,
17,0.20099398493766785,5399,,,,,
17,0.2059393674135208,5449,,,,,
17,0.21815599501132965,5499,,,,,
17,0.1981160193681717,5549,,,,,
17,0.22194688022136688,5599,,,,,
17,,5615,0.5521000027656555,0.5532000064849854,,,
17,,5615,,,0.6208000183105469,0.5478014945983887,0.5413160920143127
18,0.15490584075450897,5649,,,,,
18,0.20106381177902222,5699,,,,,
18,0.20651394128799438,5749,,,,,
18,0.19408473372459412,5799,,,,,
18,0.207614466547966,5849,,,,,
18,0.21561461687088013,5899,,,,,
18,,5927,0.37229999899864197,0.5182999968528748,,,
18,,5927,,,0.5812000036239624,0.548903226852417,0.5515324473381042
19,0.33173224329948425,5949,,,,,
19,0.21636846661567688,5999,,,,,
19,0.22901666164398193,6049,,,,,
19,0.22575891017913818,6099,,,,,
19,0.2751081585884094,6149,,,,,
19,0.23897135257720947,6199,,,,,
19,,6239,0.5131999850273132,0.5329999923706055,,,
19,,6239,,,0.6043999791145325,0.5185046195983887,0.522536039352417
20,0.2720184922218323,6249,,,,,
20,0.2149505615234375,6299,,,,,
20,0.2043401002883911,6349,,,,,
20,0.20783138275146484,6399,,,,,
20,0.17692479491233826,6449,,,,,
20,0.1623734086751938,6499,,,,,
20,0.17224834859371185,6549,,,,,
20,,6551,0.5419999957084656,0.5467000007629395,,,
20,,6551,,,0.6152999997138977,0.5398637652397156,0.5375601053237915
21,0.163863405585289,6599,,,,,
21,0.1653466820716858,6649,,,,,
21,0.21838240325450897,6699,,,,,
21,0.18409067392349243,6749,,,,,
21,0.1843675673007965,6799,,,,,
21,0.23120176792144775,6849,,,,,
21,,6863,0.5699999928474426,0.5645999908447266,,,
21,,6863,,,0.6410999894142151,0.5551882982254028,0.5517327785491943
22,0.24846239387989044,6899,,,,,
22,0.19146288931369781,6949,,,,,
22,0.2147386372089386,6999,,,,,
22,0.20509204268455505,7049,,,,,
22,0.1611860990524292,7099,,,,,
22,0.1741458624601364,7149,,,,,
22,,7175,0.5703999996185303,0.5752999782562256,,,
22,,7175,,,0.6492999792098999,0.5600460767745972,0.5519831776618958
23,0.17501631379127502,7199,,,,,
23,0.17152079939842224,7249,,,,,
23,0.174054816365242,7299,,,,,
23,0.20115330815315247,7349,,,,,
23,0.1995358169078827,7399,,,,,
23,0.1558595895767212,7449,,,,,
23,,7487,0.5751000046730042,0.569599986076355,,,
23,,7487,,,0.6492999792098999,0.5696364045143127,0.5661057829856873
24,0.16487953066825867,7499,,,,,
24,0.17917150259017944,7549,,,,,
24,0.18918506801128387,7599,,,,,
24,0.15293803811073303,7649,,,,,
24,0.1901416927576065,7699,,,,,
24,0.15331846475601196,7749,,,,,
24,0.2038121074438095,7799,,,,,
24,,7799,0.580299973487854,0.5766000151634216,,,
24,,7799,,,0.651199996471405,0.5757461786270142,0.5702874660491943
25,0.19449473917484283,7849,,,,,
25,0.14771778881549835,7899,,,,,
25,0.16101600229740143,7949,,,,,
25,0.20818686485290527,7999,,,,,
25,0.14597442746162415,8049,,,,,
25,0.16420188546180725,8099,,,,,
25,,8111,0.5763000249862671,0.5787000060081482,,,
25,,8111,,,0.6502000093460083,0.5761468410491943,0.5713391304016113
26,0.13603083789348602,8149,,,,,
26,0.18178017437458038,8199,,,,,
26,0.17274269461631775,8249,,,,,
26,0.16213028132915497,8299,,,,,
26,0.16250546276569366,8349,,,,,
26,0.1322900801897049,8399,,,,,
26,,8423,0.5884000062942505,0.5870000123977661,,,
26,,8423,,,0.6638000011444092,0.5837089419364929,0.5836839079856873
27,0.198647141456604,8449,,,,,
27,0.18501316010951996,8499,,,,,
27,0.13757580518722534,8549,,,,,
27,0.1787918508052826,8599,,,,,
27,0.155779168009758,8649,,,,,
27,0.14616478979587555,8699,,,,,
27,,8735,0.5909000039100647,0.5884000062942505,,,
27,,8735,,,0.6751999855041504,0.5888171195983887,0.5872395634651184
28,0.142355278134346,8749,,,,,
28,0.1716059297323227,8799,,,,,
28,0.12346196919679642,8849,,,,,
28,0.1893918663263321,8899,,,,,
28,0.12742367386817932,8949,,,,,
28,0.16503021121025085,8999,,,,,
28,,9047,0.5931000113487244,0.5917999744415283,,,
28,,9047,,,0.6693999767303467,0.5923477411270142,0.5929988026618958
29,0.18914590775966644,9049,,,,,
29,0.1339232176542282,9099,,,,,
29,0.17005130648612976,9149,,,,,
29,0.15006721019744873,9199,,,,,
29,0.17755858600139618,9249,,,,,
29,0.1508728563785553,9299,,,,,
29,0.15277613699436188,9349,,,,,
29,,9359,0.5978999733924866,0.5986999869346619,,,
29,,9359,,,0.6834999918937683,0.5973557829856873,0.5972555875778198
30,0.14261004328727722,9399,,,,,
30,0.14248383045196533,9449,,,,,
30,0.14372387528419495,9499,,,,,
30,0.16323618590831757,9549,,,,,
30,0.12980028986930847,9599,,,,,
30,0.1612822562456131,9649,,,,,
30,,9671,0.6053000092506409,0.604200005531311,,,
30,,9671,,,0.6894999742507935,0.5997346043586731,0.6002604365348816
31,0.19506455957889557,9699,,,,,
31,0.160858154296875,9749,,,,,
31,0.16623784601688385,9799,,,,,
31,0.11886702477931976,9849,,,,,
31,0.12083786725997925,9899,,,,,
31,0.12370354682207108,9949,,,,,
31,,9983,0.6025000214576721,0.6089000105857849,,,
31,,9983,,,0.6947000026702881,0.6045923233032227,0.603590726852417
32,0.12242072075605392,9999,,,,,
32,0.13288477063179016,10049,,,,,
32,0.14514480531215668,10099,,,,,
32,0.13296855986118317,10149,,,,,
32,0.1890227347612381,10199,,,,,
32,0.13325868546962738,10249,,,,,
32,,10295,0.6089000105857849,0.605400025844574,,,
32,,10295,,,0.6840999722480774,0.6067207455635071,0.6083984375
33,0.13254764676094055,10299,,,,,
33,0.13156771659851074,10349,,,,,
33,0.1395033597946167,10399,,,,,
33,0.20496660470962524,10449,,,,,
33,0.13197755813598633,10499,,,,,
33,0.16776561737060547,10549,,,,,
33,0.14844003319740295,10599,,,,,
33,,10607,0.6065999865531921,0.6087999939918518,,,
33,,10607,,,0.6897000074386597,0.6089493036270142,0.6090494990348816
34,0.1671363264322281,10649,,,,,
34,0.21742130815982819,10699,,,,,
34,0.13772866129875183,10749,,,,,
34,0.1672849804162979,10799,,,,,
34,0.20141196250915527,10849,,,,,
34,0.13145947456359863,10899,,,,,
34,,10919,0.6191999912261963,0.6151000261306763,,,
34,,10919,,,0.7005000114440918,0.6100010275840759,0.6117538213729858
35,0.1406870186328888,10949,,,,,
35,0.15549620985984802,10999,,,,,
35,0.14315442740917206,11049,,,,,
35,0.1640811413526535,11099,,,,,
35,0.1676640659570694,11149,,,,,
35,0.14321406185626984,11199,,,,,
35,,11231,0.6176000237464905,0.6164000034332275,,,
35,,11231,,,0.7035999894142151,0.6176632642745972,0.6191155910491943
36,0.11639559268951416,11249,,,,,
36,0.13232728838920593,11299,,,,,
36,0.12365777790546417,11349,,,,,
36,0.09409695118665695,11399,,,,,
36,0.21840091049671173,11449,,,,,
36,0.17499257624149323,11499,,,,,
36,,11543,0.6173999905586243,0.6183000206947327,,,
36,,11543,,,0.7013999819755554,0.6181390285491943,0.6188651919364929
37,0.10366682708263397,11549,,,,,
37,0.12100176513195038,11599,,,,,
37,0.12869352102279663,11649,,,,,
37,0.13566555082798004,11699,,,,,
37,0.14920885860919952,11749,,,,,
37,0.17494302988052368,11799,,,,,
37,0.1335824728012085,11849,,,,,
37,,11855,0.6230000257492065,0.6173999905586243,,,
37,,11855,,,0.7041000127792358,0.6215194463729858,0.6195913553237915
38,0.16961495578289032,11899,,,,,
38,0.14213372766971588,11949,,,,,
38,0.150082066655159,11999,,,,,
38,0.11752396076917648,12049,,,,,
38,0.14556336402893066,12099,,,,,
38,0.09455002099275589,12149,,,,,
38,,12167,0.628000020980835,0.6288999915122986,,,
38,,12167,,,0.7153000235557556,0.6236729025840759,0.6244992017745972
39,0.0952080562710762,12199,,,,,
39,0.16889488697052002,12249,,,,,
39,0.09666193276643753,12299,,,,,
39,0.12785325944423676,12349,,,,,
39,0.15433308482170105,12399,,,,,
39,0.16007782518863678,12449,,,,,
39,,12479,0.6219000220298767,0.621399998664856,,,
39,,12479,,,0.7106999754905701,0.6264272928237915,0.6277293562889099
40,0.1510077863931656,12499,,,,,
40,0.14782077074050903,12549,,,,,
40,0.19218437373638153,12599,,,,,
40,0.13686738908290863,12649,,,,,
40,0.09350655227899551,12699,,,,,
40,0.11799159646034241,12749,,,,,
40,,12791,0.6349999904632568,0.631600022315979,,,
40,,12791,,,0.7171000242233276,0.6287059187889099,0.6271284222602844
41,0.17134664952754974,12799,,,,,
41,0.13969631493091583,12849,,,,,
41,0.1463061273097992,12899,,,,,
41,0.12577514350414276,12949,,,,,
41,0.1479346752166748,12999,,,,,
41,0.16596588492393494,13049,,,,,
41,0.13677002489566803,13099,,,,,
41,,13103,0.6262999773025513,0.632099986076355,,,
41,,13103,,,0.718999981880188,0.6334635615348816,0.6338891983032227
42,0.14284582436084747,13149,,,,,
42,0.15274210274219513,13199,,,,,
42,0.09932976216077805,13249,,,,,
42,0.11845063418149948,13299,,,,,
42,0.17934899032115936,13349,,,,,
42,0.14145490527153015,13399,,,,,
42,,13415,0.637499988079071,0.6323000192642212,,,
42,,13415,,,0.7196000218391418,0.6335636973381042,0.6331630349159241
43,0.17693094909191132,13449,,,,,
43,0.17728401720523834,13499,,,,,
43,0.11293546110391617,13549,,,,,
43,0.14013667404651642,13599,,,,,
43,0.1493019163608551,13649,,,,,
43,0.14157620072364807,13699,,,,,
43,,13727,0.6420000195503235,0.6413000226020813,,,
43,,13727,,,0.7311000227928162,0.6378205418586731,0.6398988366127014
44,0.11318998783826828,13749,,,,,
44,0.11714787781238556,13799,,,,,
44,0.17260849475860596,13849,,,,,
44,0.14466987550258636,13899,,,,,
44,0.14270909130573273,13949,,,,,
44,0.17453832924365997,13999,,,,,
44,,14039,0.6424999833106995,0.635699987411499,,,
44,,14039,,,0.7257000207901001,0.6392477750778198,0.6393479704856873
45,0.11052911728620529,14049,,,,,
45,0.16162042319774628,14099,,,,,
45,0.12731552124023438,14149,,,,,
45,0.1397368460893631,14199,,,,,
45,0.10727289319038391,14249,,,,,
45,0.14995639026165009,14299,,,,,
45,0.13653558492660522,14349,,,,,
45,,14351,0.6413999795913696,0.645799994468689,,,
45,,14351,,,0.7311000227928162,0.640700101852417,0.6390725374221802
46,0.10838834196329117,14399,,,,,
46,0.1174844354391098,14449,,,,,
46,0.18962505459785461,14499,,,,,
46,0.12445152550935745,14549,,,,,
46,0.13359962403774261,14599,,,,,
46,0.10737847536802292,14649,,,,,
46,,14663,0.644599974155426,0.6453999876976013,,,
46,,14663,,,0.7348999977111816,0.6455328464508057,0.6455578804016113
47,0.1329631507396698,14699,,,,,
47,0.10987255722284317,14749,,,,,
47,0.10858652740716934,14799,,,,,
47,0.13964034616947174,14849,,,,,
47,0.11345268785953522,14899,,,,,
47,0.13329724967479706,14949,,,,,
47,,14975,0.651199996471405,0.6499000191688538,,,
47,,14975,,,0.738099992275238,0.6446313858032227,0.6466096043586731
48,0.10979961603879929,14999,,,,,
48,0.10108540207147598,15049,,,,,
48,0.12391724437475204,15099,,,,,
48,0.11413668841123581,15149,,,,,
48,0.09430228918790817,15199,,,,,
48,0.11643382906913757,15249,,,,,
48,,15287,0.6413999795913696,0.6464999914169312,,,
48,,15287,,,0.7391999959945679,0.6481620669364929,0.648362398147583
49,0.1403532177209854,15299,,,,,
49,0.17050151526927948,15349,,,,,
49,0.1276138573884964,15399,,,,,
49,0.09844490885734558,15449,,,,,
49,0.12233848124742508,15499,,,,,
49,0.11101836711168289,15549,,,,,
49,0.12232782691717148,15599,,,,,
49,,15599,0.6481000185012817,0.6478000283241272,,,
49,,15599,,,0.7390999794006348,0.6481871008872986,0.6494641304016113
50,0.12930281460285187,15649,,,,,
50,0.13498227298259735,15699,,,,,
50,0.11137916892766953,15749,,,,,
50,0.12115558236837387,15799,,,,,
50,0.15065525472164154,15849,,,,,
50,0.07996515929698944,15899,,,,,
50,,15911,0.6428999900817871,0.6499999761581421,,,
50,,15911,,,0.7376000285148621,0.6512670516967773,0.6503655910491943
51,0.1310950219631195,15949,,,,,
51,0.09748022258281708,15999,,,,,
51,0.1056152731180191,16049,,,,,
51,0.1348353773355484,16099,,,,,
51,0.08651009947061539,16149,,,,,
51,0.14282752573490143,16199,,,,,
51,,16223,0.6442000269889832,0.647599995136261,,,
51,,16223,,,0.7391999959945679,0.6524689793586731,0.6512419581413269
52,0.16567888855934143,16249,,,,,
52,0.14497928321361542,16299,,,,,
52,0.12376758456230164,16349,,,,,
52,0.13586173951625824,16399,,,,,
52,0.14218324422836304,16449,,,,,
52,0.12085594236850739,16499,,,,,
52,,16535,0.6491000056266785,0.6435999870300293,,,
52,,16535,,,0.7366999983787537,0.6507662534713745,0.6507161259651184
53,0.17444764077663422,16549,,,,,
53,0.17288987338542938,16599,,,,,
53,0.1323171854019165,16649,,,,,
53,0.1317572146654129,16699,,,,,
53,0.2317204624414444,16749,,,,,
53,0.08102253079414368,16799,,,,,
53,,16847,0.6449999809265137,0.6407999992370605,,,
53,,16847,,,0.733299970626831,0.6517177224159241,0.6457832455635071
54,0.14523647725582123,16849,,,,,
54,0.1146317720413208,16899,,,,,
54,0.1441744714975357,16949,,,,,
54,0.10829073935747147,16999,,,,,
54,0.14802177250385284,17049,,,,,
54,0.1387765258550644,17099,,,,,
54,0.13866591453552246,17149,,,,,
54,,17159,0.6499999761581421,0.6445000171661377,,,
54,,17159,,,0.7414000034332275,0.6512419581413269,0.6498147249221802
55,0.1516631841659546,17199,,,,,
55,0.12650996446609497,17249,,,,,
55,0.10605177283287048,17299,,,,,
55,0.14561490714550018,17349,,,,,
55,0.13031598925590515,17399,,,,,
55,0.11309520900249481,17449,,,,,
55,,17471,0.650600016117096,0.6464999914169312,,,
55,,17471,,,0.7405999898910522,0.6484375,0.6429537534713745
56,0.10552869737148285,17499,,,,,
56,0.16753709316253662,17549,,,,,
56,0.10364177823066711,17599,,,,,
56,0.10426685214042664,17649,,,,,
56,0.11505364626646042,17699,,,,,
56,0.15735383331775665,17749,,,,,
56,,17783,0.6276999711990356,0.6258999705314636,,,
56,,17783,,,0.7084000110626221,0.6485877633094788,0.6429036259651184
57,0.25412487983703613,17799,,,,,
57,0.16560669243335724,17849,,,,,
57,0.20482048392295837,17899,,,,,
57,0.1696392148733139,17949,,,,,
57,0.16918030381202698,17999,,,,,
57,0.18277497589588165,18049,,,,,
57,,18095,0.6241000294685364,0.6227999925613403,,,
57,,18095,,,0.7131999731063843,0.6241987347602844,0.6183894276618958
58,0.16538569331169128,18099,,,,,
58,0.2295335829257965,18149,,,,,
58,0.29797661304473877,18199,,,,,
58,0.17988529801368713,18249,,,,,
58,0.14159436523914337,18299,,,,,
58,0.16413746774196625,18349,,,,,
58,0.13522028923034668,18399,,,,,
58,,18407,0.6205999851226807,0.6281999945640564,,,
58,,18407,,,0.723800003528595,0.6061198115348816,0.6107772588729858
59,0.15654583275318146,18449,,,,,
59,0.12278620153665543,18499,,,,,
59,0.17892451584339142,18549,,,,,
59,0.14050713181495667,18599,,,,,
59,0.2020913064479828,18649,,,,,
59,0.15132272243499756,18699,,,,,
59,,18719,0.6326000094413757,0.6506999731063843,,,
59,,18719,,,0.7445999979972839,0.6345402598381042,0.6376452445983887
60,0.13222843408584595,18749,,,,,
60,0.51767498254776,18799,,,,,
60,0.16717207431793213,18849,,,,,
60,0.19658225774765015,18899,,,,,
60,0.15699978172779083,18949,,,,,
60,0.15814265608787537,18999,,,,,
60,,19031,0.6348000168800354,0.640500009059906,,,
60,,19031,,,0.7268999814987183,0.6131560206413269,0.6284054517745972
61,0.1190258264541626,19049,,,,,
61,0.17047172784805298,19099,,,,,
61,0.11913478374481201,19149,,,,,
61,0.11039378494024277,19199,,,,,
61,0.20733225345611572,19249,,,,,
61,0.12872253358364105,19299,,,,,
61,,19343,0.6471999883651733,0.6503999829292297,,,
61,,19343,,,0.7436000108718872,0.6414012312889099,0.6396985054016113
62,0.14212745428085327,19349,,,,,
62,0.13069169223308563,19399,,,,,
62,0.09679920226335526,19449,,,,,
62,0.1377321481704712,19499,,,,,
62,0.1306949257850647,19549,,,,,
62,0.1422846019268036,19599,,,,,
62,0.10184691846370697,19649,,,,,
62,,19655,0.6539000272750854,0.650600016117096,,,
62,,19655,,,0.7480000257492065,0.6448317170143127,0.6463591456413269
63,0.11021951586008072,19699,,,,,
63,0.12270471453666687,19749,,,,,
63,0.1792415976524353,19799,,,,,
63,0.13147829473018646,19849,,,,,
63,0.17268715798854828,19899,,,,,
63,0.11820535361766815,19949,,,,,
63,,19967,0.6486999988555908,0.6489999890327454,,,
63,,19967,,,0.7462999820709229,0.6475861668586731,0.6458834409713745
64,0.15024590492248535,19999,,,,,
64,0.12196002155542374,20049,,,,,
64,0.2109001725912094,20099,,,,,
64,0.1980358511209488,20149,,,,,
64,0.1606670767068863,20199,,,,,
64,0.193552628159523,20249,,,,,
64,,20279,0.6344000101089478,0.6456000208854675,,,
64,,20279,,,0.7376000285148621,0.6248497366905212,0.6379457116127014
65,0.1598171889781952,20299,,,,,
65,0.13587547838687897,20349,,,,,
65,0.14368949830532074,20399,,,,,
65,0.14566576480865479,20449,,,,,
65,0.13641811907291412,20499,,,,,
65,0.16161222755908966,20549,,,,,
65,,20591,0.6514000296592712,0.645799994468689,,,
65,,20591,,,0.7347999811172485,0.6381460428237915,0.6359174847602844
66,0.14239707589149475,20599,,,,,
66,0.14382000267505646,20649,,,,,
66,0.12697750329971313,20699,,,,,
66,0.14771480858325958,20749,,,,,
66,0.12146461009979248,20799,,,,,
66,0.14051805436611176,20849,,,,,
66,0.1369331181049347,20899,,,,,
66,,20903,0.6486999988555908,0.6557999849319458,,,
66,,20903,,,0.7501000165939331,0.6470352411270142,0.6521434187889099
67,0.08934352546930313,20949,,,,,
67,0.14079062640666962,20999,,,,,
67,0.1484687328338623,21049,,,,,
67,0.11275837570428848,21099,,,,,
67,0.1686778962612152,21149,,,,,
67,0.11669947952032089,21199,,,,,
67,,21215,0.6485999822616577,0.6453999876976013,,,
67,,21215,,,0.739799976348877,0.6429286599159241,0.6424779891967773
68,0.21617881953716278,21249,,,,,
68,0.19030870497226715,21299,,,,,
68,0.15432524681091309,21349,,,,,
68,0.13233676552772522,21399,,,,,
68,0.16795744001865387,21449,,,,,
68,0.17165130376815796,21499,,,,,
68,,21527,0.6122999787330627,0.6420000195503235,,,
68,,21527,,,0.7351999878883362,0.6380208134651184,0.6402243375778198
69,0.14158593118190765,21549,,,,,
69,0.12003648281097412,21599,,,,,
69,0.14667612314224243,21649,,,,,
69,0.14781399071216583,21699,,,,,
69,0.14761891961097717,21749,,,,,
69,0.10538485646247864,21799,,,,,
69,,21839,0.6553000211715698,0.6506999731063843,,,
69,,21839,,,0.7491000294685364,0.6447065472602844,0.6480618715286255
70,0.13169023394584656,21849,,,,,
70,0.27337080240249634,21899,,,,,
70,0.17177557945251465,21949,,,,,
70,0.17129157483577728,21999,,,,,
70,0.14085614681243896,22049,,,,,
70,0.12731805443763733,22099,,,,,
70,0.11265638470649719,22149,,,,,
70,,22151,0.6420000195503235,0.640500009059906,,,
70,,22151,,,0.7300999760627747,0.6277543902397156,0.6307341456413269
71,0.14555367827415466,22199,,,,,
71,0.1548781394958496,22249,,,,,
71,0.15541252493858337,22299,,,,,
71,0.10747680813074112,22349,,,,,
71,0.1172051727771759,22399,,,,,
71,0.11373856663703918,22449,,,,,
71,,22463,0.6504999995231628,0.6589000225067139,,,
71,,22463,,,0.754800021648407,0.6466096043586731,0.6486878991127014
72,0.13875897228717804,22499,,,,,
72,0.09956955164670944,22549,,,,,
72,0.11617490649223328,22599,,,,,
72,0.1643228530883789,22649,,,,,
72,0.16990172863006592,22699,,,,,
72,0.13975155353546143,22749,,,,,
72,,22775,0.6437000036239624,0.6258999705314636,,,
72,,22775,,,0.7184000015258789,0.6503655910491943,0.6491636633872986
73,0.13017430901527405,22799,,,,,
73,0.2668166160583496,22849,,,,,
73,0.2458178699016571,22899,,,,,
73,0.2512184977531433,22949,,,,,
73,0.17600683867931366,22999,,,,,
73,0.10851908475160599,23049,,,,,
73,,23087,0.6535000205039978,0.638700008392334,,,
73,,23087,,,0.7275000214576721,0.640625,0.6323367357254028
74,0.21100501716136932,23099,,,,,
74,0.14167411625385284,23149,,,,,
74,0.13042081892490387,23199,,,,,
74,0.12341906875371933,23249,,,,,
74,0.12113630771636963,23299,,,,,
74,0.15428327023983002,23349,,,,,
74,0.18042100965976715,23399,,,,,
74,,23399,0.6449000239372253,0.642300009727478,,,
74,,23399,,,0.7351999878883362,0.6495141983032227,0.6463842391967773
75,0.19649240374565125,23449,,,,,
75,0.19222567975521088,23499,,,,,
75,0.12695173919200897,23549,,,,,
75,0.1497548669576645,23599,,,,,
75,0.1260436326265335,23649,,,,,
75,0.1696949601173401,23699,,,,,
75,,23711,0.6345999836921692,0.6478000283241272,,,
75,,23711,,,0.746399998664856,0.6277794241905212,0.6424528956413269
76,0.13093025982379913,23749,,,,,
76,0.12429776042699814,23799,,,,,
76,0.15230581164360046,23849,,,,,
76,0.112415611743927,23899,,,,,
76,0.1106247827410698,23949,,,,,
76,0.14858083426952362,23999,,,,,
76,,24023,0.6514000296592712,0.6492999792098999,,,
76,,24023,,,0.746999979019165,0.6513421535491943,0.6571013331413269
77,0.1385660320520401,24049,,,,,
77,0.09542614221572876,24099,,,,,
77,0.17687922716140747,24149,,,,,
77,0.1649521440267563,24199,,,,,
77,0.147361159324646,24249,,,,,
77,0.13598865270614624,24299,,,,,
77,,24335,0.6514999866485596,0.6552000045776367,,,
77,,24335,,,0.7526999711990356,0.6386218070983887,0.6470853090286255
78,0.1089899018406868,24349,,,,,
78,0.14319521188735962,24399,,,,,
78,0.10019244998693466,24449,,,,,
78,0.13906824588775635,24499,,,,,
78,0.15581348538398743,24549,,,,,
78,0.2265203297138214,24599,,,,,
78,,24647,0.6570000052452087,0.6646000146865845,,,
78,,24647,,,0.7628999948501587,0.648512601852417,0.6525190472602844
79,0.12910357117652893,24649,,,,,
79,0.12231858819723129,24699,,,,,
79,0.09375980496406555,24749,,,,,
79,0.09755248576402664,24799,,,,,
79,0.09253308922052383,24849,,,,,
79,0.16922731697559357,24899,,,,,
79,0.6194216012954712,24949,,,,,
79,,24959,0.46219998598098755,0.435699999332428,,,
79,,24959,,,0.48750001192092896,0.646559476852417,0.647385835647583
80,0.48313209414482117,24999,,,,,
80,0.25857362151145935,25049,,,,,
80,0.21771378815174103,25099,,,,,
80,0.21430164575576782,25149,,,,,
80,0.21916893124580383,25199,,,,,
80,0.18765142560005188,25249,,,,,
80,,25271,0.5769000053405762,0.5781000256538391,,,
80,,25271,,,0.6514999866485596,0.5357321500778198,0.5245392918586731
81,0.17403317987918854,25299,,,,,
81,0.1602102518081665,25349,,,,,
81,0.16596178710460663,25399,,,,,
81,0.22630375623703003,25449,,,,,
81,0.16310785710811615,25499,,,,,
81,0.16260609030723572,25549,,,,,
81,,25583,0.6337000131607056,0.6366000175476074,,,
81,,25583,,,0.7249000072479248,0.6106269955635071,0.6047926545143127
82,0.16503889858722687,25599,,,,,
82,0.1332440823316574,25649,,,,,
82,0.12264622747898102,25699,,,,,
82,0.11060687899589539,25749,,,,,
82,0.11894303560256958,25799,,,,,
82,0.11576338112354279,25849,,,,,
82,,25895,0.654699981212616,0.6543999910354614,,,
82,,25895,,,0.7480000257492065,0.6431039571762085,0.6440554857254028
83,0.126531183719635,25899,,,,,
83,0.09089301526546478,25949,,,,,
83,0.08717130124568939,25999,,,,,
83,0.09382804483175278,26049,,,,,
83,0.10660144686698914,26099,,,,,
83,0.15541431307792664,26149,,,,,
83,0.10527105629444122,26199,,,,,
83,,26207,0.666700005531311,0.6646000146865845,,,
83,,26207,,,0.760200023651123,0.6577023267745972,0.6576272249221802
84,0.087918221950531,26249,,,,,
84,0.10498224198818207,26299,,,,,
84,0.13649101555347443,26349,,,,,
84,0.11282698065042496,26399,,,,,
84,0.13315623998641968,26449,,,,,
84,0.06204834207892418,26499,,,,,
84,,26519,0.6764000058174133,0.6761999726295471,,,
84,,26519,,,0.772599995136261,0.6651893258094788,0.6667918562889099
85,0.11245016753673553,26549,,,,,
85,0.142304927110672,26599,,,,,
85,0.080804243683815,26649,,,,,
85,0.10984843224287033,26699,,,,,
85,0.10110414773225784,26749,,,,,
85,0.10641739517450333,26799,,,,,
85,,26831,0.6796000003814697,0.6780999898910522,,,
85,,26831,,,0.7818999886512756,0.6713992357254028,0.6706480383872986
86,0.10006395727396011,26849,,,,,
86,0.08965005725622177,26899,,,,,
86,0.09979423135519028,26949,,,,,
86,0.13786669075489044,26999,,,,,
86,0.08056315034627914,27049,,,,,
86,0.09454745054244995,27099,,,,,
86,,27143,0.6789000034332275,0.6794999837875366,,,
86,,27143,,,0.777400016784668,0.6759565472602844,0.6769581437110901
87,0.07846300303936005,27149,,,,,
87,0.09017857164144516,27199,,,,,
87,0.06791767477989197,27249,,,,,
87,0.12356775254011154,27299,,,,,
87,0.10348265618085861,27349,,,,,
87,0.10542470961809158,27399,,,,,
87,0.0943228006362915,27449,,,,,
87,,27455,0.6812999844551086,0.682699978351593,,,
87,,27455,,,0.7864000201225281,0.6786108016967773,0.6791115999221802
88,0.08924538642168045,27499,,,,,
88,0.11190345138311386,27549,,,,,
88,0.10743039846420288,27599,,,,,
88,0.10308302938938141,27649,,,,,
88,0.13607574999332428,27699,,,,,
88,0.14743198454380035,27749,,,,,
88,,27767,0.689300000667572,0.6894999742507935,,,
88,,27767,,,0.7885000109672546,0.6822666525840759,0.6822415590286255
89,0.06956138461828232,27799,,,,,
89,0.07084958255290985,27849,,,,,
89,0.13703523576259613,27899,,,,,
89,0.06739065796136856,27949,,,,,
89,0.09656938910484314,27999,,,,,
89,0.1345812827348709,28049,,,,,
89,,28079,0.6836000084877014,0.6812999844551086,,,
89,,28079,,,0.7811999917030334,0.6834685206413269,0.6824418902397156
90,0.20429767668247223,28099,,,,,
90,0.09583490341901779,28149,,,,,
90,0.1293530911207199,28199,,,,,
90,0.10196781158447266,28249,,,,,
90,0.08121868968009949,28299,,,,,
90,0.0717526525259018,28349,,,,,
90,,28391,0.6759999990463257,0.6822999715805054,,,
90,,28391,,,0.7814000248908997,0.6854216456413269,0.6833683848381042
91,0.1344722956418991,28399,,,,,
91,0.12280520051717758,28449,,,,,
91,0.12774378061294556,28499,,,,,
91,0.11228571087121964,28549,,,,,
91,0.10821434110403061,28599,,,,,
91,0.1107282042503357,28649,,,,,
91,0.07944052666425705,28699,,,,,
91,,28703,0.6823999881744385,0.6843000054359436,,,
91,,28703,,,0.7864000201225281,0.6800380349159241,0.6823918223381042
92,0.08257228881120682,28749,,,,,
92,0.18441084027290344,28799,,,,,
92,0.12277475744485855,28849,,,,,
92,0.09889638423919678,28899,,,,,
92,0.09108521044254303,28949,,,,,
92,0.12260568886995316,28999,,,,,
92,,29015,0.6826000213623047,0.6830000281333923,,,
92,,29015,,,0.7915999889373779,0.6827674508094788,0.6857472062110901
93,0.09810271114110947,29049,,,,,
93,0.12731792032718658,29099,,,,,
93,0.07743862271308899,29149,,,,,
93,0.11726463586091995,29199,,,,,
93,0.09220452606678009,29249,,,,,
93,0.08577048778533936,29299,,,,,
93,,29327,0.6873000264167786,0.676800012588501,,,
93,,29327,,,0.7771999835968018,0.6886768937110901,0.6871243715286255
94,0.0909557119011879,29349,,,,,
94,0.10424552112817764,29399,,,,,
94,0.1862524300813675,29449,,,,,
94,0.12015131115913391,29499,,,,,
94,0.11655894666910172,29549,,,,,
94,0.15929168462753296,29599,,,,,
94,,29639,0.6812999844551086,0.6808000206947327,,,
94,,29639,,,0.781499981880188,0.678635835647583,0.6774339079856873
95,0.11504225432872772,29649,,,,,
95,0.08995045721530914,29699,,,,,
95,0.07415294647216797,29749,,,,,
95,0.1187908723950386,29799,,,,,
95,0.16547222435474396,29849,,,,,
95,0.07497220486402512,29899,,,,,
95,0.09023891389369965,29949,,,,,
95,,29951,0.6904000043869019,0.689300000667572,,,
95,,29951,,,0.7860000133514404,0.6871243715286255,0.6854968070983887
96,0.08588512986898422,29999,,,,,
96,0.0958898738026619,30049,,,,,
96,0.091262087225914,30099,,,,,
96,0.10522150248289108,30149,,,,,
96,0.10666920244693756,30199,,,,,
96,0.1480473130941391,30249,,,,,
96,,30263,0.6861000061035156,0.6862999796867371,,,
96,,30263,,,0.7915999889373779,0.687575101852417,0.6864733695983887
97,0.07589397579431534,30299,,,,,
97,0.13173890113830566,30349,,,,,
97,0.14055708050727844,30399,,,,,
97,0.151792973279953,30449,,,,,
97,0.10377227514982224,30499,,,,,
97,0.1023455485701561,30549,,,,,
97,,30575,0.676800012588501,0.6814000010490417,,,
97,,30575,,,0.784600019454956,0.6765574812889099,0.6842197775840759
98,0.09289573132991791,30599,,,,,
98,0.13579630851745605,30649,,,,,
98,0.09953440725803375,30699,,,,,
98,0.09912627190351486,30749,,,,,
98,0.16596552729606628,30799,,,,,
98,0.12661334872245789,30849,,,,,
98,,30887,0.6534000039100647,0.6797000169754028,,,
98,,30887,,,0.7853999733924866,0.6803886294364929,0.681715726852417
99,0.08759582042694092,30899,,,,,
99,0.07210546731948853,30949,,,,,
99,0.13142181932926178,30999,,,,,
99,0.12127115577459335,31049,,,,,
99,0.12867343425750732,31099,,,,,
99,0.09029874950647354,31149,,,,,
99,0.10583940893411636,31199,,,,,
99,,31199,0.6811000108718872,0.6869000196456909,,,
99,,31199,,,0.7876999974250793,0.6782602071762085,0.6804637312889099
100,0.12605057656764984,31249,,,,,
100,0.09354396164417267,31299,,,,,
100,0.1682664453983307,31349,,,,,
100,0.10127360373735428,31399,,,,,
100,0.14142954349517822,31449,,,,,
100,0.09817603975534439,31499,,,,,
100,,31511,0.6800000071525574,0.6823999881744385,,,
100,,31511,,,0.7857999801635742,0.6779096722602844,0.681715726852417
101,0.1358276605606079,31549,,,,,
101,0.05080285295844078,31599,,,,,
101,0.08647512644529343,31649,,,,,
101,0.10453163087368011,31699,,,,,
101,0.12601377069950104,31749,,,,,
101,0.08184413611888885,31799,,,,,
101,,31823,0.6812999844551086,0.6769999861717224,,,
101,,31823,,,0.7821999788284302,0.6899288892745972,0.6886768937110901
102,0.1168634295463562,31849,,,,,
102,0.11721691489219666,31899,,,,,
102,0.0966925248503685,31949,,,,,
102,0.08552487939596176,31999,,,,,
102,0.10538651794195175,32049,,,,,
102,0.0857856497168541,32099,,,,,
102,,32135,0.6852999925613403,0.6876000165939331,,,
102,,32135,,,0.7900999784469604,0.6875500679016113,0.6907301545143127
103,0.11170888692140579,32149,,,,,
103,0.11953180283308029,32199,,,,,
103,0.08319788426160812,32249,,,,,
103,0.11629868298768997,32299,,,,,
103,0.12128899246454239,32349,,,,,
103,0.09613253176212311,32399,,,,,
103,,32447,0.6920999884605408,0.6812999844551086,,,
103,,32447,,,0.7835999727249146,0.6886518597602844,0.6892527937889099
104,0.07716576009988785,32449,,,,,
104,0.08212602138519287,32499,,,,,
104,0.12202523648738861,32549,,,,,
104,0.08586975932121277,32599,,,,,
104,0.10497961938381195,32649,,,,,
104,0.16698579490184784,32699,,,,,
104,0.1499878168106079,32749,,,,,
104,,32759,0.6789000034332275,0.6829000115394592,,,
104,,32759,,,0.7894999980926514,0.6854968070983887,0.6890524625778198
105,0.12639111280441284,32799,,,,,
105,0.07298790663480759,32849,,,,,
105,0.09168657660484314,32899,,,,,
105,0.10777401179075241,32949,,,,,
105,0.1281379610300064,32999,,,,,
105,0.10519443452358246,33049,,,,,
105,,33071,0.6861000061035156,0.6794999837875366,,,
105,,33071,,,0.7828999757766724,0.6868489384651184,0.6880759000778198
106,0.11462906002998352,33099,,,,,
106,0.12387258559465408,33149,,,,,
106,0.07171902805566788,33199,,,,,
106,0.14557836949825287,33249,,,,,
106,0.1097414419054985,33299,,,,,
106,0.1635940819978714,33349,,,,,
106,,33383,0.6876000165939331,0.6901999711990356,,,
106,,33383,,,0.791700005531311,0.6871494650840759,0.6863731741905212
107,0.13810789585113525,33399,,,,,
107,0.07554148882627487,33449,,,,,
107,0.09654706716537476,33499,,,,,
107,0.0869671106338501,33549,,,,,
107,0.12266252189874649,33599,,,,,
107,0.10340338945388794,33649,,,,,
107,,33695,0.6931999921798706,0.6915000081062317,,,
107,,33695,,,0.7955999970436096,0.6908053159713745,0.6863231062889099
108,0.056875042617321014,33699,,,,,
108,0.07648295164108276,33749,,,,,
108,0.07504100352525711,33799,,,,,
108,0.0760282576084137,33849,,,,,
108,0.14480435848236084,33899,,,,,
108,0.06353884935379028,33949,,,,,
108,0.06830183416604996,33999,,,,,
108,,34007,0.6904000043869019,0.6953999996185303,,,
108,,34007,,,0.7976999878883362,0.6929837465286255,0.6935597062110901
109,0.11008512228727341,34049,,,,,
109,0.06163543462753296,34099,,,,,
109,0.10884647071361542,34149,,,,,
109,0.07079397141933441,34199,,,,,
109,0.08934372663497925,34249,,,,,
109,0.07383044064044952,34299,,,,,
109,,34319,0.6880999803543091,0.6876000165939331,,,
109,,34319,,,0.7886000275611877,0.6923327445983887,0.6919320821762085
110,0.10690492391586304,34349,,,,,
110,0.12521108984947205,34399,,,,,
110,0.12163417786359787,34449,,,,,
110,0.07805225253105164,34499,,,,,
110,0.1350216418504715,34549,,,,,
110,0.142609104514122,34599,,,,,
110,,34631,0.6888999938964844,0.6901000142097473,,,
110,,34631,,,0.7953000068664551,0.6908804178237915,0.6929086446762085
111,0.1740093231201172,34649,,,,,
111,0.11605347692966461,34699,,,,,
111,0.10527723282575607,34749,,,,,
111,0.1543346345424652,34799,,,,,
111,0.07170504331588745,34849,,,,,
111,0.08917991071939468,34899,,,,,
111,,34943,0.6933000087738037,0.6866999864578247,,,
111,,34943,,,0.7967000007629395,0.6917818784713745,0.6942107081413269
112,0.09832338988780975,34949,,,,,
112,0.05944539234042168,34999,,,,,
112,0.1538424789905548,35049,,,,,
112,0.15607520937919617,35099,,,,,
112,0.07947353273630142,35149,,,,,
112,0.11455263197422028,35199,,,,,
112,0.08642114698886871,35249,,,,,
112,,35255,0.6881999969482422,0.6822999715805054,,,
112,,35255,,,0.7831000089645386,0.6914563179016113,0.6875250339508057
113,0.09233266860246658,35299,,,,,
113,0.11185561120510101,35349,,,,,
113,0.09987727552652359,35399,,,,,
113,0.06997314840555191,35449,,,,,
113,0.10612001270055771,35499,,,,,
113,0.0847988873720169,35549,,,,,
113,,35567,0.6850000023841858,0.6876999735832214,,,
113,,35567,,,0.7936000227928162,0.6945112347602844,0.6911808848381042
114,0.14992555975914001,35599,,,,,
114,0.10180004686117172,35649,,,,,
114,0.10616536438465118,35699,,,,,
114,0.1304539442062378,35749,,,,,
114,0.16009749472141266,35799,,,,,
114,0.12308385968208313,35849,,,,,
114,,35879,0.6850000023841858,0.6909000277519226,,,
114,,35879,,,0.8009999990463257,0.6944611668586731,0.6956881284713745
115,0.08495527505874634,35899,,,,,
115,0.11682341247797012,35949,,,,,
115,0.07628969848155975,35999,,,,,
115,0.08605238795280457,36049,,,,,
115,0.09186778962612152,36099,,,,,
115,0.07547105103731155,36149,,,,,
115,,36191,0.6929000020027161,0.6937999725341797,,,
115,,36191,,,0.801800012588501,0.6989433169364929,0.6997946500778198
116,0.06931021809577942,36199,,,,,
116,0.11462097615003586,36249,,,,,
116,0.07362549751996994,36299,,,,,
116,0.10936719179153442,36349,,,,,
116,0.10182271152734756,36399,,,,,
116,0.09827057272195816,36449,,,,,
116,0.08033192157745361,36499,,,,,
116,,36503,0.6863999962806702,0.6895999908447266,,,
116,,36503,,,0.8003000020980835,0.6962389945983887,0.6952874660491943
117,0.09076587855815887,36549,,,,,
117,0.08463816344738007,36599,,,,,
117,0.05665071681141853,36649,,,,,
117,0.10821497440338135,36699,,,,,
117,0.10716380923986435,36749,,,,,
117,0.05892173945903778,36799,,,,,
117,,36815,0.6952000260353088,0.6966000199317932,,,
117,,36815,,,0.8052999973297119,0.6997195482254028,0.6978665590286255
118,0.10300032049417496,36849,,,,,
118,0.10483728349208832,36899,,,,,
118,0.10088630020618439,36949,,,,,
118,0.07236215472221375,36999,,,,,
118,0.06757869571447372,37049,,,,,
118,0.10039021819829941,37099,,,,,
118,,37127,0.6920999884605408,0.6951000094413757,,,
118,,37127,,,0.8039000034332275,0.6971153616905212,0.7003205418586731
119,0.08325594663619995,37149,,,,,
119,0.11186239123344421,37199,,,,,
119,0.061367057263851166,37249,,,,,
119,0.0712253525853157,37299,,,,,
119,0.06758768856525421,37349,,,,,
119,0.11940430849790573,37399,,,,,
119,,37439,0.6920999884605408,0.6941999793052673,,,
119,,37439,,,0.7989000082015991,0.6989182829856873,0.7027994990348816
120,0.05605404078960419,37449,,,,,
120,0.09732022136449814,37499,,,,,
120,0.0978202223777771,37549,,,,,
120,0.07545807212591171,37599,,,,,
120,0.11244165152311325,37649,,,,,
120,0.07536647468805313,37699,,,,,
120,0.07901649177074432,37749,,,,,
120,,37751,0.6973999738693237,0.6973999738693237,,,
120,,37751,,,0.79830002784729,0.694260835647583,0.6909054517745972
121,0.11648827791213989,37799,,,,,
121,0.06780093163251877,37849,,,,,
121,0.11106330156326294,37899,,,,,
121,0.11001073569059372,37949,,,,,
121,0.07033330202102661,37999,,,,,
121,0.09247934073209763,38049,,,,,
121,,38063,0.6992999911308289,0.7024999856948853,,,
121,,38063,,,0.8066999912261963,0.696364164352417,0.6990684866905212
122,0.068231500685215,38099,,,,,
122,0.07792919129133224,38149,,,,,
122,0.06645376980304718,38199,,,,,
122,0.029551910236477852,38249,,,,,
122,0.09064839780330658,38299,,,,,
122,0.06672831624746323,38349,,,,,
122,,38375,0.7009000182151794,0.7009999752044678,,,
122,,38375,,,0.8050000071525574,0.7030248641967773,0.7048277258872986
123,0.08174064010381699,38399,,,,,
123,0.04659990593791008,38449,,,,,
123,0.09407757967710495,38499,,,,,
123,0.06781191378831863,38549,,,,,
123,0.0831395760178566,38599,,,,,
123,0.0678180381655693,38649,,,,,
123,,38687,0.7020000219345093,0.704200029373169,,,
123,,38687,,,0.8104000091552734,0.7034254670143127,0.7025240659713745
124,0.10295909643173218,38699,,,,,
124,0.07704335451126099,38749,,,,,
124,0.06943371146917343,38799,,,,,
124,0.09807473421096802,38849,,,,,
124,0.11422406136989594,38899,,,,,
124,0.14281831681728363,38949,,,,,
124,0.07579219341278076,38999,,,,,
124,,38999,0.6912000179290771,0.6973000168800354,,,
124,,38999,,,0.8011999726295471,0.6980668902397156,0.7005208134651184
125,0.10650628060102463,39049,,,,,
125,0.0823414996266365,39099,,,,,
125,0.04954404756426811,39149,,,,,
125,0.05283592268824577,39199,,,,,
125,0.06571684032678604,39249,,,,,
125,0.10021275281906128,39299,,,,,
125,,39311,0.6923999786376953,0.6991999745368958,,,
125,,39311,,,0.8029000163078308,0.7015725374221802,0.7027994990348816
126,0.07451271265745163,39349,,,,,
126,0.07822354882955551,39399,,,,,
126,0.0889476016163826,39449,,,,,
126,0.0925382524728775,39499,,,,,
126,0.08898976445198059,39549,,,,,
126,0.08749140053987503,39599,,,,,
126,,39623,0.70169997215271,0.699400007724762,,,
126,,39623,,,0.8080999851226807,0.703125,0.7014723420143127
127,0.10378744453191757,39649,,,,,
127,0.05501442030072212,39699,,,,,
127,0.08747714757919312,39749,,,,,
127,0.0729752779006958,39799,,,,,
127,0.0678979828953743,39849,,,,,
127,0.08594432473182678,39899,,,,,
127,,39935,0.7013999819755554,0.6995999813079834,,,
127,,39935,,,0.8080999851226807,0.7043018937110901,0.7055538892745972
128,0.062013667076826096,39949,,,,,
128,0.11159343272447586,39999,,,,,
128,0.06740269064903259,40049,,,,,
128,0.10484547913074493,40099,,,,,
128,0.08706726133823395,40149,,,,,
128,0.12327000498771667,40199,,,,,
128,,40247,0.7052000164985657,0.7010999917984009,,,
128,,40247,,,0.8077999949455261,0.7058543562889099,0.7061799168586731
129,0.05975688248872757,40249,,,,,
129,0.11379090696573257,40299,,,,,
129,0.05131901055574417,40349,,,,,
129,0.05945570766925812,40399,,,,,
129,0.06636084616184235,40449,,,,,
129,0.10551660507917404,40499,,,,,
129,0.09275548905134201,40549,,,,,
129,,40559,0.6952000260353088,0.6988000273704529,,,
129,,40559,,,0.8058000206947327,0.7043769955635071,0.7051782608032227
130,0.16305683553218842,40599,,,,,
130,0.04328981414437294,40649,,,,,
130,0.14081799983978271,40699,,,,,
130,0.10823430866003036,40749,,,,,
130,0.06981931626796722,40799,,,,,
130,0.10998007655143738,40849,,,,,
130,,40871,0.6916000247001648,0.6920999884605408,,,
130,,40871,,,0.8003000020980835,0.6963891983032227,0.7035757303237915
131,0.05805301293730736,40899,,,,,
131,0.06388483196496964,40949,,,,,
131,0.061139531433582306,40999,,,,,
131,0.07422900944948196,41049,,,,,
131,0.08579587936401367,41099,,,,,
131,0.09589840471744537,41149,,,,,
131,,41183,0.7005000114440918,0.7016000151634216,,,
131,,41183,,,0.8134999871253967,0.7039012312889099,0.7064303159713745
132,0.06986767053604126,41199,,,,,
132,0.10047869384288788,41249,,,,,
132,0.08845800161361694,41299,,,,,
132,0.0691305622458458,41349,,,,,
132,0.1483045518398285,41399,,,,,
132,0.11456768959760666,41449,,,,,
132,,41495,0.7005000114440918,0.7041000127792358,,,
132,,41495,,,0.8119000196456909,0.7081580758094788,0.7107622027397156
133,0.06873161345720291,41499,,,,,
133,0.1116592213511467,41549,,,,,
133,0.09319552034139633,41599,,,,,
133,0.19523699581623077,41649,,,,,
133,0.14557193219661713,41699,,,,,
133,0.06637371331453323,41749,,,,,
133,0.0936477854847908,41799,,,,,
133,,41807,0.7010999917984009,0.701200008392334,,,
133,,41807,,,0.8127999901771545,0.7023738026618958,0.7087089419364929
134,0.08410276472568512,41849,,,,,
134,0.061817556619644165,41899,,,,,
134,0.07638957351446152,41949,,,,,
134,0.07752928882837296,41999,,,,,
134,0.07186049968004227,42049,,,,,
134,0.07677983492612839,42099,,,,,
134,,42119,0.696399986743927,0.7028999924659729,,,
134,,42119,,,0.8141000270843506,0.7054787874221802,0.7072566151618958
135,0.15878647565841675,42149,,,,,
135,0.07506804168224335,42199,,,,,
135,0.09710220247507095,42249,,,,,
135,0.07687266916036606,42299,,,,,
135,0.04026540741324425,42349,,,,,
135,0.10424347221851349,42399,,,,,
135,,42431,0.7050999999046326,0.7060999870300293,,,
135,,42431,,,0.817300021648407,0.7084084749221802,0.7140424847602844
136,0.04113883525133133,42449,,,,,
136,0.08349467068910599,42499,,,,,
136,0.048364847898483276,42549,,,,,
136,0.14578938484191895,42599,,,,,
136,0.07090437412261963,42649,,,,,
136,0.09842139482498169,42699,,,,,
136,,42743,0.6995999813079834,0.6977999806404114,,,
136,,42743,,,0.805400013923645,0.7105368375778198,0.7105618715286255
137,0.04918085038661957,42749,,,,,
137,0.10771233588457108,42799,,,,,
137,0.08003300428390503,42849,,,,,
137,0.10428791493177414,42899,,,,,
137,0.06212449446320534,42949,,,,,
137,0.14375607669353485,42999,,,,,
137,0.0837436094880104,43049,,,,,
137,,43055,0.7032999992370605,0.7064999938011169,,,
137,,43055,,,0.8144999742507935,0.7111878991127014,0.7102614045143127
138,0.0709279403090477,43099,,,,,
138,0.06470364332199097,43149,,,,,
138,0.0750265121459961,43199,,,,,
138,0.09039135277271271,43249,,,,,
138,0.12186222523450851,43299,,,,,
138,0.049594782292842865,43349,,,,,
138,,43367,0.7023000121116638,0.7027000188827515,,,
138,,43367,,,0.8125,0.7088842391967773,0.7113631963729858
139,0.09190204739570618,43399,,,,,
139,0.0933740958571434,43449,,,,,
139,0.07979701459407806,43499,,,,,
139,0.0934734046459198,43549,,,,,
139,0.09806337207555771,43599,,,,,
139,0.07204916328191757,43649,,,,,
139,,43679,0.7081000208854675,0.703000009059906,,,
139,,43679,,,0.8123000264167786,0.7118639945983887,0.7083082795143127
140,0.04125974327325821,43699,,,,,
140,0.06191946193575859,43749,,,,,
140,0.06627006828784943,43799,,,,,
140,0.03617053106427193,43849,,,,,
140,0.07279497385025024,43899,,,,,
140,0.04769149422645569,43949,,,,,
140,,43991,0.7041000127792358,0.7045999765396118,,,
140,,43991,,,0.8134999871253967,0.7127904891967773,0.7137169241905212
141,0.041862282902002335,43999,,,,,
141,0.04291965812444687,44049,,,,,
141,0.08968722820281982,44099,,,,,
141,0.061137232929468155,44149,,,,,
141,0.11530751734972,44199,,,,,
141,0.08376626670360565,44249,,,,,
141,0.04699692130088806,44299,,,,,
141,,44303,0.7050999999046326,0.7049999833106995,,,
141,,44303,,,0.8159999847412109,0.7146183848381042,0.7166466116905212
142,0.05909676477313042,44349,,,,,
142,0.06870408356189728,44399,,,,,
142,0.12754398584365845,44449,,,,,
142,0.08589689433574677,44499,,,,,
142,0.1182965487241745,44549,,,,,
142,0.07907379418611526,44599,,,,,
142,,44615,0.7064999938011169,0.70169997215271,,,
142,,44615,,,0.8130999803543091,0.7143930196762085,0.7145683169364929
143,0.05118353292346001,44649,,,,,
143,0.11537846177816391,44699,,,,,
143,0.0634140893816948,44749,,,,,
143,0.0945155918598175,44799,,,,,
143,0.11333781480789185,44849,,,,,
143,0.07272535562515259,44899,,,,,
143,,44927,0.7057999968528748,0.7059000134468079,,,
143,,44927,,,0.8133999705314636,0.7101863026618958,0.7116135954856873
144,0.05511859431862831,44949,,,,,
144,0.08114764839410782,44999,,,,,
144,0.07919193804264069,45049,,,,,
144,0.10031423717737198,45099,,,,,
144,0.0743786171078682,45149,,,,,
144,0.06524143368005753,45199,,,,,
144,,45239,0.7077999711036682,0.7075999975204468,,,
144,,45239,,,0.8136000037193298,0.7178235054016113,0.7179988026618958
145,0.04535779356956482,45249,,,,,
145,0.09045174717903137,45299,,,,,
145,0.07600601762533188,45349,,,,,
145,0.08340706676244736,45399,,,,,
145,0.07643068581819534,45449,,,,,
145,0.11777687817811966,45499,,,,,
145,0.10035765171051025,45549,,,,,
145,,45551,0.7077999711036682,0.7073000073432922,,,
145,,45551,,,0.8138999938964844,0.7143179178237915,0.7115134000778198
146,0.055547021329402924,45599,,,,,
146,0.079354427754879,45649,,,,,
146,0.08117128163576126,45699,,,,,
146,0.0910567119717598,45749,,,,,
146,0.05109411105513573,45799,,,,,
146,0.04953838884830475,45849,,,,,
146,,45863,0.7103999853134155,0.7099000215530396,,,
146,,45863,,,0.8166999816894531,0.7179988026618958,0.7183243036270142
147,0.09535344690084457,45899,,,,,
147,0.061645153909921646,45949,,,,,
147,0.0723113864660263,45999,,,,,
147,0.08930235356092453,46049,,,,,
147,0.05742189288139343,46099,,,,,
147,0.09989286214113235,46149,,,,,
147,,46175,0.7091000080108643,0.7081000208854675,,,
147,,46175,,,0.8141999840736389,0.7155949473381042,0.7180739045143127
148,0.11059347540140152,46199,,,,,
148,0.08821791410446167,46249,,,,,
148,0.08399621397256851,46299,,,,,
148,0.0930713415145874,46349,,,,,
148,0.07248693704605103,46399,,,,,
148,0.07664107531309128,46449,,,,,
148,,46487,0.7121000289916992,0.7113000154495239,,,
148,,46487,,,0.8184999823570251,0.7186498641967773,0.7204527258872986
149,0.03695812076330185,46499,,,,,
149,0.0667567029595375,46549,,,,,
149,0.07165975123643875,46599,,,,,
149,0.07786393165588379,46649,,,,,
149,0.09678898006677628,46699,,,,,
149,0.11455485969781876,46749,,,,,
149,0.06333830952644348,46799,,,,,
149,,46799,0.7021999955177307,0.7010999917984009,,,
149,,46799,,,0.8084999918937683,0.7182742357254028,0.7182742357254028
150,0.08457624912261963,46849,,,,,
150,0.1062389463186264,46899,,,,,
150,0.06879585981369019,46949,,,,,
150,0.059953268617391586,46999,,,,,
150,0.08046349138021469,47049,,,,,
150,0.05399512127041817,47099,,,,,
150,,47111,0.7117999792098999,0.7106999754905701,,,
150,,47111,,,0.8198000192642212,0.7151942849159241,0.7175230383872986
151,0.059912100434303284,47149,,,,,
151,0.055826861411333084,47199,,,,,
151,0.07103300839662552,47249,,,,,
151,0.09694650024175644,47299,,,,,
151,0.06096740812063217,47349,,,,,
151,0.07867062091827393,47399,,,,,
151,,47423,0.708299994468689,0.7087000012397766,,,
151,,47423,,,0.8180999755859375,0.7165715098381042,0.7209535241127014
152,0.05624837800860405,47449,,,,,
152,0.08452089130878448,47499,,,,,
152,0.06724235415458679,47549,,,,,
152,0.09105407446622849,47599,,,,,
152,0.04745180159807205,47649,,,,,
152,0.08050801604986191,47699,,,,,
152,,47735,0.7089999914169312,0.7075999975204468,,,
152,,47735,,,0.8136000037193298,0.7201021909713745,0.7210787534713745
153,0.059051863849163055,47749,,,,,
153,0.04736603423953056,47799,,,,,
153,0.022649554535746574,47849,,,,,
153,0.06870298087596893,47899,,,,,
153,0.1297665685415268,47949,,,,,
153,0.09192594140768051,47999,,,,,
153,,48047,0.7121000289916992,0.704200029373169,,,
153,,48047,,,0.8140000104904175,0.7219300866127014,0.7210286259651184
154,0.04716645926237106,48049,,,,,
154,0.08158096671104431,48099,,,,,
154,0.07686374336481094,48149,,,,,
154,0.03067627176642418,48199,,,,,
154,0.08832009881734848,48249,,,,,
154,0.08894132077693939,48299,,,,,
154,0.06092388182878494,48349,,,,,
154,,48359,0.7085999846458435,0.7052000164985657,,,
154,,48359,,,0.8167999982833862,0.7229066491127014,0.7183243036270142
155,0.03161053732037544,48399,,,,,
155,0.06390750408172607,48449,,,,,
155,0.0930711179971695,48499,,,,,
155,0.11116283386945724,48549,,,,,
155,0.05786995217204094,48599,,,,,
155,0.10500071942806244,48649,,,,,
155,,48671,0.7116000056266785,0.7128000259399414,,,
155,,48671,,,0.8271999955177307,0.7252354025840759,0.7240835428237915
156,0.05614416301250458,48699,,,,,
156,0.07892713695764542,48749,,,,,
156,0.04817396029829979,48799,,,,,
156,0.09355062246322632,48849,,,,,
156,0.05680839344859123,48899,,,,,
156,0.09550022333860397,48949,,,,,
156,,48983,0.7135000228881836,0.7098000049591064,,,
156,,48983,,,0.8230999708175659,0.7257362008094788,0.7267127633094788
157,0.08065300434827805,48999,,,,,
157,0.05771644786000252,49049,,,,,
157,0.0456826388835907,49099,,,,,
157,0.09693489968776703,49149,,,,,
157,0.09505695104598999,49199,,,,,
157,0.08236265927553177,49249,,,,,
157,,49295,0.71670001745224,0.7145000100135803,,,
157,,49295,,,0.8241999745368958,0.7247095108032227,0.7249348759651184
158,0.07815869152545929,49299,,,,,
158,0.06118808686733246,49349,,,,,
158,0.06534872949123383,49399,,,,,
158,0.1059868112206459,49449,,,,,
158,0.0964539498090744,49499,,,,,
158,0.11960016191005707,49549,,,,,
158,0.09881458431482315,49599,,,,,
158,,49607,0.7105000019073486,0.7129999995231628,,,
158,,49607,,,0.8241000175476074,0.7272886633872986,0.7260366678237915
159,0.13710369169712067,49649,,,,,
159,0.07412139326334,49699,,,,,
159,0.04779638350009918,49749,,,,,
159,0.05142955109477043,49799,,,,,
159,0.10733567923307419,49849,,,,,
159,0.04100426658987999,49899,,,,,
159,,49919,0.7039999961853027,0.7160000205039978,,,
159,,49919,,,0.828499972820282,0.724534273147583,0.7266877293586731
160,0.12744523584842682,49949,,,,,
160,0.07584226876497269,49999,,,,,
160,0.05974866822361946,50049,,,,,
160,0.08838491141796112,50099,,,,,
160,0.04543351009488106,50149,,,,,
160,0.11603191494941711,50199,,,,,
160,,50231,0.7121000289916992,0.7109000086784363,,,
160,,50231,,,0.8187999725341797,0.7234825491905212,0.7265875339508057
161,0.060954079031944275,50249,,,,,
161,0.0732438787817955,50299,,,,,
161,0.04890245199203491,50349,,,,,
161,0.08148014545440674,50399,,,,,
161,0.04445882514119148,50449,,,,,
161,0.05566338449716568,50499,,,,,
161,,50543,0.7114999890327454,0.7114999890327454,,,
161,,50543,,,0.8212000131607056,0.7251101732254028,0.7255859375
162,0.06135445833206177,50549,,,,,
162,0.049059972167015076,50599,,,,,
162,0.06814198195934296,50649,,,,,
162,0.06612176448106766,50699,,,,,
162,0.08302001655101776,50749,,,,,
162,0.04270622879266739,50799,,,,,
162,0.06416365504264832,50849,,,,,
162,,50855,0.7153000235557556,0.7153000235557556,,,
162,,50855,,,0.8269000053405762,0.7277894616127014,0.7270382642745972
163,0.07176321744918823,50899,,,,,
163,0.03158458694815636,50949,,,,,
163,0.027869325131177902,50999,,,,,
163,0.05211178958415985,51049,,,,,
163,0.04927896335721016,51099,,,,,
163,0.040881089866161346,51149,,,,,
163,,51167,0.7152000069618225,0.7135000228881836,,,
163,,51167,,,0.8289999961853027,0.7297676205635071,0.7301432490348816
164,0.09446150809526443,51199,,,,,
164,0.060829076915979385,51249,,,,,
164,0.07932905107736588,51299,,,,,
164,0.04286042973399162,51349,,,,,
164,0.04633897915482521,51399,,,,,
164,0.06414476782083511,51449,,,,,
164,,51479,0.7129999995231628,0.7116000056266785,,,
164,,51479,,,0.8217999935150146,0.7242588400840759,0.7280398607254028
165,0.04495321586728096,51499,,,,,
165,0.039153870195150375,51549,,,,,
165,0.11092361062765121,51599,,,,,
165,0.053739454597234726,51649,,,,,
165,0.1055459976196289,51699,,,,,
165,0.047537945210933685,51749,,,,,
165,,51791,0.7152000069618225,0.7182000279426575,,,
165,,51791,,,0.8266000151634216,0.7295923233032227,0.7293419241905212
166,0.05992577597498894,51799,,,,,
166,0.03790650516748428,51849,,,,,
166,0.032914452254772186,51899,,,,,
166,0.06340713053941727,51949,,,,,
166,0.04983483999967575,51999,,,,,
166,0.048168379813432693,52049,,,,,
166,0.08190342038869858,52099,,,,,
166,,52103,0.7163000106811523,0.7127000093460083,,,
166,,52103,,,0.8222000002861023,0.7276642918586731,0.7255609035491943
167,0.059858597815036774,52149,,,,,
167,0.044110383838415146,52199,,,,,
167,0.04338088631629944,52249,,,,,
167,0.05406494811177254,52299,,,,,
167,0.05992553383111954,52349,,,,,
167,0.08566585183143616,52399,,,,,
167,,52415,0.7129999995231628,0.7170000076293945,,,
167,,52415,,,0.8259000182151794,0.7281650900840759,0.7294921875
168,0.0689486563205719,52449,,,,,
168,0.052910398691892624,52499,,,,,
168,0.040981490164995193,52549,,,,,
168,0.041113901883363724,52599,,,,,
168,0.12308958172798157,52649,,,,,
168,0.07775293290615082,52699,,,,,
168,,52727,0.715399980545044,0.7153000235557556,,,
168,,52727,,,0.8248999714851379,0.7286157608032227,0.7298928499221802
169,0.04140162840485573,52749,,,,,
169,0.05330406874418259,52799,,,,,
169,0.060745399445295334,52849,,,,,
169,0.05647371709346771,52899,,,,,
169,0.057059161365032196,52949,,,,,
169,0.047477830201387405,52999,,,,,
169,,53039,0.7167999744415283,0.7157999873161316,,,
169,,53039,,,0.8285999894142151,0.7312700152397156,0.7321464419364929
170,0.04364005848765373,53049,,,,,
170,0.02398867718875408,53099,,,,,
170,0.062000442296266556,53149,,,,,
170,0.05244676396250725,53199,,,,,
170,0.048556599766016006,53249,,,,,
170,0.04259208217263222,53299,,,,,
170,0.04928961768746376,53349,,,,,
170,,53351,0.7184000015258789,0.7163000106811523,,,
170,,53351,,,0.8251000046730042,0.7315955758094788,0.7326722741127014
171,0.048156850039958954,53399,,,,,
171,0.0660189539194107,53449,,,,,
171,0.032477740198373795,53499,,,,,
171,0.052827510982751846,53549,,,,,
171,0.053901396691799164,53599,,,,,
171,0.05589958280324936,53649,,,,,
171,,53663,0.7207000255584717,0.71670001745224,,,
171,,53663,,,0.8270999789237976,0.7319711446762085,0.7303184866905212
172,0.14389503002166748,53699,,,,,
172,0.06198800355195999,53749,,,,,
172,0.037980642169713974,53799,,,,,
172,0.05262433737516403,53849,,,,,
172,0.07755578309297562,53899,,,,,
172,0.10101818293333054,53949,,,,,
172,,53975,0.7189000248908997,0.7150999903678894,,,
172,,53975,,,0.8205999732017517,0.7325471043586731,0.732496976852417
173,0.03134544566273689,53999,,,,,
173,0.06430988013744354,54049,,,,,
173,0.042838867753744125,54099,,,,,
173,0.01594579964876175,54149,,,,,
173,0.10029561072587967,54199,,,,,
173,0.041859645396471024,54249,,,,,
173,,54287,0.7200000286102295,0.7164000272750854,,,
173,,54287,,,0.8248999714851379,0.7335236668586731,0.7329226732254028
174,0.07838445156812668,54299,,,,,
174,0.10173879563808441,54349,,,,,
174,0.03921714425086975,54399,,,,,
174,0.05005236715078354,54449,,,,,
174,0.04842090606689453,54499,,,,,
174,0.05731046944856644,54549,,,,,
174,0.05670980364084244,54599,,,,,
174,,54599,0.7193999886512756,0.7185999751091003,,,
174,,54599,,,0.8281999826431274,0.7323718070983887,0.7339493036270142
175,0.048976488411426544,54649,,,,,
175,0.05577262118458748,54699,,,,,
175,0.07321508973836899,54749,,,,,
175,0.050346739590168,54799,,,,,
175,0.028160592541098595,54849,,,,,
175,0.0330619141459465,54899,,,,,
175,,54911,0.7207000255584717,0.7179999947547913,,,
175,,54911,,,0.829200029373169,0.7341997027397156,0.7337740659713745
176,0.09168852120637894,54949,,,,,
176,0.07713643461465836,54999,,,,,
176,0.10843618214130402,55049,,,,,
176,0.06460712105035782,55099,,,,,
176,0.05684307590126991,55149,,,,,
176,0.03573106229305267,55199,,,,,
176,,55223,0.7210999727249146,0.7186999917030334,,,
176,,55223,,,0.8281000256538391,0.7337740659713745,0.7313451766967773
177,0.05876189097762108,55249,,,,,
177,0.056826118379831314,55299,,,,,
177,0.11667505651712418,55349,,,,,
177,0.06950052082538605,55399,,,,,
177,0.045501820743083954,55449,,,,,
177,0.06350277364253998,55499,,,,,
177,,55535,0.7200999855995178,0.72079998254776,,,
177,,55535,,,0.828499972820282,0.7337239384651184,0.7345502972602844
178,0.0400560200214386,55549,,,,,
178,0.06835304200649261,55599,,,,,
178,0.033503830432891846,55649,,,,,
178,0.09430412948131561,55699,,,,,
178,0.06954843550920486,55749,,,,,
178,0.08279555290937424,55799,,,,,
178,,55847,0.7214000225067139,0.7159000039100647,,,
178,,55847,,,0.8300999999046326,0.7360777258872986,0.7364282608032227
179,0.08897440135478973,55849,,,,,
179,0.05262038856744766,55899,,,,,
179,0.03201012685894966,55949,,,,,
179,0.02466711401939392,55999,,,,,
179,0.07005739957094193,56049,,,,,
179,0.05949237942695618,56099,,,,,
179,0.05237043648958206,56149,,,,,
179,,56159,0.7197999954223633,0.7141000032424927,,,
179,,56159,,,0.8253999948501587,0.7341246008872986,0.7333984375
180,0.05014996603131294,56199,,,,,
180,0.06461769342422485,56249,,,,,
180,0.05781400948762894,56299,,,,,
180,0.11261402070522308,56349,,,,,
180,0.07300421595573425,56399,,,,,
180,0.05365167558193207,56449,,,,,
180,,56471,0.7218999862670898,0.715499997138977,,,
180,,56471,,,0.8271999955177307,0.7353014945983887,0.734450101852417
181,0.04773779585957527,56499,,,,,
181,0.15490324795246124,56549,,,,,
181,0.0331932008266449,56599,,,,,
181,0.07317168265581131,56649,,,,,
181,0.035213544964790344,56699,,,,,
181,0.0531466007232666,56749,,,,,
181,,56783,0.7226999998092651,0.7182000279426575,,,
181,,56783,,,0.8299999833106995,0.7361528277397156,0.7368038892745972
182,0.12419388443231583,56799,,,,,
182,0.03443637117743492,56849,,,,,
182,0.10973945260047913,56899,,,,,
182,0.02377261221408844,56949,,,,,
182,0.07713600248098373,56999,,,,,
182,0.0708489641547203,57049,,,,,
182,,57095,0.7242000102996826,0.7200000286102295,,,
182,,57095,,,0.8282999992370605,0.7364282608032227,0.736328125
183,0.08672492951154709,57099,,,,,
183,0.06745963543653488,57149,,,,,
183,0.03889360651373863,57199,,,,,
183,0.04733894020318985,57249,,,,,
183,0.1218777447938919,57299,,,,,
183,0.154454305768013,57349,,,,,
183,0.037181705236434937,57399,,,,,
183,,57407,0.722100019454956,0.7195000052452087,,,
183,,57407,,,0.8327000141143799,0.7376803159713745,0.7363531589508057
184,0.029777631163597107,57449,,,,,
184,0.030656935647130013,57499,,,,,
184,0.042206697165966034,57549,,,,,
184,0.036507848650217056,57599,,,,,
184,0.0482737272977829,57649,,,,,
184,0.06108349561691284,57699,,,,,
184,,57719,0.722100019454956,0.7218000292778015,,,
184,,57719,,,0.833299994468689,0.7379056215286255,0.7375801205635071
185,0.05845034867525101,57749,,,,,
185,0.014974894933402538,57799,,,,,
185,0.05556194484233856,57849,,,,,
185,0.06102466583251953,57899,,,,,
185,0.10122201591730118,57949,,,,,
185,0.05336707830429077,57999,,,,,
185,,58031,0.7243000268936157,0.7189000248908997,,,
185,,58031,,,0.8327000141143799,0.7382562160491943,0.7373297214508057
186,0.04316188395023346,58049,,,,,
186,0.033944785594940186,58099,,,,,
186,0.0187993124127388,58149,,,,,
186,0.06258425861597061,58199,,,,,
186,0.023540716618299484,58249,,,,,
186,0.0675339475274086,58299,,,,,
186,,58343,0.7218999862670898,0.7208999991416931,,,
186,,58343,,,0.8352000117301941,0.7371544241905212,0.7368289232254028
187,0.03730849549174309,58349,,,,,
187,0.08331342786550522,58399,,,,,
187,0.02940445952117443,58449,,,,,
187,0.029764795675873756,58499,,,,,
187,0.06619090586900711,58549,,,,,
187,0.03410083055496216,58599,,,,,
187,0.04623391106724739,58649,,,,,
187,,58655,0.7260000109672546,0.7218999862670898,,,
187,,58655,,,0.8327999711036682,0.7373297214508057,0.7382311820983887
188,0.11537027359008789,58699,,,,,
188,0.04660283029079437,58749,,,,,
188,0.037768617272377014,58799,,,,,
188,0.021514927968382835,58849,,,,,
188,0.05125351995229721,58899,,,,,
188,0.05832812935113907,58949,,,,,
188,,58967,0.7253999710083008,0.7204999923706055,,,
188,,58967,,,0.832099974155426,0.7383313179016113,0.7400340437889099
189,0.014431294985115528,58999,,,,,
189,0.03599148243665695,59049,,,,,
189,0.03639264777302742,59099,,,,,
189,0.037871211767196655,59149,,,,,
189,0.029902392998337746,59199,,,,,
189,0.04797518998384476,59249,,,,,
189,,59279,0.7242000102996826,0.7218000292778015,,,
189,,59279,,,0.8345000147819519,0.7380809187889099,0.7406600713729858
190,0.08140601962804794,59299,,,,,
190,0.027163643389940262,59349,,,,,
190,0.030377808958292007,59399,,,,,
190,0.03533415123820305,59449,,,,,
190,0.01823408715426922,59499,,,,,
190,0.026787342503666878,59549,,,,,
190,,59591,0.7245000004768372,0.7235999703407288,,,
190,,59591,,,0.8377000093460083,0.7378555536270142,0.7386317849159241
191,0.031079230830073357,59599,,,,,
191,0.0514201894402504,59649,,,,,
191,0.07061710208654404,59699,,,,,
191,0.02594081126153469,59749,,,,,
191,0.05534980818629265,59799,,,,,
191,0.09190783649682999,59849,,,,,
191,0.03621749207377434,59899,,,,,
191,,59903,0.724399983882904,0.722100019454956,,,
191,,59903,,,0.8370000123977661,0.7396584749221802,0.7396334409713745
192,0.03547674044966698,59949,,,,,
192,0.08235996961593628,59999,,,,,
192,0.02836385928094387,60049,,,,,
192,0.04092440381646156,60099,,,,,
192,0.03179577738046646,60149,,,,,
192,0.07381535321474075,60199,,,,,
192,,60215,0.7245000004768372,0.7224000096321106,,,
192,,60215,,,0.8367999792098999,0.7388571500778198,0.741135835647583
193,0.05204734206199646,60249,,,,,
193,0.023695625364780426,60299,,,,,
193,0.027890263125300407,60349,,,,,
193,0.0698152408003807,60399,,,,,
193,0.0735030248761177,60449,,,,,
193,0.027341805398464203,60499,,,,,
193,,60527,0.723800003528595,0.7239000201225281,,,
193,,60527,,,0.8371000289916992,0.7403846383094788,0.7413612008094788
194,0.03567562997341156,60549,,,,,
194,0.04097465053200722,60599,,,,,
194,0.05651301145553589,60649,,,,,
194,0.043322209268808365,60699,,,,,
194,0.054303478449583054,60749,,,,,
194,0.023827863857150078,60799,,,,,
194,,60839,0.7257000207901001,0.7247999906539917,,,
194,,60839,,,0.8360999822616577,0.7396334409713745,0.7408854365348816
195,0.027920056134462357,60849,,,,,
195,0.05027059093117714,60899,,,,,
195,0.03512315824627876,60949,,,,,
195,0.08585218340158463,60999,,,,,
195,0.05893472582101822,61049,,,,,
195,0.0553833544254303,61099,,,,,
195,0.03738480806350708,61149,,,,,
195,,61151,0.7261999845504761,0.7232999801635742,,,
195,,61151,,,0.8377000093460083,0.739182710647583,0.7398086786270142
196,0.04762030020356178,61199,,,,,
196,0.08392006903886795,61249,,,,,
196,0.0705919936299324,61299,,,,,
196,0.021909723058342934,61349,,,,,
196,0.054720938205718994,61399,,,,,
196,0.02398698963224888,61449,,,,,
196,,61463,0.7257999777793884,0.7224000096321106,,,
196,,61463,,,0.8361999988555908,0.7404347062110901,0.7417117357254028
197,0.06907930970191956,61499,,,,,
197,0.08922772109508514,61549,,,,,
197,0.041793689131736755,61599,,,,,
197,0.048477575182914734,61649,,,,,
197,0.08259356021881104,61699,,,,,
197,0.04437635466456413,61749,,,,,
197,,61775,0.7264999747276306,0.7222999930381775,,,
197,,61775,,,0.8327000141143799,0.7420122027397156,0.7424879670143127
198,0.05681993067264557,61799,,,,,
198,0.06269469112157822,61849,,,,,
198,0.03655145689845085,61899,,,,,
198,0.03220485895872116,61949,,,,,
198,0.05894596874713898,61999,,,,,
198,0.02853887714445591,62049,,,,,
198,,62087,0.7253999710083008,0.7214999794960022,,,
198,,62087,,,0.8338000178337097,0.7396584749221802,0.7416366338729858
199,0.021316740661859512,62099,,,,,
199,0.18212729692459106,62149,,,,,
199,0.037902891635894775,62199,,,,,
199,0.05361679941415787,62249,,,,,
199,0.03326542675495148,62299,,,,,
199,0.042348463088274,62349,,,,,
199,0.03797042742371559,62399,,,,,
199,,62399,0.7275999784469604,0.7228000164031982,,,
199,,62399,,,0.8331000208854675,0.7421875,0.7421624660491943
