step,epoch,train_loss,val_loss,val_acc,test_acc,train_acc,mix_match_loss
49,0,2.399768590927124,,,,,
99,0,2.3638813495635986,,,,,
149,0,2.321619749069214,,,,,
199,0,1.8768738508224487,,,,,
249,0,1.94719660282135,,,,,
299,0,2.0071518421173096,,,,,
312,0,,2.2069246768951416,0.23440000414848328,,,
312,0,,,,0.2741297483444214,0.21032500267028809,
349,1,1.8209134340286255,,,,,
399,1,1.833303689956665,,,,,
449,1,1.6795464754104614,,,,,
499,1,1.942552924156189,,,,,
549,1,1.7465097904205322,,,,,
599,1,1.708635687828064,,,,,
625,1,,1.6918327808380127,0.3537999987602234,,,
625,1,,,,0.3785601258277893,0.31619998812675476,
649,2,1.6340949535369873,,,,,
699,2,1.625571846961975,,,,,
749,2,1.6038477420806885,,,,,
799,2,1.705565094947815,,,,,
849,2,1.6495527029037476,,,,,
899,2,1.595536470413208,,,,,
938,2,,1.6353604793548584,0.3889000117778778,,,
938,2,,,,0.4222705662250519,0.3853999972343445,
949,3,1.546015977859497,,,,,
999,3,1.5353237390518188,,,,,
1049,3,1.4679588079452515,,,,,
1099,3,1.4477189779281616,,,,,
1149,3,1.5763238668441772,,,,,
1199,3,1.582855224609375,,,,,
1249,3,1.5128275156021118,,,,,
1251,3,,1.4205726385116577,0.48649999499320984,,,
1251,3,,,,0.4758702516555786,0.4251750111579895,
1299,4,1.4712498188018799,,,,,
1349,4,1.4361371994018555,,,,,
1399,4,1.4832813739776611,,,,,
1449,4,1.4702426195144653,,,,,
1499,4,1.3674112558364868,,,,,
1549,4,1.4833464622497559,,,,,
1564,4,,1.3894785642623901,0.49559998512268066,,,
1564,4,,,,0.5047468543052673,0.46837499737739563,
1599,5,1.284906029701233,,,,,
1649,5,1.3644353151321411,,,,,
1699,5,1.268662452697754,,,,,
1749,5,1.3685551881790161,,,,,
1799,5,1.187964916229248,,,,,
1849,5,1.3446811437606812,,,,,
1877,5,,1.3212767839431763,0.5174000263214111,,,
1877,5,,,,0.5391613841056824,0.5092499852180481,
1899,6,1.295538306236267,,,,,
1949,6,1.3785094022750854,,,,,
1999,6,1.4545217752456665,,,,,
2049,6,1.287784457206726,,,,,
2099,6,1.3126357793807983,,,,,
2149,6,1.183279037475586,,,,,
2190,6,,1.1867462396621704,0.5724999904632568,,,
2190,6,,,,0.5727847814559937,0.538224995136261,
2199,7,1.1525099277496338,,,,,
2249,7,1.1471887826919556,,,,,
2299,7,1.1858208179473877,,,,,
2349,7,1.186900019645691,,,,,
2399,7,0.9923088550567627,,,,,
2449,7,1.0793075561523438,,,,,
2499,7,1.2984895706176758,,,,,
2503,7,,1.3957003355026245,0.507099986076355,,,
2503,7,,,,0.5786194801330566,0.5716000199317932,
2549,8,1.2345317602157593,,,,,
2599,8,1.2249670028686523,,,,,
2649,8,1.0027939081192017,,,,,
2699,8,1.0851037502288818,,,,,
2749,8,1.0882561206817627,,,,,
2799,8,1.0058434009552002,,,,,
2816,8,,1.127076506614685,0.604200005531311,,,
2816,8,,,,0.620945394039154,0.5924749970436096,
2849,9,1.326255440711975,,,,,
2899,9,1.1464627981185913,,,,,
2949,9,1.2241851091384888,,,,,
2999,9,1.0084419250488281,,,,,
3049,9,0.9878364205360413,,,,,
3099,9,0.9848636984825134,,,,,
3129,9,,1.1422139406204224,0.6037999987602234,,,
3129,9,,,,0.6320213675498962,0.614549994468689,
3149,10,1.020346999168396,,,,,
3199,10,1.1475507020950317,,,,,
3249,10,1.0296937227249146,,,,,
3299,10,0.8899149894714355,,,,,
3349,10,1.1941814422607422,,,,,
3399,10,0.9737043976783752,,,,,
3442,10,,1.3419477939605713,0.5741999745368958,,,
3442,10,,,,0.6473496556282043,0.6288999915122986,
3449,11,1.1402934789657593,,,,,
3499,11,1.0355961322784424,,,,,
3549,11,1.0837286710739136,,,,,
3599,11,1.0689557790756226,,,,,
3649,11,1.0673491954803467,,,,,
3699,11,1.0651676654815674,,,,,
3749,11,0.9611813426017761,,,,,
3755,11,,1.018672227859497,0.646399974822998,,,
3755,11,,,,0.6630735993385315,0.6485000252723694,
3799,12,0.9926254749298096,,,,,
3849,12,0.9137041568756104,,,,,
3899,12,0.9123745560646057,,,,,
3949,12,1.052470088005066,,,,,
3999,12,0.9947572350502014,,,,,
4049,12,0.8107790350914001,,,,,
4068,12,,0.9459491968154907,0.6761000156402588,,,
4068,12,,,,0.6702927350997925,0.6631249785423279,
4099,13,0.8279892206192017,,,,,
4149,13,0.9888045787811279,,,,,
4199,13,1.0504698753356934,,,,,
4249,13,0.7435650825500488,,,,,
4299,13,0.8074442148208618,,,,,
4349,13,1.096051573753357,,,,,
4381,13,,0.8849888443946838,0.6934999823570251,,,
4381,13,,,,0.6894778609275818,0.6714249849319458,
4399,14,0.9399734139442444,,,,,
4449,14,0.7794244289398193,,,,,
4499,14,0.9621602296829224,,,,,
4549,14,0.8615998029708862,,,,,
4599,14,0.8510976433753967,,,,,
4649,14,1.1020100116729736,,,,,
4694,14,,0.9007704854011536,0.6916000247001648,,,
4694,14,,,,0.7016416192054749,0.6834750175476074,
4699,15,0.9851325750350952,,,,,
4749,15,0.9497231841087341,,,,,
4799,15,0.7377184629440308,,,,,
4849,15,0.8704325556755066,,,,,
4899,15,0.7766611576080322,,,,,
4949,15,0.9580494165420532,,,,,
4999,15,0.8477698564529419,,,,,
5007,15,,0.8889746069908142,0.6894999742507935,,,
5007,15,,,,0.6919501423835754,0.6897500157356262,
5049,16,0.8462590575218201,,,,,
5099,16,0.8636532425880432,,,,,
5149,16,0.7937474846839905,,,,,
5199,16,1.0694139003753662,,,,,
5249,16,0.9319702982902527,,,,,
5299,16,0.7765313386917114,,,,,
5320,16,,0.9115280508995056,0.6922000050544739,,,
5320,16,,,,0.7084652185440063,0.7031000256538391,
5349,17,0.8546105623245239,,,,,
5399,17,0.7957644462585449,,,,,
5449,17,0.7578848004341125,,,,,
5499,17,0.8046076893806458,,,,,
5549,17,0.8837626576423645,,,,,
5599,17,0.769093930721283,,,,,
5633,17,,0.817100465297699,0.7172999978065491,,,
5633,17,,,,0.7156843543052673,0.710349977016449,
5649,18,0.7503442764282227,,,,,
5699,18,0.8918513655662537,,,,,
5749,18,0.9091231226921082,,,,,
5799,18,0.8482731580734253,,,,,
5849,18,0.819667637348175,,,,,
5899,18,0.8038457632064819,,,,,
5946,18,,1.0158578157424927,0.6571000218391418,,,
5946,18,,,,0.6762262582778931,0.7119749784469604,
5949,19,0.9430201053619385,,,,,
5999,19,0.7689989805221558,,,,,
6049,19,0.9608502388000488,,,,,
6099,19,0.7434393167495728,,,,,
6149,19,0.8736509680747986,,,,,
6199,19,0.811869740486145,,,,,
6249,19,0.933170735836029,,,,,
6259,19,,0.9387608170509338,0.6787999868392944,,,
6259,19,,,,0.7177610993385315,0.7160000205039978,
6299,20,,,,,,1.5289300680160522
6349,20,,,,,,1.486890435218811
6399,20,,,,,,1.7181168794631958
6449,20,,,,,,1.541303277015686
6499,20,,,,,,1.8729491233825684
6549,20,,,,,,1.76021146774292
6572,20,,1.283135175704956,0.5745999813079834,,,
6572,20,1.2963446378707886,,,0.6881922483444214,0.6931260228157043,
6599,21,,,,,,1.761670470237732
6649,21,,,,,,1.4661097526550293
6699,21,,,,,,nan
6749,21,,,,,,nan
6799,21,,,,,,nan
6849,21,,,,,,nan
6890,21,,nan,0.10140000283718109,,,
6890,21,,,,0.1002769023180008,,
6899,22,,,,,,nan
6949,22,,,,,,nan
6999,22,,,,,,nan
7049,22,,,,,,nan
7099,22,,,,,,nan
7149,22,,,,,,nan
7199,22,,,,,,nan
7249,22,,,,,,nan
7299,22,,,,,,nan
7349,22,,,,,,nan
7399,22,,,,,,nan
7449,22,,,,,,nan
7452,22,,nan,0.10140000283718109,,,
7452,22,,,,0.1002769023180008,,
7499,23,,,,,,nan
7549,23,,,,,,nan
7599,23,,,,,,nan
7649,23,,,,,,nan
7699,23,,,,,,nan
7749,23,,,,,,nan
7799,23,,,,,,nan
7849,23,,,,,,nan
7899,23,,,,,,nan
7949,23,,,,,,nan
7999,23,,,,,,nan
8014,23,,nan,0.10140000283718109,,,
8014,23,,,,0.1002769023180008,,
8049,24,,,,,,nan
8099,24,,,,,,nan
8149,24,,,,,,nan
8199,24,,,,,,nan
8249,24,,,,,,nan
8299,24,,,,,,nan
8349,24,,,,,,nan
8399,24,,,,,,nan
8449,24,,,,,,nan
8499,24,,,,,,nan
8549,24,,,,,,nan
8576,24,,nan,0.10140000283718109,,,
8576,24,,,,0.1002769023180008,,
8599,25,,,,,,nan
8649,25,,,,,,nan
8699,25,,,,,,nan
8749,25,,,,,,nan
8799,25,,,,,,nan
8849,25,,,,,,nan
8899,25,,,,,,nan
8949,25,,,,,,nan
8999,25,,,,,,nan
9049,25,,,,,,nan
9099,25,,,,,,nan
9138,25,,nan,0.10140000283718109,,,
9138,25,,,,0.1002769023180008,,
9149,26,,,,,,nan
9199,26,,,,,,nan
9249,26,,,,,,nan
9299,26,,,,,,nan
9349,26,,,,,,nan
9399,26,,,,,,nan
9449,26,,,,,,nan
9499,26,,,,,,nan
9549,26,,,,,,nan
9599,26,,,,,,nan
9649,26,,,,,,nan
9699,26,,,,,,nan
9700,26,,nan,0.10140000283718109,,,
9700,26,,,,0.1002769023180008,,
9749,27,,,,,,nan
9799,27,,,,,,nan
9849,27,,,,,,nan
9899,27,,,,,,nan
9949,27,,,,,,nan
9999,27,,,,,,nan
10049,27,,,,,,nan
10099,27,,,,,,nan
10149,27,,,,,,nan
10199,27,,,,,,nan
10249,27,,,,,,nan
10262,27,,nan,0.10140000283718109,,,
10262,27,,,,0.1002769023180008,,
10299,28,,,,,,nan
10349,28,,,,,,nan
10399,28,,,,,,nan
10449,28,,,,,,nan
10499,28,,,,,,nan
10549,28,,,,,,nan
10599,28,,,,,,nan
10649,28,,,,,,nan
10699,28,,,,,,nan
10749,28,,,,,,nan
10799,28,,,,,,nan
10824,28,,nan,0.10140000283718109,,,
10824,28,,,,0.1002769023180008,,
10849,29,,,,,,nan
10899,29,,,,,,nan
10949,29,,,,,,nan
10999,29,,,,,,nan
11049,29,,,,,,nan
11099,29,,,,,,nan
11149,29,,,,,,nan
11199,29,,,,,,nan
11249,29,,,,,,nan
11299,29,,,,,,nan
11349,29,,,,,,nan
11386,29,,nan,0.10140000283718109,,,
11386,29,,,,0.1002769023180008,,
11399,30,,,,,,nan
11449,30,,,,,,nan
11499,30,,,,,,nan
11549,30,,,,,,nan
11599,30,,,,,,nan
11649,30,,,,,,nan
11699,30,,,,,,nan
11749,30,,,,,,nan
11799,30,,,,,,nan
11849,30,,,,,,nan
11899,30,,,,,,nan
11948,30,,nan,0.10140000283718109,,,
11948,30,,,,0.1002769023180008,,
11949,31,,,,,,nan
11999,31,,,,,,nan
12049,31,,,,,,nan
12099,31,,,,,,nan
12149,31,,,,,,nan
12199,31,,,,,,nan
12249,31,,,,,,nan
12299,31,,,,,,nan
12349,31,,,,,,nan
12399,31,,,,,,nan
12449,31,,,,,,nan
12499,31,,,,,,nan
12510,31,,nan,0.10140000283718109,,,
12510,31,,,,0.1002769023180008,,
12549,32,,,,,,nan
12599,32,,,,,,nan
12649,32,,,,,,nan
12699,32,,,,,,nan
12749,32,,,,,,nan
12799,32,,,,,,nan
12849,32,,,,,,nan
12899,32,,,,,,nan
12949,32,,,,,,nan
12999,32,,,,,,nan
13049,32,,,,,,nan
13072,32,,nan,0.10140000283718109,,,
13072,32,,,,0.1002769023180008,,
13099,33,,,,,,nan
13149,33,,,,,,nan
13199,33,,,,,,nan
13249,33,,,,,,nan
13299,33,,,,,,nan
13349,33,,,,,,nan
13399,33,,,,,,nan
13449,33,,,,,,nan
13499,33,,,,,,nan
13549,33,,,,,,nan
13599,33,,,,,,nan
13634,33,,nan,0.10140000283718109,,,
13634,33,,,,0.1002769023180008,,
13649,34,,,,,,nan
13699,34,,,,,,nan
13749,34,,,,,,nan
13799,34,,,,,,nan
13849,34,,,,,,nan
13899,34,,,,,,nan
13949,34,,,,,,nan
13999,34,,,,,,nan
14049,34,,,,,,nan
14099,34,,,,,,nan
14149,34,,,,,,nan
14196,34,,nan,0.10140000283718109,,,
14196,34,,,,0.1002769023180008,,
14199,35,,,,,,nan
14249,35,,,,,,nan
14299,35,,,,,,nan
14349,35,,,,,,nan
14399,35,,,,,,nan
14449,35,,,,,,nan
14499,35,,,,,,nan
14549,35,,,,,,nan
14599,35,,,,,,nan
14649,35,,,,,,nan
14699,35,,,,,,nan
14749,35,,,,,,nan
14758,35,,nan,0.10140000283718109,,,
14758,35,,,,0.1002769023180008,,
14799,36,,,,,,nan
14849,36,,,,,,nan
14899,36,,,,,,nan
14949,36,,,,,,nan
14999,36,,,,,,nan
15049,36,,,,,,nan
15099,36,,,,,,nan
15149,36,,,,,,nan
15199,36,,,,,,nan
15249,36,,,,,,nan
15299,36,,,,,,nan
15320,36,,nan,0.10140000283718109,,,
15320,36,,,,0.1002769023180008,,
15349,37,,,,,,nan
15399,37,,,,,,nan
15449,37,,,,,,nan
15499,37,,,,,,nan
15549,37,,,,,,nan
15599,37,,,,,,nan
15649,37,,,,,,nan
15699,37,,,,,,nan
15749,37,,,,,,nan
15799,37,,,,,,nan
15849,37,,,,,,nan
15882,37,,nan,0.10140000283718109,,,
15882,37,,,,0.1002769023180008,,
15899,38,,,,,,nan
15949,38,,,,,,nan
15999,38,,,,,,nan
16049,38,,,,,,nan
16099,38,,,,,,nan
16149,38,,,,,,nan
16199,38,,,,,,nan
16249,38,,,,,,nan
16299,38,,,,,,nan
16349,38,,,,,,nan
16399,38,,,,,,nan
16444,38,,nan,0.10140000283718109,,,
16444,38,,,,0.1002769023180008,,
16449,39,,,,,,nan
16499,39,,,,,,nan
16549,39,,,,,,nan
16599,39,,,,,,nan
16649,39,,,,,,nan
16699,39,,,,,,nan
16749,39,,,,,,nan
16799,39,,,,,,nan
16849,39,,,,,,nan
16899,39,,,,,,nan
16949,39,,,,,,nan
16999,39,,,,,,nan
17006,39,,nan,0.10140000283718109,,,
17006,39,,,,0.1002769023180008,,
17049,40,,,,,,nan
17099,40,,,,,,nan
17149,40,,,,,,nan
17199,40,,,,,,nan
17249,40,,,,,,nan
17299,40,,,,,,nan
17349,40,,,,,,nan
17399,40,,,,,,nan
17449,40,,,,,,nan
17499,40,,,,,,nan
17549,40,,,,,,nan
17568,40,,nan,0.10140000283718109,,,
17568,40,,,,0.1002769023180008,,
17599,41,,,,,,nan
17649,41,,,,,,nan
17699,41,,,,,,nan
17749,41,,,,,,nan
17799,41,,,,,,nan
17849,41,,,,,,nan
17899,41,,,,,,nan
17949,41,,,,,,nan
17999,41,,,,,,nan
18049,41,,,,,,nan
18099,41,,,,,,nan
18130,41,,nan,0.10140000283718109,,,
18130,41,,,,0.1002769023180008,,
18149,42,,,,,,nan
18199,42,,,,,,nan
18249,42,,,,,,nan
18299,42,,,,,,nan
18349,42,,,,,,nan
18399,42,,,,,,nan
18449,42,,,,,,nan
18499,42,,,,,,nan
18549,42,,,,,,nan
18599,42,,,,,,nan
18649,42,,,,,,nan
18692,42,,nan,0.10140000283718109,,,
18692,42,,,,0.1002769023180008,,
18699,43,,,,,,nan
18749,43,,,,,,nan
18799,43,,,,,,nan
18849,43,,,,,,nan
18899,43,,,,,,nan
18949,43,,,,,,nan
18999,43,,,,,,nan
19049,43,,,,,,nan
19099,43,,,,,,nan
19149,43,,,,,,nan
19199,43,,,,,,nan
19249,43,,,,,,nan
19254,43,,nan,0.10140000283718109,,,
19254,43,,,,0.1002769023180008,,
19299,44,,,,,,nan
19349,44,,,,,,nan
19399,44,,,,,,nan
19449,44,,,,,,nan
19499,44,,,,,,nan
19549,44,,,,,,nan
19599,44,,,,,,nan
19649,44,,,,,,nan
19699,44,,,,,,nan
19749,44,,,,,,nan
19799,44,,,,,,nan
19816,44,,nan,0.10140000283718109,,,
19816,44,,,,0.1002769023180008,,
19849,45,,,,,,nan
19899,45,,,,,,nan
19949,45,,,,,,nan
19999,45,,,,,,nan
20049,45,,,,,,nan
20099,45,,,,,,nan
20149,45,,,,,,nan
20199,45,,,,,,nan
20249,45,,,,,,nan
20299,45,,,,,,nan
20349,45,,,,,,nan
20378,45,,nan,0.10140000283718109,,,
20378,45,,,,0.1002769023180008,,
20399,46,,,,,,nan
20449,46,,,,,,nan
20499,46,,,,,,nan
20549,46,,,,,,nan
20599,46,,,,,,nan
20649,46,,,,,,nan
20699,46,,,,,,nan
20749,46,,,,,,nan
20799,46,,,,,,nan
20849,46,,,,,,nan
20899,46,,,,,,nan
20940,46,,nan,0.10140000283718109,,,
20940,46,,,,0.1002769023180008,,
20949,47,,,,,,nan
20999,47,,,,,,nan
21049,47,,,,,,nan
21099,47,,,,,,nan
21149,47,,,,,,nan
21199,47,,,,,,nan
21249,47,,,,,,nan
21299,47,,,,,,nan
21349,47,,,,,,nan
21399,47,,,,,,nan
21449,47,,,,,,nan
21499,47,,,,,,nan
21502,47,,nan,0.10140000283718109,,,
21502,47,,,,0.1002769023180008,,
21549,48,,,,,,nan
21599,48,,,,,,nan
21649,48,,,,,,nan
21699,48,,,,,,nan
21749,48,,,,,,nan
21799,48,,,,,,nan
21849,48,,,,,,nan
21899,48,,,,,,nan
21949,48,,,,,,nan
21999,48,,,,,,nan
22049,48,,,,,,nan
22064,48,,nan,0.10140000283718109,,,
22064,48,,,,0.1002769023180008,,
22099,49,,,,,,nan
22149,49,,,,,,nan
22199,49,,,,,,nan
22249,49,,,,,,nan
22299,49,,,,,,nan
22349,49,,,,,,nan
22399,49,,,,,,nan
22449,49,,,,,,nan
22499,49,,,,,,nan
22549,49,,,,,,nan
22599,49,,,,,,nan
22626,49,,nan,0.10140000283718109,,,
22626,49,,,,0.1002769023180008,,
22649,50,,,,,,nan
22699,50,,,,,,nan
22749,50,,,,,,nan
22799,50,,,,,,nan
22849,50,,,,,,nan
22899,50,,,,,,nan
22949,50,,,,,,nan
22999,50,,,,,,nan
23049,50,,,,,,nan
23099,50,,,,,,nan
23149,50,,,,,,nan
23188,50,,nan,0.10140000283718109,,,
23188,50,,,,0.1002769023180008,,
23199,51,,,,,,nan
23249,51,,,,,,nan
23299,51,,,,,,nan
23349,51,,,,,,nan
23399,51,,,,,,nan
23449,51,,,,,,nan
23499,51,,,,,,nan
23549,51,,,,,,nan
23599,51,,,,,,nan
23649,51,,,,,,nan
23699,51,,,,,,nan
23749,51,,,,,,nan
23750,51,,nan,0.10140000283718109,,,
23750,51,,,,0.1002769023180008,,
23799,52,,,,,,nan
23849,52,,,,,,nan
23899,52,,,,,,nan
23949,52,,,,,,nan
23999,52,,,,,,nan
24049,52,,,,,,nan
24099,52,,,,,,nan
24149,52,,,,,,nan
24199,52,,,,,,nan
24249,52,,,,,,nan
24299,52,,,,,,nan
24312,52,,nan,0.10140000283718109,,,
24312,52,,,,0.1002769023180008,,
24349,53,,,,,,nan
24399,53,,,,,,nan
24449,53,,,,,,nan
24499,53,,,,,,nan
24549,53,,,,,,nan
24599,53,,,,,,nan
24649,53,,,,,,nan
24699,53,,,,,,nan
24749,53,,,,,,nan
24799,53,,,,,,nan
24849,53,,,,,,nan
24874,53,,nan,0.10140000283718109,,,
24874,53,,,,0.1002769023180008,,
24899,54,,,,,,nan
24949,54,,,,,,nan
24999,54,,,,,,nan
25049,54,,,,,,nan
25099,54,,,,,,nan
25149,54,,,,,,nan
25199,54,,,,,,nan
25249,54,,,,,,nan
25299,54,,,,,,nan
25349,54,,,,,,nan
25399,54,,,,,,nan
25436,54,,nan,0.10140000283718109,,,
25436,54,,,,0.1002769023180008,,
25449,55,,,,,,nan
25499,55,,,,,,nan
25549,55,,,,,,nan
25599,55,,,,,,nan
25649,55,,,,,,nan
25699,55,,,,,,nan
25749,55,,,,,,nan
25799,55,,,,,,nan
25849,55,,,,,,nan
25899,55,,,,,,nan
25949,55,,,,,,nan
25998,55,,nan,0.10140000283718109,,,
25998,55,,,,0.1002769023180008,,
25999,56,,,,,,nan
26049,56,,,,,,nan
26099,56,,,,,,nan
26149,56,,,,,,nan
26199,56,,,,,,nan
26249,56,,,,,,nan
26299,56,,,,,,nan
26349,56,,,,,,nan
26399,56,,,,,,nan
26449,56,,,,,,nan
26499,56,,,,,,nan
26549,56,,,,,,nan
26560,56,,nan,0.10140000283718109,,,
26560,56,,,,0.1002769023180008,,
26599,57,,,,,,nan
26649,57,,,,,,nan
26699,57,,,,,,nan
26749,57,,,,,,nan
26799,57,,,,,,nan
26849,57,,,,,,nan
26899,57,,,,,,nan
26949,57,,,,,,nan
26999,57,,,,,,nan
27049,57,,,,,,nan
27099,57,,,,,,nan
27122,57,,nan,0.10140000283718109,,,
27122,57,,,,0.1002769023180008,,
27149,58,,,,,,nan
27199,58,,,,,,nan
27249,58,,,,,,nan
27299,58,,,,,,nan
27349,58,,,,,,nan
27399,58,,,,,,nan
27449,58,,,,,,nan
27499,58,,,,,,nan
27549,58,,,,,,nan
27599,58,,,,,,nan
27649,58,,,,,,nan
27684,58,,nan,0.10140000283718109,,,
27684,58,,,,0.1002769023180008,,
27699,59,,,,,,nan
27749,59,,,,,,nan
27799,59,,,,,,nan
27849,59,,,,,,nan
27899,59,,,,,,nan
27949,59,,,,,,nan
27999,59,,,,,,nan
28049,59,,,,,,nan
28099,59,,,,,,nan
28149,59,,,,,,nan
28199,59,,,,,,nan
28246,59,,nan,0.10140000283718109,,,
28246,59,,,,0.1002769023180008,,
28249,60,,,,,,nan
28299,60,,,,,,nan
28349,60,,,,,,nan
28399,60,,,,,,nan
28449,60,,,,,,nan
28499,60,,,,,,nan
28549,60,,,,,,nan
28599,60,,,,,,nan
28649,60,,,,,,nan
28699,60,,,,,,nan
28749,60,,,,,,nan
28799,60,,,,,,nan
28808,60,,nan,0.10140000283718109,,,
28808,60,,,,0.1002769023180008,,
28849,61,,,,,,nan
28899,61,,,,,,nan
28949,61,,,,,,nan
28999,61,,,,,,nan
29049,61,,,,,,nan
29099,61,,,,,,nan
29149,61,,,,,,nan
29199,61,,,,,,nan
29249,61,,,,,,nan
29299,61,,,,,,nan
29349,61,,,,,,nan
29370,61,,nan,0.10140000283718109,,,
29370,61,,,,0.1002769023180008,,
29399,62,,,,,,nan
29449,62,,,,,,nan
29499,62,,,,,,nan
29549,62,,,,,,nan
29599,62,,,,,,nan
29649,62,,,,,,nan
29699,62,,,,,,nan
29749,62,,,,,,nan
29799,62,,,,,,nan
29849,62,,,,,,nan
29899,62,,,,,,nan
29932,62,,nan,0.10140000283718109,,,
29932,62,,,,0.1002769023180008,,
29949,63,,,,,,nan
29999,63,,,,,,nan
30049,63,,,,,,nan
30099,63,,,,,,nan
30149,63,,,,,,nan
30199,63,,,,,,nan
30249,63,,,,,,nan
30299,63,,,,,,nan
30349,63,,,,,,nan
30399,63,,,,,,nan
30449,63,,,,,,nan
30494,63,,nan,0.10140000283718109,,,
30494,63,,,,0.1002769023180008,,
30499,64,,,,,,nan
30549,64,,,,,,nan
30599,64,,,,,,nan
30649,64,,,,,,nan
30699,64,,,,,,nan
30749,64,,,,,,nan
30799,64,,,,,,nan
30849,64,,,,,,nan
30899,64,,,,,,nan
30949,64,,,,,,nan
30999,64,,,,,,nan
31049,64,,,,,,nan
31056,64,,nan,0.10140000283718109,,,
31056,64,,,,0.1002769023180008,,
31099,65,,,,,,nan
31149,65,,,,,,nan
31199,65,,,,,,nan
31249,65,,,,,,nan
31299,65,,,,,,nan
31349,65,,,,,,nan
31399,65,,,,,,nan
31449,65,,,,,,nan
31499,65,,,,,,nan
31549,65,,,,,,nan
31599,65,,,,,,nan
31618,65,,nan,0.10140000283718109,,,
31618,65,,,,0.1002769023180008,,
31649,66,,,,,,nan
31699,66,,,,,,nan
31749,66,,,,,,nan
31799,66,,,,,,nan
31849,66,,,,,,nan
31899,66,,,,,,nan
31949,66,,,,,,nan
31999,66,,,,,,nan
32049,66,,,,,,nan
32099,66,,,,,,nan
32149,66,,,,,,nan
32180,66,,nan,0.10140000283718109,,,
32180,66,,,,0.1002769023180008,,
32199,67,,,,,,nan
32249,67,,,,,,nan
32299,67,,,,,,nan
32349,67,,,,,,nan
32399,67,,,,,,nan
32449,67,,,,,,nan
32499,67,,,,,,nan
32549,67,,,,,,nan
32599,67,,,,,,nan
32649,67,,,,,,nan
32699,67,,,,,,nan
32742,67,,nan,0.10140000283718109,,,
32742,67,,,,0.1002769023180008,,
32749,68,,,,,,nan
32799,68,,,,,,nan
32849,68,,,,,,nan
32899,68,,,,,,nan
32949,68,,,,,,nan
32999,68,,,,,,nan
33049,68,,,,,,nan
33099,68,,,,,,nan
33149,68,,,,,,nan
33199,68,,,,,,nan
33249,68,,,,,,nan
33299,68,,,,,,nan
33304,68,,nan,0.10140000283718109,,,
33304,68,,,,0.1002769023180008,,
33349,69,,,,,,nan
33399,69,,,,,,nan
33449,69,,,,,,nan
33499,69,,,,,,nan
33549,69,,,,,,nan
33599,69,,,,,,nan
33649,69,,,,,,nan
33699,69,,,,,,nan
33749,69,,,,,,nan
33799,69,,,,,,nan
33849,69,,,,,,nan
33866,69,,nan,0.10140000283718109,,,
33866,69,,,,0.1002769023180008,,
33899,70,,,,,,nan
33949,70,,,,,,nan
33999,70,,,,,,nan
34049,70,,,,,,nan
34099,70,,,,,,nan
34149,70,,,,,,nan
34199,70,,,,,,nan
34249,70,,,,,,nan
34299,70,,,,,,nan
34349,70,,,,,,nan
34399,70,,,,,,nan
34428,70,,nan,0.10140000283718109,,,
34428,70,,,,0.1002769023180008,,
34449,71,,,,,,nan
34499,71,,,,,,nan
34549,71,,,,,,nan
34599,71,,,,,,nan
34649,71,,,,,,nan
34699,71,,,,,,nan
34749,71,,,,,,nan
34799,71,,,,,,nan
34849,71,,,,,,nan
34899,71,,,,,,nan
34949,71,,,,,,nan
34990,71,,nan,0.10140000283718109,,,
34990,71,,,,0.1002769023180008,,
34999,72,,,,,,nan
35049,72,,,,,,nan
35099,72,,,,,,nan
35149,72,,,,,,nan
35199,72,,,,,,nan
35249,72,,,,,,nan
35299,72,,,,,,nan
35349,72,,,,,,nan
35399,72,,,,,,nan
35449,72,,,,,,nan
35499,72,,,,,,nan
35549,72,,,,,,nan
35552,72,,nan,0.10140000283718109,,,
35552,72,,,,0.1002769023180008,,
35599,73,,,,,,nan
35649,73,,,,,,nan
35699,73,,,,,,nan
35749,73,,,,,,nan
35799,73,,,,,,nan
35849,73,,,,,,nan
35899,73,,,,,,nan
35949,73,,,,,,nan
35999,73,,,,,,nan
36049,73,,,,,,nan
36099,73,,,,,,nan
36114,73,,nan,0.10140000283718109,,,
36114,73,,,,0.1002769023180008,,
36149,74,,,,,,nan
36199,74,,,,,,nan
36249,74,,,,,,nan
36299,74,,,,,,nan
36349,74,,,,,,nan
36399,74,,,,,,nan
36449,74,,,,,,nan
36499,74,,,,,,nan
36549,74,,,,,,nan
36599,74,,,,,,nan
36649,74,,,,,,nan
36676,74,,nan,0.10140000283718109,,,
36676,74,,,,0.1002769023180008,,
36699,75,,,,,,nan
36749,75,,,,,,nan
36799,75,,,,,,nan
36849,75,,,,,,nan
36899,75,,,,,,nan
36949,75,,,,,,nan
36999,75,,,,,,nan
37049,75,,,,,,nan
37099,75,,,,,,nan
37149,75,,,,,,nan
37199,75,,,,,,nan
37238,75,,nan,0.10140000283718109,,,
37238,75,,,,0.1002769023180008,,
37249,76,,,,,,nan
37299,76,,,,,,nan
37349,76,,,,,,nan
37399,76,,,,,,nan
37449,76,,,,,,nan
37499,76,,,,,,nan
37549,76,,,,,,nan
37599,76,,,,,,nan
37649,76,,,,,,nan
37699,76,,,,,,nan
37749,76,,,,,,nan
37799,76,,,,,,nan
37800,76,,nan,0.10140000283718109,,,
37800,76,,,,0.1002769023180008,,
37849,77,,,,,,nan
37899,77,,,,,,nan
37949,77,,,,,,nan
37999,77,,,,,,nan
38049,77,,,,,,nan
38099,77,,,,,,nan
38149,77,,,,,,nan
38199,77,,,,,,nan
38249,77,,,,,,nan
38299,77,,,,,,nan
38349,77,,,,,,nan
38362,77,,nan,0.10140000283718109,,,
38362,77,,,,0.1002769023180008,,
38399,78,,,,,,nan
38449,78,,,,,,nan
38499,78,,,,,,nan
38549,78,,,,,,nan
38599,78,,,,,,nan
38649,78,,,,,,nan
38699,78,,,,,,nan
38749,78,,,,,,nan
38799,78,,,,,,nan
38849,78,,,,,,nan
38899,78,,,,,,nan
38924,78,,nan,0.10140000283718109,,,
38924,78,,,,0.1002769023180008,,
38949,79,,,,,,nan
38999,79,,,,,,nan
39049,79,,,,,,nan
39099,79,,,,,,nan
39149,79,,,,,,nan
39199,79,,,,,,nan
39249,79,,,,,,nan
39299,79,,,,,,nan
39349,79,,,,,,nan
39399,79,,,,,,nan
39449,79,,,,,,nan
39486,79,,nan,0.10140000283718109,,,
39486,79,,,,0.1002769023180008,,
39499,80,,,,,,nan
39549,80,,,,,,nan
39599,80,,,,,,nan
39649,80,,,,,,nan
39699,80,,,,,,nan
39749,80,,,,,,nan
39799,80,,,,,,nan
39849,80,,,,,,nan
39899,80,,,,,,nan
39949,80,,,,,,nan
39999,80,,,,,,nan
40048,80,,nan,0.10140000283718109,,,
40048,80,,,,0.1002769023180008,,
40049,81,,,,,,nan
40099,81,,,,,,nan
40149,81,,,,,,nan
40199,81,,,,,,nan
40249,81,,,,,,nan
40299,81,,,,,,nan
40349,81,,,,,,nan
40399,81,,,,,,nan
40449,81,,,,,,nan
40499,81,,,,,,nan
40549,81,,,,,,nan
40599,81,,,,,,nan
40610,81,,nan,0.10140000283718109,,,
40610,81,,,,0.1002769023180008,,
40649,82,,,,,,nan
40699,82,,,,,,nan
40749,82,,,,,,nan
40799,82,,,,,,nan
40849,82,,,,,,nan
40899,82,,,,,,nan
40949,82,,,,,,nan
40999,82,,,,,,nan
41049,82,,,,,,nan
41099,82,,,,,,nan
41149,82,,,,,,nan
41172,82,,nan,0.10140000283718109,,,
41172,82,,,,0.1002769023180008,,
41199,83,,,,,,nan
41249,83,,,,,,nan
41299,83,,,,,,nan
41349,83,,,,,,nan
41399,83,,,,,,nan
41449,83,,,,,,nan
41499,83,,,,,,nan
41549,83,,,,,,nan
41599,83,,,,,,nan
41649,83,,,,,,nan
41699,83,,,,,,nan
41734,83,,nan,0.10140000283718109,,,
41734,83,,,,0.1002769023180008,,
41749,84,,,,,,nan
41799,84,,,,,,nan
41849,84,,,,,,nan
41899,84,,,,,,nan
41949,84,,,,,,nan
41999,84,,,,,,nan
42049,84,,,,,,nan
42099,84,,,,,,nan
42149,84,,,,,,nan
42199,84,,,,,,nan
42249,84,,,,,,nan
42296,84,,nan,0.10140000283718109,,,
42296,84,,,,0.1002769023180008,,
42299,85,,,,,,nan
42349,85,,,,,,nan
42399,85,,,,,,nan
42449,85,,,,,,nan
42499,85,,,,,,nan
42549,85,,,,,,nan
42599,85,,,,,,nan
42649,85,,,,,,nan
42699,85,,,,,,nan
42749,85,,,,,,nan
42799,85,,,,,,nan
42849,85,,,,,,nan
42858,85,,nan,0.10140000283718109,,,
42858,85,,,,0.1002769023180008,,
42899,86,,,,,,nan
42949,86,,,,,,nan
42999,86,,,,,,nan
43049,86,,,,,,nan
43099,86,,,,,,nan
43149,86,,,,,,nan
43199,86,,,,,,nan
43249,86,,,,,,nan
43299,86,,,,,,nan
43349,86,,,,,,nan
43399,86,,,,,,nan
43420,86,,nan,0.10140000283718109,,,
43420,86,,,,0.1002769023180008,,
43449,87,,,,,,nan
43499,87,,,,,,nan
43549,87,,,,,,nan
43599,87,,,,,,nan
43649,87,,,,,,nan
43699,87,,,,,,nan
43749,87,,,,,,nan
43799,87,,,,,,nan
43849,87,,,,,,nan
43899,87,,,,,,nan
43949,87,,,,,,nan
43982,87,,nan,0.10140000283718109,,,
43982,87,,,,0.1002769023180008,,
43999,88,,,,,,nan
44049,88,,,,,,nan
44099,88,,,,,,nan
44149,88,,,,,,nan
44199,88,,,,,,nan
44249,88,,,,,,nan
44299,88,,,,,,nan
44349,88,,,,,,nan
44399,88,,,,,,nan
44449,88,,,,,,nan
44499,88,,,,,,nan
44544,88,,nan,0.10140000283718109,,,
44544,88,,,,0.1002769023180008,,
44549,89,,,,,,nan
44599,89,,,,,,nan
44649,89,,,,,,nan
44699,89,,,,,,nan
44749,89,,,,,,nan
44799,89,,,,,,nan
44849,89,,,,,,nan
44899,89,,,,,,nan
44949,89,,,,,,nan
44999,89,,,,,,nan
45049,89,,,,,,nan
45099,89,,,,,,nan
45106,89,,nan,0.10140000283718109,,,
45106,89,,,,0.1002769023180008,,
45149,90,,,,,,nan
45199,90,,,,,,nan
45249,90,,,,,,nan
45299,90,,,,,,nan
45349,90,,,,,,nan
45399,90,,,,,,nan
45449,90,,,,,,nan
45499,90,,,,,,nan
45549,90,,,,,,nan
45599,90,,,,,,nan
45649,90,,,,,,nan
45668,90,,nan,0.10140000283718109,,,
45668,90,,,,0.1002769023180008,,
45699,91,,,,,,nan
45749,91,,,,,,nan
45799,91,,,,,,nan
45849,91,,,,,,nan
45899,91,,,,,,nan
45949,91,,,,,,nan
45999,91,,,,,,nan
46049,91,,,,,,nan
46099,91,,,,,,nan
46149,91,,,,,,nan
46199,91,,,,,,nan
46230,91,,nan,0.10140000283718109,,,
46230,91,,,,0.1002769023180008,,
46249,92,,,,,,nan
46299,92,,,,,,nan
46349,92,,,,,,nan
46399,92,,,,,,nan
46449,92,,,,,,nan
46499,92,,,,,,nan
46549,92,,,,,,nan
46599,92,,,,,,nan
46649,92,,,,,,nan
46699,92,,,,,,nan
46749,92,,,,,,nan
46792,92,,nan,0.10140000283718109,,,
46792,92,,,,0.1002769023180008,,
46799,93,,,,,,nan
46849,93,,,,,,nan
46899,93,,,,,,nan
46949,93,,,,,,nan
46999,93,,,,,,nan
47049,93,,,,,,nan
47099,93,,,,,,nan
47149,93,,,,,,nan
47199,93,,,,,,nan
47249,93,,,,,,nan
47299,93,,,,,,nan
47349,93,,,,,,nan
47354,93,,nan,0.10140000283718109,,,
47354,93,,,,0.1002769023180008,,
47399,94,,,,,,nan
47449,94,,,,,,nan
47499,94,,,,,,nan
47549,94,,,,,,nan
47599,94,,,,,,nan
47649,94,,,,,,nan
47699,94,,,,,,nan
47749,94,,,,,,nan
47799,94,,,,,,nan
47849,94,,,,,,nan
47899,94,,,,,,nan
47916,94,,nan,0.10140000283718109,,,
47916,94,,,,0.1002769023180008,,
47949,95,,,,,,nan
47999,95,,,,,,nan
48049,95,,,,,,nan
48099,95,,,,,,nan
48149,95,,,,,,nan
48199,95,,,,,,nan
48249,95,,,,,,nan
48299,95,,,,,,nan
48349,95,,,,,,nan
48399,95,,,,,,nan
48449,95,,,,,,nan
48478,95,,nan,0.10140000283718109,,,
48478,95,,,,0.1002769023180008,,
48499,96,,,,,,nan
48549,96,,,,,,nan
48599,96,,,,,,nan
48649,96,,,,,,nan
48699,96,,,,,,nan
48749,96,,,,,,nan
48799,96,,,,,,nan
48849,96,,,,,,nan
48899,96,,,,,,nan
48949,96,,,,,,nan
48999,96,,,,,,nan
49040,96,,nan,0.10140000283718109,,,
49040,96,,,,0.1002769023180008,,
49049,97,,,,,,nan
49099,97,,,,,,nan
49149,97,,,,,,nan
49199,97,,,,,,nan
49249,97,,,,,,nan
49299,97,,,,,,nan
49349,97,,,,,,nan
49399,97,,,,,,nan
49449,97,,,,,,nan
49499,97,,,,,,nan
49549,97,,,,,,nan
49599,97,,,,,,nan
49602,97,,nan,0.10140000283718109,,,
49602,97,,,,0.1002769023180008,,
49649,98,,,,,,nan
49699,98,,,,,,nan
49749,98,,,,,,nan
49799,98,,,,,,nan
49849,98,,,,,,nan
49899,98,,,,,,nan
49949,98,,,,,,nan
49999,98,,,,,,nan
50049,98,,,,,,nan
50099,98,,,,,,nan
50149,98,,,,,,nan
50164,98,,nan,0.10140000283718109,,,
50164,98,,,,0.1002769023180008,,
50199,99,,,,,,nan
50249,99,,,,,,nan
50299,99,,,,,,nan
50349,99,,,,,,nan
50399,99,,,,,,nan
50449,99,,,,,,nan
50499,99,,,,,,nan
50549,99,,,,,,nan
50599,99,,,,,,nan
50649,99,,,,,,nan
50699,99,,,,,,nan
50726,99,,nan,0.10140000283718109,,,
50726,99,,,,0.1002769023180008,,
