step,train_loss,epoch,val_acc,val_loss,train_acc,test_acc
49,3.8828928470611572,0,,,,
99,4.100493907928467,0,,,,
149,3.9448282718658447,0,,,,
199,3.7173712253570557,0,,,,
249,3.6670010089874268,0,,,,
299,3.244602680206299,0,,,,
311,,0,0.3693999946117401,1.785462498664856,,
311,,0,,,0.2600160241127014,0.4090999960899353
349,3.278703451156616,1,,,,
399,3.3302438259124756,1,,,,
449,3.3575494289398193,1,,,,
499,3.4090166091918945,1,,,,
549,3.127042293548584,1,,,,
599,3.0314266681671143,1,,,,
623,,1,0.4645000100135803,1.5397186279296875,,
623,,1,,,0.37371042370796204,0.5109999775886536
649,3.075265884399414,2,,,,
699,3.3577427864074707,2,,,,
749,2.728518009185791,2,,,,
799,2.831303596496582,2,,,,
849,2.619248151779175,2,,,,
899,2.7399213314056396,2,,,,
935,,2,0.43549999594688416,1.631711483001709,,
935,,2,,,0.4444611370563507,0.4837000072002411
949,2.611704111099243,3,,,,
999,2.5419723987579346,3,,,,
1049,2.607799530029297,3,,,,
1099,2.7086455821990967,3,,,,
1149,2.6402230262756348,3,,,,
1199,2.4585165977478027,3,,,,
1247,,3,0.5730000138282776,1.3161128759384155,,
1247,,3,,,0.5097781419754028,0.6420000195503235
1249,2.5026166439056396,4,,,,
1299,2.255282402038574,4,,,,
1349,2.652453660964966,4,,,,
1399,2.0509586334228516,4,,,,
1449,2.193909168243408,4,,,,
1499,2.5125465393066406,4,,,,
1549,2.3849844932556152,4,,,,
1559,,4,0.6119999885559082,1.220874309539795,,
1559,,4,,,0.5561773777008057,0.6837999820709229
1599,2.4712746143341064,5,,,,
1649,2.557664155960083,5,,,,
1699,2.3433141708374023,5,,,,
1749,2.15504789352417,5,,,,
1799,2.3119633197784424,5,,,,
1849,1.8858985900878906,5,,,,
1871,,5,0.6316999793052673,1.187091588973999,,
1871,,5,,,0.593825101852417,0.7107999920845032
1899,1.9903538227081299,6,,,,
1949,1.867565393447876,6,,,,
1999,2.2436697483062744,6,,,,
2049,2.3763725757598877,6,,,,
2099,2.0468368530273438,6,,,,
2149,2.267345666885376,6,,,,
2183,,6,0.6585000157356262,1.1212862730026245,,
2183,,6,,,0.6174003481864929,0.748199999332428
2199,2.0265560150146484,7,,,,
2249,2.0750041007995605,7,,,,
2299,2.1729087829589844,7,,,,
2349,2.2221922874450684,7,,,,
2399,1.8964018821716309,7,,,,
2449,2.09513521194458,7,,,,
2495,,7,0.6861000061035156,1.0912864208221436,,
2495,,7,,,0.6311973929405212,0.7802000045776367
2499,1.814956784248352,8,,,,
2549,1.877819538116455,8,,,,
2599,1.891516923904419,8,,,,
2649,1.7886701822280884,8,,,,
2699,1.9926726818084717,8,,,,
2749,1.9006538391113281,8,,,,
2799,1.7853825092315674,8,,,,
2807,,8,0.6905999779701233,1.1221245527267456,,
2807,,8,,,0.6336638331413269,0.7781999707221985
2849,1.8821545839309692,9,,,,
2899,1.75111722946167,9,,,,
2949,2.1205034255981445,9,,,,
2999,1.8477888107299805,9,,,,
3049,1.7660903930664062,9,,,,
3099,1.3963087797164917,9,,,,
3119,,9,0.6880999803543091,1.1370463371276855,,
3119,,9,,,0.652418851852417,0.7860000133514404
3149,1.9849820137023926,10,,,,
3199,1.7599259614944458,10,,,,
3249,1.8086957931518555,10,,,,
3299,1.653856873512268,10,,,,
3349,1.542326807975769,10,,,,
3399,1.560225248336792,10,,,,
3431,,10,0.690500020980835,1.2047667503356934,,
3431,,10,,,0.6659154891967773,0.78329998254776
3449,1.5337125062942505,11,,,,
3499,1.5998501777648926,11,,,,
3549,1.8482046127319336,11,,,,
3599,1.3961513042449951,11,,,,
3649,1.5174192190170288,11,,,,
3699,1.6443207263946533,11,,,,
3743,,11,0.6891000270843506,1.2244220972061157,,
3743,,11,,,0.6754432320594788,0.7731000185012817
3749,1.5526280403137207,12,,,,
3799,1.3467581272125244,12,,,,
3849,1.6115329265594482,12,,,,
3899,1.4746192693710327,12,,,,
3949,1.7340037822723389,12,,,,
3999,1.354722261428833,12,,,,
4049,1.5546791553497314,12,,,,
4055,,12,0.7260000109672546,1.1278762817382812,,
4055,,12,,,0.6815279722213745,0.8223000168800354
4099,1.3286547660827637,13,,,,
4149,1.4538954496383667,13,,,,
4199,1.3333135843276978,13,,,,
4249,1.5770800113677979,13,,,,
4299,1.5922297239303589,13,,,,
4349,1.42609441280365,13,,,,
4367,,13,0.70169997215271,1.2907606363296509,,
4367,,13,,,0.6911182999610901,0.7990999817848206
4399,1.5302979946136475,14,,,,
4449,1.7639994621276855,14,,,,
4499,1.4307624101638794,14,,,,
4549,1.6442811489105225,14,,,,
4599,1.457137107849121,14,,,,
4649,1.2284574508666992,14,,,,
4679,,14,0.7329000234603882,1.1657382249832153,,
4679,,14,,,0.6975911259651184,0.8370000123977661
4699,1.5493577718734741,15,,,,
4749,1.3402541875839233,15,,,,
4799,1.3322125673294067,15,,,,
4849,1.379565715789795,15,,,,
4899,1.4248642921447754,15,,,,
4949,1.4148775339126587,15,,,,
4991,,15,0.6899999976158142,1.3648681640625,,
4991,,15,,,0.7021108865737915,0.7939000129699707
4999,1.1573907136917114,16,,,,
5049,1.4979099035263062,16,,,,
5099,1.383567452430725,16,,,,
5149,1.1883249282836914,16,,,,
5199,1.4030307531356812,16,,,,
5249,1.3664120435714722,16,,,,
5299,1.245539665222168,16,,,,
5303,,16,0.7315000295639038,1.314937949180603,,
5303,,16,,,0.7067683339118958,0.8346999883651733
5349,1.3757221698760986,17,,,,
5399,1.2473022937774658,17,,,,
5449,1.3604586124420166,17,,,,
5499,1.2425994873046875,17,,,,
5549,1.2766492366790771,17,,,,
5599,1.3453013896942139,17,,,,
5615,,17,0.7384999990463257,1.288732647895813,,
5615,,17,,,0.7121394276618958,0.845300018787384
5649,1.2103190422058105,18,,,,
5699,1.1790895462036133,18,,,,
5749,1.3589813709259033,18,,,,
5799,1.3192375898361206,18,,,,
5849,1.2864162921905518,18,,,,
5899,1.1334190368652344,18,,,,
5927,,18,0.7444000244140625,1.3313521146774292,,
5927,,18,,,0.7150941491127014,0.8518000245094299
5949,1.2317254543304443,19,,,,
5999,1.0968632698059082,19,,,,
6049,1.1027647256851196,19,,,,
6099,1.1824629306793213,19,,,,
6149,1.1493945121765137,19,,,,
6199,1.4133208990097046,19,,,,
6239,,19,0.7350999712944031,1.3887630701065063,,
6239,,19,,,0.7197390794754028,0.8435999751091003
6249,1.1783533096313477,20,,,,
6299,1.2071967124938965,20,,,,
6349,1.288447618484497,20,,,,
6399,1.2523527145385742,20,,,,
6449,1.1064493656158447,20,,,,
6499,1.1585381031036377,20,,,,
6549,1.0775705575942993,20,,,,
6551,,20,0.7501999735832214,1.3840901851654053,,
6551,,20,,,0.723557710647583,0.8629999756813049
6599,1.237749457359314,21,,,,
6649,1.0822100639343262,21,,,,
6699,1.256181001663208,21,,,,
6749,1.1911474466323853,21,,,,
6799,1.0850632190704346,21,,,,
6849,1.1710013151168823,21,,,,
6863,,21,0.7473999857902527,1.3723071813583374,,
6863,,21,,,0.7260992527008057,0.8569999933242798
6899,1.242372751235962,22,,,,
6949,0.9603928327560425,22,,,,
6999,1.2082077264785767,22,,,,
7049,1.093214750289917,22,,,,
7099,1.3268601894378662,22,,,,
7149,0.9899063110351562,22,,,,
7175,,22,0.7231000065803528,1.5426770448684692,,
7175,,22,,,0.7295297384262085,0.8256000280380249
7199,1.125820279121399,23,,,,
7249,1.0260967016220093,23,,,,
7299,1.3246757984161377,23,,,,
7349,0.9933043122291565,23,,,,
7399,1.2361674308776855,23,,,,
7449,1.0902392864227295,23,,,,
7487,,23,0.742900013923645,1.6021884679794312,,
7487,,23,,,0.7300180196762085,0.8483999967575073
7499,0.9132853746414185,24,,,,
7549,1.2182228565216064,24,,,,
7599,0.8792157173156738,24,,,,
7649,1.1353545188903809,24,,,,
7699,0.9789724349975586,24,,,,
7749,0.8885084986686707,24,,,,
7799,0.9913891553878784,24,,,,
7799,,24,0.7572000026702881,1.4559924602508545,,
7799,,24,,,0.7338992357254028,0.8682000041007996
7849,0.9939334988594055,25,,,,
7899,1.1440849304199219,25,,,,
7949,1.1164591312408447,25,,,,
7999,0.8889139890670776,25,,,,
8049,1.0873783826828003,25,,,,
8099,0.8511683940887451,25,,,,
8111,,25,0.7307999730110168,1.6440439224243164,,
8111,,25,,,0.7359274625778198,0.8334000110626221
8149,1.0228577852249146,26,,,,
8199,0.8996914625167847,26,,,,
8249,1.0521858930587769,26,,,,
8299,1.0581505298614502,26,,,,
8349,1.2138999700546265,26,,,,
8399,1.1966956853866577,26,,,,
8423,,26,0.758899986743927,1.5368387699127197,,
8423,,26,,,0.7370542883872986,0.866599977016449
8449,0.8830393552780151,27,,,,
8499,1.0030741691589355,27,,,,
8549,1.1335675716400146,27,,,,
8599,1.1411198377609253,27,,,,
8649,0.8614034652709961,27,,,,
8699,0.892834484577179,27,,,,
8735,,27,0.7599999904632568,1.601730227470398,,
8735,,27,,,0.740309476852417,0.8705999851226807
8749,1.0988714694976807,28,,,,
8799,0.8933360576629639,28,,,,
8849,1.2426433563232422,28,,,,
8899,1.0795142650604248,28,,,,
8949,0.9589021801948547,28,,,,
8999,1.1363029479980469,28,,,,
9047,,28,0.7670999765396118,1.6071453094482422,,
9047,,28,,,0.7427258491516113,0.8791000247001648
9049,0.9776746034622192,29,,,,
9099,0.9481397867202759,29,,,,
9149,0.90993332862854,29,,,,
9199,0.9362738132476807,29,,,,
9249,1.1493935585021973,29,,,,
9299,1.043366551399231,29,,,,
9349,1.1810569763183594,29,,,,
9359,,29,0.7432000041007996,1.6931982040405273,,
9359,,29,,,0.7450170516967773,0.8508999943733215
9399,1.0928969383239746,30,,,,
9449,1.036030888557434,30,,,,
9499,1.0523896217346191,30,,,,
9549,1.0329471826553345,30,,,,
9599,1.1208606958389282,30,,,,
9649,1.0481834411621094,30,,,,
9671,,30,0.7544000148773193,1.6644201278686523,,
9671,,30,,,0.7468574643135071,0.8661999702453613
9699,1.0346020460128784,31,,,,
9749,1.1075462102890015,31,,,,
9799,0.8697565793991089,31,,,,
9849,1.0044281482696533,31,,,,
9899,1.124944806098938,31,,,,
9949,0.9765251874923706,31,,,,
9983,,31,0.7688999772071838,1.6260511875152588,,
9983,,31,,,0.7457181215286255,0.8892999887466431
9999,1.055065393447876,32,,,,
10049,1.0011695623397827,32,,,,
10099,1.0308685302734375,32,,,,
10149,0.7939937114715576,32,,,,
10199,1.0696156024932861,32,,,,
10249,0.9459066390991211,32,,,,
10295,,32,0.7430999875068665,1.6089268922805786,,
10295,,32,,,0.7466446161270142,0.8536999821662903
10299,1.0430737733840942,33,,,,
10349,0.9547197222709656,33,,,,
10399,0.991890549659729,33,,,,
10449,1.253540277481079,33,,,,
10499,1.0886198282241821,33,,,,
10549,0.9401320219039917,33,,,,
10599,1.0179905891418457,33,,,,
10607,,33,0.7660999894142151,1.6927205324172974,,
10607,,33,,,0.7495743036270142,0.8805999755859375
10649,0.9626321792602539,34,,,,
10699,0.8767355680465698,34,,,,
10749,0.8992559909820557,34,,,,
10799,0.9709789752960205,34,,,,
10849,0.9855461120605469,34,,,,
10899,1.0092146396636963,34,,,,
10919,,34,0.7555999755859375,1.6861217021942139,,
10919,,34,,,0.7510892152786255,0.8715999722480774
10949,0.8072628974914551,35,,,,
10999,1.0464905500411987,35,,,,
11049,0.8345229625701904,35,,,,
11099,0.8656505346298218,35,,,,
11149,1.0001978874206543,35,,,,
11199,1.0048549175262451,35,,,,
11231,,35,0.7689999938011169,1.6325457096099854,,
11231,,35,,,0.7513020634651184,0.8871999979019165
11249,0.9512702226638794,36,,,,
11299,0.8265244960784912,36,,,,
11349,0.9729595184326172,36,,,,
11399,1.09181547164917,36,,,,
11449,0.9587951898574829,36,,,,
11499,0.8751152753829956,36,,,,
11543,,36,0.7728000283241272,1.622566819190979,,
11543,,36,,,0.7529171705245972,0.8903999924659729
11549,0.9224132895469666,37,,,,
11599,0.9017997980117798,37,,,,
11649,1.0513100624084473,37,,,,
11699,1.1260242462158203,37,,,,
11749,1.0281898975372314,37,,,,
11799,0.8697247505187988,37,,,,
11849,1.000807523727417,37,,,,
11855,,37,0.7738000154495239,1.6228101253509521,,
11855,,37,,,0.7526417374610901,0.8895999789237976
11899,0.9553486704826355,38,,,,
11949,0.8886260986328125,38,,,,
11999,1.0525486469268799,38,,,,
12049,0.868216335773468,38,,,,
12099,0.9211405515670776,38,,,,
12149,1.0741957426071167,38,,,,
12167,,38,0.7663999795913696,1.595455527305603,,
12167,,38,,,0.7547450661659241,0.8806999921798706
12199,0.906683087348938,39,,,,
12249,0.7831814289093018,39,,,,
12299,1.0302516222000122,39,,,,
12349,0.9291141033172607,39,,,,
12399,0.8325728178024292,39,,,,
12449,0.8899787664413452,39,,,,
12479,,39,0.7666000127792358,1.7809126377105713,,
12479,,39,,,0.7554963231086731,0.8853999972343445
12499,0.8615749478340149,40,,,,
12549,0.8117104768753052,40,,,,
12599,1.1801340579986572,40,,,,
12649,1.0945706367492676,40,,,,
12699,1.028702735900879,40,,,,
12749,0.9738544225692749,40,,,,
12791,,40,0.7694000005722046,1.6003559827804565,,
12791,,40,,,0.7555213570594788,0.89410001039505
12799,0.9134315252304077,41,,,,
12849,1.0614348649978638,41,,,,
12899,1.0045323371887207,41,,,,
12949,0.9990777373313904,41,,,,
12999,0.9002496600151062,41,,,,
13049,1.049466609954834,41,,,,
13099,0.860153079032898,41,,,,
13103,,41,0.7720999717712402,1.7576138973236084,,
13103,,41,,,0.7576747536659241,0.8917999863624573
13149,1.0384210348129272,42,,,,
13199,0.8708434104919434,42,,,,
13249,1.1826581954956055,42,,,,
13299,1.085646629333496,42,,,,
13349,0.9848896265029907,42,,,,
13399,1.1060618162155151,42,,,,
13415,,42,0.7692999839782715,1.7091869115829468,,
13415,,42,,,0.7586137652397156,0.887499988079071
13449,0.9762130975723267,43,,,,
13499,1.1199297904968262,43,,,,
13549,0.8499176502227783,43,,,,
13599,1.0614341497421265,43,,,,
13649,1.0683823823928833,43,,,,
13699,1.0870500802993774,43,,,,
13727,,43,0.7748000025749207,1.685084342956543,,
13727,,43,,,0.7579502463340759,0.8960000276565552
13749,0.734447181224823,44,,,,
13799,1.0580323934555054,44,,,,
13849,0.9576437473297119,44,,,,
13899,0.9930101037025452,44,,,,
13949,0.8285665512084961,44,,,,
13999,0.9794876575469971,44,,,,
14039,,44,0.771399974822998,1.8579566478729248,,
14039,,44,,,0.7594276070594788,0.8834999799728394
14049,1.0368003845214844,45,,,,
14099,0.8202129602432251,45,,,,
14149,1.0603317022323608,45,,,,
14199,1.0857229232788086,45,,,,
14249,0.8649212121963501,45,,,,
14299,1.063633680343628,45,,,,
14349,0.908820629119873,45,,,,
14351,,45,0.7791000008583069,1.610862135887146,,
14351,,45,,,0.7583258152008057,0.8967999815940857
14399,0.9433597326278687,46,,,,
14449,0.922523021697998,46,,,,
14499,1.0740602016448975,46,,,,
14549,1.2001737356185913,46,,,,
14599,0.9648581147193909,46,,,,
14649,0.834187388420105,46,,,,
14663,,46,0.7757999897003174,1.6900826692581177,,
14663,,46,,,0.7594401240348816,0.8974000215530396
14699,1.0807318687438965,47,,,,
14749,1.0896353721618652,47,,,,
14799,0.7285789847373962,47,,,,
14849,0.9381051063537598,47,,,,
14899,0.981475830078125,47,,,,
14949,0.8948861360549927,47,,,,
14975,,47,0.77920001745224,1.5953513383865356,,
14975,,47,,,0.7615309357643127,0.9013000130653381
14999,0.9896402359008789,48,,,,
15049,1.0093584060668945,48,,,,
15099,0.868910014629364,48,,,,
15149,0.911506712436676,48,,,,
15199,0.9874725341796875,48,,,,
15249,0.8144266605377197,48,,,,
15287,,48,0.7781999707221985,1.6476958990097046,,
15287,,48,,,0.7617688179016113,0.9004999995231628
15299,0.7984775900840759,49,,,,
15349,0.8703784942626953,49,,,,
15399,0.9390003085136414,49,,,,
15449,0.9747042655944824,49,,,,
15499,0.8537429571151733,49,,,,
15549,0.8887109756469727,49,,,,
15599,1.0758672952651978,49,,,,
15599,,49,0.7752000093460083,1.7783368825912476,,
15599,,49,,,0.7602288722991943,0.8920999765396118
15649,0.8088886141777039,50,,,,
15699,0.8468130230903625,50,,,,
15749,1.0055408477783203,50,,,,
15799,0.9389565587043762,50,,,,
15849,1.1044940948486328,50,,,,
15899,1.1387104988098145,50,,,,
15911,,50,0.7871999740600586,1.6550498008728027,,
15911,,50,,,0.7642602920532227,0.90829998254776
15949,0.8427789807319641,51,,,,
15999,0.9766442179679871,51,,,,
16049,0.8975900411605835,51,,,,
16099,0.825127363204956,51,,,,
16149,0.8891106843948364,51,,,,
16199,1.0717191696166992,51,,,,
16223,,51,0.7720000147819519,1.7668685913085938,,
16223,,51,,,0.7634465098381042,0.8980000019073486
16249,1.1073240041732788,52,,,,
16299,0.9213880300521851,52,,,,
16349,0.8810602426528931,52,,,,
16399,1.0672746896743774,52,,,,
16449,0.880769670009613,52,,,,
16499,0.8564974069595337,52,,,,
16535,,52,0.7770000100135803,1.767072319984436,,
16535,,52,,,0.7647485733032227,0.899399995803833
16549,0.7950178384780884,53,,,,
16599,0.97970050573349,53,,,,
16649,0.9287476539611816,53,,,,
16699,0.8659689426422119,53,,,,
16749,0.8701545596122742,53,,,,
16799,0.8408107161521912,53,,,,
16847,,53,0.7773000001907349,1.6370257139205933,,
16847,,53,,,0.7640600204467773,0.8984000086784363
16849,0.9252817630767822,54,,,,
16899,0.8173582553863525,54,,,,
16949,0.876779317855835,54,,,,
16999,1.0460195541381836,54,,,,
17049,0.8155375719070435,54,,,,
17099,1.2474316358566284,54,,,,
17149,1.0353419780731201,54,,,,
17159,,54,0.7825999855995178,1.6202274560928345,,
17159,,54,,,0.7661007642745972,0.9075000286102295
17199,0.9819854497909546,55,,,,
17249,0.8509467840194702,55,,,,
17299,0.8815976977348328,55,,,,
17349,0.9704355597496033,55,,,,
17399,0.8884822130203247,55,,,,
17449,0.9346145987510681,55,,,,
17471,,55,0.7828999757766724,1.6174198389053345,,
17471,,55,,,0.7675906419754028,0.9071000218391418
17499,0.8315735459327698,56,,,,
17549,0.8740958571434021,56,,,,
17599,0.8804792165756226,56,,,,
17649,0.8843557834625244,56,,,,
17699,0.9890073537826538,56,,,,
17749,0.9581878781318665,56,,,,
17783,,56,0.7742999792098999,1.63029146194458,,
17783,,56,,,0.7654371857643127,0.8978000283241272
17799,1.0409505367279053,57,,,,
17849,0.8939603567123413,57,,,,
17899,0.9764306545257568,57,,,,
17949,0.804685115814209,57,,,,
17999,0.9323101043701172,57,,,,
18049,0.8073523640632629,57,,,,
18095,,57,0.772599995136261,1.6940021514892578,,
18095,,57,,,0.7649989724159241,0.892300009727478
18099,0.8288007974624634,58,,,,
18149,0.8072284460067749,58,,,,
18199,0.9152498245239258,58,,,,
18249,0.9573571681976318,58,,,,
18299,0.8614869713783264,58,,,,
18349,0.9072503447532654,58,,,,
18399,1.0442014932632446,58,,,,
18407,,58,0.7781999707221985,1.6841533184051514,,
18407,,58,,,0.7654997706413269,0.9042999744415283
18449,0.9392688274383545,59,,,,
18499,1.0477794408798218,59,,,,
18549,0.8476964235305786,59,,,,
18599,0.9434521198272705,59,,,,
18649,0.7900701761245728,59,,,,
18699,0.8258042335510254,59,,,,
18719,,59,0.7817999720573425,1.664716362953186,,
18719,,59,,,0.7675530910491943,0.9053000211715698
18749,0.9934359788894653,60,,,,
18799,0.9063962697982788,60,,,,
18849,0.8850390911102295,60,,,,
18899,1.0132617950439453,60,,,,
18949,1.0439155101776123,60,,,,
18999,0.9134058952331543,60,,,,
19031,,60,0.7768999934196472,1.6316503286361694,,
19031,,60,,,0.7675656080245972,0.8942000269889832
19049,0.9363119602203369,61,,,,
19099,0.8216680884361267,61,,,,
19149,0.928159773349762,61,,,,
19199,0.9876739978790283,61,,,,
19249,0.8344956636428833,61,,,,
19299,0.8834589719772339,61,,,,
19343,,61,0.7864000201225281,1.6053980588912964,,
19343,,61,,,0.7679787874221802,0.9035999774932861
19349,0.9897527694702148,62,,,,
19399,0.9747334718704224,62,,,,
19449,1.0958003997802734,62,,,,
19499,0.7645235061645508,62,,,,
19549,1.0168631076812744,62,,,,
19599,1.089882493019104,62,,,,
19649,0.9115923643112183,62,,,,
19655,,62,0.7807999849319458,1.654436469078064,,
19655,,62,,,0.7688801884651184,0.9035999774932861
19699,0.7556878328323364,63,,,,
19749,0.8334795236587524,63,,,,
19799,0.9940426349639893,63,,,,
19849,1.0550271272659302,63,,,,
19899,0.9240504503250122,63,,,,
19949,0.945580244064331,63,,,,
19967,,63,0.7742999792098999,1.563509225845337,,
19967,,63,,,0.7685546875,0.9027000069618225
19999,0.8233993649482727,64,,,,
20049,0.8519012928009033,64,,,,
20099,1.0635486841201782,64,,,,
20149,0.9729738235473633,64,,,,
20199,1.135740876197815,64,,,,
20249,0.862700879573822,64,,,,
20279,,64,0.7785000205039978,1.6546319723129272,,
20279,,64,,,0.7693309187889099,0.9031000137329102
20299,0.8018506765365601,65,,,,
20349,0.972235918045044,65,,,,
20399,0.872534990310669,65,,,,
20449,0.9633802771568298,65,,,,
20499,0.8106168508529663,65,,,,
20549,0.8187098503112793,65,,,,
20591,,65,0.7752000093460083,1.6326719522476196,,
20591,,65,,,0.7702448964118958,0.9018999934196472
20599,0.706325113773346,66,,,,
20649,0.850100040435791,66,,,,
20699,0.9995396137237549,66,,,,
20749,1.05954909324646,66,,,,
20799,0.8499673008918762,66,,,,
20849,0.9817280769348145,66,,,,
20899,0.9515838623046875,66,,,,
20903,,66,0.777999997138977,1.6855076551437378,,
20903,,66,,,0.7698943018913269,0.8970000147819519
20949,0.9325966835021973,67,,,,
20999,0.8034687042236328,67,,,,
21049,0.8593854308128357,67,,,,
21099,0.9611780643463135,67,,,,
21149,0.8818991780281067,67,,,,
21199,0.9551544189453125,67,,,,
21215,,67,0.7839000225067139,1.5949108600616455,,
21215,,67,,,0.771071195602417,0.9042999744415283
21249,0.8025985956192017,68,,,,
21299,0.8425782322883606,68,,,,
21349,0.9902395009994507,68,,,,
21399,0.8498277068138123,68,,,,
21449,0.8562865257263184,68,,,,
21499,0.992577075958252,68,,,,
21527,,68,0.7771000266075134,1.6608259677886963,,
21527,,68,,,0.770582914352417,0.9003000259399414
21549,0.8172426223754883,69,,,,
21599,0.8993048667907715,69,,,,
21649,0.7542981505393982,69,,,,
21699,0.7134897708892822,69,,,,
21749,0.7794506549835205,69,,,,
21799,0.8526104688644409,69,,,,
21839,,69,0.7807999849319458,1.6738578081130981,,
21839,,69,,,0.7699944972991943,0.9053000211715698
21849,0.9163979291915894,70,,,,
21899,0.7765840291976929,70,,,,
21949,0.8808057308197021,70,,,,
21999,0.7439349889755249,70,,,,
22049,0.7950769662857056,70,,,,
22099,0.8013467788696289,70,,,,
22149,0.7729813456535339,70,,,,
22151,,70,0.7822999954223633,1.667543888092041,,
22151,,70,,,0.7692808508872986,0.9078999757766724
22199,0.7783640623092651,71,,,,
22249,0.7816512584686279,71,,,,
22299,0.7248495817184448,71,,,,
22349,0.9932171106338501,71,,,,
22399,0.7838390469551086,71,,,,
22449,0.7566803693771362,71,,,,
22463,,71,0.7818999886512756,1.4967573881149292,,
22463,,71,,,0.7725485563278198,0.9021999835968018
22499,0.7455280423164368,72,,,,
22549,0.7581077814102173,72,,,,
22599,0.8626927137374878,72,,,,
22649,0.7703426480293274,72,,,,
22699,0.8668624758720398,72,,,,
22749,1.0010578632354736,72,,,,
22775,,72,0.7799999713897705,1.6669199466705322,,
22775,,72,,,0.7726112008094788,0.9034000039100647
22799,0.7994637489318848,73,,,,
22849,0.8423859477043152,73,,,,
22899,0.758957028388977,73,,,,
22949,0.7107495069503784,73,,,,
22999,0.6890095472335815,73,,,,
23049,0.6726207137107849,73,,,,
23087,,73,0.7851999998092651,1.6479445695877075,,
23087,,73,,,0.7740134000778198,0.9057000279426575
23099,0.7389694452285767,74,,,,
23149,0.7517950534820557,74,,,,
23199,0.5844046473503113,74,,,,
23249,0.5950583219528198,74,,,,
23299,0.674649715423584,74,,,,
23349,0.8198347091674805,74,,,,
23399,0.9343185424804688,74,,,,
23399,,74,0.7800999879837036,1.6281319856643677,,
23399,,74,,,0.7739007472991943,0.9056000113487244
23449,0.7684788703918457,75,,,,
23499,0.7675063610076904,75,,,,
23549,0.6319799423217773,75,,,,
23599,0.880582332611084,75,,,,
23649,0.8367282152175903,75,,,,
23699,0.7831896543502808,75,,,,
23711,,75,0.784600019454956,1.6666293144226074,,
23711,,75,,,0.7715719938278198,0.9125999808311462
23749,0.7771002054214478,76,,,,
23799,0.6845274567604065,76,,,,
23849,0.6682711839675903,76,,,,
23899,0.7265311479568481,76,,,,
23949,0.7229113578796387,76,,,,
23999,0.8289419412612915,76,,,,
24023,,76,0.7728999853134155,1.6535415649414062,,
24023,,76,,,0.7746519446372986,0.8944000005722046
24049,0.640710711479187,77,,,,
24099,0.7402470111846924,77,,,,
24149,0.7830505967140198,77,,,,
24199,0.6654301881790161,77,,,,
24249,0.6692596077919006,77,,,,
24299,0.8286459445953369,77,,,,
24335,,77,0.7868000268936157,1.579441785812378,,
24335,,77,,,0.7730994820594788,0.9135000109672546
24349,0.7229346036911011,78,,,,
24399,0.8147609233856201,78,,,,
24449,0.829940676689148,78,,,,
24499,0.6188806891441345,78,,,,
24549,0.6653912663459778,78,,,,
24599,0.7543202638626099,78,,,,
24647,,78,0.7864000201225281,1.677598476409912,,
24647,,78,,,0.7734625339508057,0.9114999771118164
24649,0.6789621710777283,79,,,,
24699,0.8108412027359009,79,,,,
24749,0.690717339515686,79,,,,
24799,0.6489914655685425,79,,,,
24849,0.7633452415466309,79,,,,
24899,0.7410013675689697,79,,,,
24949,0.74098801612854,79,,,,
24959,,79,0.7839000225067139,1.6192286014556885,,
24959,,79,,,0.7731871008872986,0.9077000021934509
24999,0.6719983816146851,80,,,,
25049,0.7775025367736816,80,,,,
25099,0.7503327131271362,80,,,,
25149,0.6820595860481262,80,,,,
25199,0.7357710599899292,80,,,,
25249,0.7180027365684509,80,,,,
25271,,80,0.7849000096321106,1.6140896081924438,,
25271,,80,,,0.7762044072151184,0.9143000245094299
25299,0.7188853025436401,81,,,,
25349,0.7082757949829102,81,,,,
25399,0.635913610458374,81,,,,
25449,0.7313013076782227,81,,,,
25499,0.7744446992874146,81,,,,
25549,0.6829392910003662,81,,,,
25583,,81,0.786300003528595,1.6139112710952759,,
25583,,81,,,0.7750901579856873,0.909600019454956
25599,0.8017077445983887,82,,,,
25649,0.5793991684913635,82,,,,
25699,0.7798770666122437,82,,,,
25749,0.6916669607162476,82,,,,
25799,0.5902519226074219,82,,,,
25849,0.8150480389595032,82,,,,
25895,,82,0.781499981880188,1.6820558309555054,,
25895,,82,,,0.774338960647583,0.9067000150680542
25899,0.605216383934021,83,,,,
25949,0.7505930662155151,83,,,,
25999,0.6326190233230591,83,,,,
26049,0.6248855590820312,83,,,,
26099,0.7430834770202637,83,,,,
26149,0.8278406858444214,83,,,,
26199,0.6854926347732544,83,,,,
26207,,83,0.784600019454956,1.5903886556625366,,
26207,,83,,,0.774977445602417,0.9003000259399414
26249,0.8618544340133667,84,,,,
26299,0.7901346683502197,84,,,,
26349,0.7482653856277466,84,,,,
26399,0.7519100904464722,84,,,,
26449,0.6703588962554932,84,,,,
26499,0.6822668313980103,84,,,,
26519,,84,0.7853999733924866,1.635156512260437,,
26519,,84,,,0.7741010785102844,0.9204000234603882
26549,0.6419828534126282,85,,,,
26599,0.718051552772522,85,,,,
26649,0.7428938150405884,85,,,,
26699,0.6259908676147461,85,,,,
26749,0.7938271760940552,85,,,,
26799,0.6401110291481018,85,,,,
26831,,85,0.7883999943733215,1.6743583679199219,,
26831,,85,,,0.7752779722213745,0.9164000153541565
26849,0.7366074323654175,86,,,,
26899,0.6530336737632751,86,,,,
26949,0.6901100277900696,86,,,,
26999,0.706252932548523,86,,,,
27049,0.5319335460662842,86,,,,
27099,0.547092616558075,86,,,,
27143,,86,0.7890999913215637,1.6118162870407104,,
27143,,86,,,0.7760542035102844,0.9136999845504761
27149,0.6315547823905945,87,,,,
27199,0.8397669792175293,87,,,,
27249,0.6204971075057983,87,,,,
27299,0.6596732139587402,87,,,,
27349,0.6136633157730103,87,,,,
27399,0.7133792042732239,87,,,,
27449,0.6122621297836304,87,,,,
27455,,87,0.7875999808311462,1.7276136875152588,,
27455,,87,,,0.7755283713340759,0.9226999878883362
27499,0.6815938949584961,88,,,,
27549,0.516076385974884,88,,,,
27599,0.6754639148712158,88,,,,
27649,0.5847598314285278,88,,,,
27699,0.6911405920982361,88,,,,
27749,0.745915412902832,88,,,,
27767,,88,0.7871000170707703,1.651635766029358,,
27767,,88,,,0.7772561311721802,0.9122999906539917
27799,0.68686842918396,89,,,,
27849,0.6680262088775635,89,,,,
27899,0.6241142153739929,89,,,,
27949,0.5603949427604675,89,,,,
27999,0.7528438568115234,89,,,,
28049,0.5708003044128418,89,,,,
28079,,89,0.7777000069618225,1.631784439086914,,
28079,,89,,,0.7764798402786255,0.8974000215530396
28099,0.5115959048271179,90,,,,
28149,0.6548314094543457,90,,,,
28199,0.8689048290252686,90,,,,
28249,0.743680477142334,90,,,,
28299,0.650066077709198,90,,,,
28349,0.6531327962875366,90,,,,
28391,,90,0.7874000072479248,1.7430490255355835,,
28391,,90,,,0.7754031419754028,0.9154999852180481
28399,0.7873775959014893,91,,,,
28449,0.6055510640144348,91,,,,
28499,0.6687736511230469,91,,,,
28549,0.6459372639656067,91,,,,
28599,0.765159547328949,91,,,,
28649,0.6262011528015137,91,,,,
28699,0.6663157939910889,91,,,,
28703,,91,0.7802000045776367,1.606844425201416,,
28703,,91,,,0.7775190472602844,0.9064000248908997
28749,0.7641806602478027,92,,,,
28799,0.6653214693069458,92,,,,
28849,0.644368052482605,92,,,,
28899,0.7677924036979675,92,,,,
28949,0.5123723745346069,92,,,,
28999,0.6600080728530884,92,,,,
29015,,92,0.7907000184059143,1.638382077217102,,
29015,,92,,,0.7773687839508057,0.9146000146865845
29049,0.6601572036743164,93,,,,
29099,0.6752997636795044,93,,,,
29149,0.6587952375411987,93,,,,
29199,0.7834289073944092,93,,,,
29249,0.724886417388916,93,,,,
29299,0.6124907732009888,93,,,,
29327,,93,0.7886999845504761,1.6568447351455688,,
29327,,93,,,0.7773938179016113,0.9142000079154968
29349,0.6435498595237732,94,,,,
29399,0.6198434829711914,94,,,,
29449,0.620766282081604,94,,,,
29499,0.6934961080551147,94,,,,
29549,0.7717650532722473,94,,,,
29599,0.6504310369491577,94,,,,
29639,,94,0.7949000000953674,1.7701694965362549,,
29639,,94,,,0.77978515625,0.9229999780654907
29649,0.7024065256118774,95,,,,
29699,0.6178152561187744,95,,,,
29749,0.7151415348052979,95,,,,
29799,0.6666592955589294,95,,,,
29849,0.5912748575210571,95,,,,
29899,0.6648451685905457,95,,,,
29949,0.7642607688903809,95,,,,
29951,,95,0.789900004863739,1.5465564727783203,,
29951,,95,,,0.778883695602417,0.9182999730110168
29999,0.5432090163230896,96,,,,
30049,0.815475344657898,96,,,,
30099,0.6517500877380371,96,,,,
30149,0.5764456391334534,96,,,,
30199,0.6763870716094971,96,,,,
30249,0.5598651766777039,96,,,,
30263,,96,0.7871999740600586,1.698236107826233,,
30263,,96,,,0.7765550017356873,0.9154000282287598
30299,0.7427999973297119,97,,,,
30349,0.5819115042686462,97,,,,
30399,0.6566676497459412,97,,,,
30449,0.8000921607017517,97,,,,
30499,0.6559024453163147,97,,,,
30549,0.7139613628387451,97,,,,
30575,,97,0.7833999991416931,1.6556825637817383,,
30575,,97,,,0.7779572606086731,0.9099000096321106
30599,0.6736966371536255,98,,,,
30649,0.7308756709098816,98,,,,
30699,0.7060516476631165,98,,,,
30749,0.6444923281669617,98,,,,
30799,0.6475702524185181,98,,,,
30849,0.6790036559104919,98,,,,
30887,,98,0.7919999957084656,1.6523716449737549,,
30887,,98,,,0.779296875,0.9258999824523926
30899,0.689048171043396,99,,,,
30949,0.7802606821060181,99,,,,
30999,0.7631356716156006,99,,,,
31049,0.6820017695426941,99,,,,
31099,0.5993742942810059,99,,,,
31149,0.5252538323402405,99,,,,
31199,0.5278476476669312,99,,,,
31199,,99,0.7906000018119812,1.7047584056854248,,
31199,,99,,,0.7801356911659241,0.9203000068664551
31249,0.6769822239875793,100,,,,
31299,0.6024196147918701,100,,,,
31349,0.5336501598358154,100,,,,
31399,0.7319047451019287,100,,,,
31449,0.557094931602478,100,,,,
31499,0.6183685064315796,100,,,,
31511,,100,0.7818999886512756,1.7580972909927368,,
31511,,100,,,0.7802859544754028,0.900600016117096
31549,0.5053316354751587,101,,,,
31599,0.5460879802703857,101,,,,
31649,0.6053802967071533,101,,,,
31699,0.640251874923706,101,,,,
31749,0.6787083148956299,101,,,,
31799,0.7224422693252563,101,,,,
31823,,101,0.7771000266075134,1.723623275756836,,
31823,,101,,,0.781325101852417,0.8985999822616577
31849,0.6397229433059692,102,,,,
31899,0.645477294921875,102,,,,
31949,0.6611855626106262,102,,,,
31999,0.5819053053855896,102,,,,
32049,0.6897214651107788,102,,,,
32099,0.5922919511795044,102,,,,
32135,,102,0.7925999760627747,1.6806913614273071,,
32135,,102,,,0.7822766304016113,0.9200999736785889
32149,0.5733903050422668,103,,,,
32199,0.7558858394622803,103,,,,
32249,0.5895894765853882,103,,,,
32299,0.5751065611839294,103,,,,
32349,0.4276299476623535,103,,,,
32399,0.7786730527877808,103,,,,
32447,,103,0.7827000021934509,1.6606005430221558,,
32447,,103,,,0.7785331606864929,0.9065999984741211
32449,0.5997841358184814,104,,,,
32499,0.583051323890686,104,,,,
32549,0.587748646736145,104,,,,
32599,0.5909020900726318,104,,,,
32649,0.6172091960906982,104,,,,
32699,0.5984706878662109,104,,,,
32749,0.7538727521896362,104,,,,
32759,,104,0.7853000164031982,1.6198300123214722,,
32759,,104,,,0.7801607847213745,0.9090999960899353
32799,0.5103698372840881,105,,,,
32849,0.6385557651519775,105,,,,
32899,0.58610600233078,105,,,,
32949,0.6821243762969971,105,,,,
32999,0.6777421236038208,105,,,,
33049,0.5667989253997803,105,,,,
33071,,105,0.7926999926567078,1.742248773574829,,
33071,,105,,,0.7805739045143127,0.9241999983787537
33099,0.5825557708740234,106,,,,
33149,0.659076988697052,106,,,,
33199,0.6337395310401917,106,,,,
33249,0.6065530776977539,106,,,,
33299,0.6372166872024536,106,,,,
33349,0.5336933732032776,106,,,,
33383,,106,0.7892000079154968,1.6942304372787476,,
33383,,106,,,0.7822766304016113,0.9185000061988831
33399,0.5670626163482666,107,,,,
33449,0.5587344765663147,107,,,,
33499,0.6207965612411499,107,,,,
33549,0.5651421546936035,107,,,,
33599,0.5237730741500854,107,,,,
33649,0.6430280208587646,107,,,,
33695,,107,0.7791000008583069,1.7471777200698853,,
33695,,107,,,0.7827273607254028,0.9096999764442444
33699,0.6765050888061523,108,,,,
33749,0.5384057760238647,108,,,,
33799,0.857762336730957,108,,,,
33849,0.5632637739181519,108,,,,
33899,0.6463193893432617,108,,,,
33949,0.6774196624755859,108,,,,
33999,0.6093872785568237,108,,,,
34007,,108,0.7942000031471252,1.6990618705749512,,
34007,,108,,,0.7826272249221802,0.9211999773979187
34049,0.8272380828857422,109,,,,
34099,0.5615160465240479,109,,,,
34149,0.698639988899231,109,,,,
34199,0.743588924407959,109,,,,
34249,0.6029911637306213,109,,,,
34299,0.6171238422393799,109,,,,
34319,,109,0.7950999736785889,1.779175043106079,,
34319,,109,,,0.7819010615348816,0.9214000105857849
34349,0.6662613153457642,110,,,,
34399,0.5478110313415527,110,,,,
34449,0.701831579208374,110,,,,
34499,0.46741700172424316,110,,,,
34549,0.6777879595756531,110,,,,
34599,0.6133733987808228,110,,,,
34631,,110,0.7716000080108643,1.759769320487976,,
34631,,110,,,0.7836663722991943,0.8877999782562256
34649,0.5871306657791138,111,,,,
34699,0.5846409201622009,111,,,,
34749,0.5486319065093994,111,,,,
34799,0.5619897842407227,111,,,,
34849,0.5686404705047607,111,,,,
34899,0.742527961730957,111,,,,
34943,,111,0.7882000207901001,1.6613637208938599,,
34943,,111,,,0.782789945602417,0.9154000282287598
34949,0.6466079354286194,112,,,,
34999,0.7353302240371704,112,,,,
35049,0.5101168751716614,112,,,,
35099,0.6550835371017456,112,,,,
35149,0.6022346019744873,112,,,,
35199,0.5251156687736511,112,,,,
35249,0.6365811228752136,112,,,,
35255,,112,0.7893999814987183,1.6437137126922607,,
35255,,112,,,0.7826772928237915,0.9203000068664551
35299,0.5074556469917297,113,,,,
35349,0.5035099387168884,113,,,,
35399,0.5775465369224548,113,,,,
35449,0.681670069694519,113,,,,
35499,0.5051254034042358,113,,,,
35549,0.6392673254013062,113,,,,
35567,,113,0.7907000184059143,1.7163636684417725,,
35567,,113,,,0.7840169072151184,0.9241999983787537
35599,0.5779498219490051,114,,,,
35649,0.580505907535553,114,,,,
35699,0.6476773023605347,114,,,,
35749,0.6159868240356445,114,,,,
35799,0.5753020644187927,114,,,,
35849,0.628288745880127,114,,,,
35879,,114,0.7975000143051147,1.6601945161819458,,
35879,,114,,,0.7831530570983887,0.9279000163078308
35899,0.5823049545288086,115,,,,
35949,0.5762778520584106,115,,,,
35999,0.6074864268302917,115,,,,
36049,0.5682340860366821,115,,,,
36099,0.6169717311859131,115,,,,
36149,0.6228612065315247,115,,,,
36191,,115,0.7876999974250793,1.723496913909912,,
36191,,115,,,0.784254789352417,0.9160000085830688
36199,0.6016682386398315,116,,,,
36249,0.5900436639785767,116,,,,
36299,0.564683735370636,116,,,,
36349,0.5142642259597778,116,,,,
36399,0.6990586519241333,116,,,,
36449,0.6706444025039673,116,,,,
36499,0.5972084403038025,116,,,,
36503,,116,0.7924000024795532,1.6352076530456543,,
36503,,116,,,0.7841922044754028,0.92330002784729
36549,0.6579083204269409,117,,,,
36599,0.6415166258811951,117,,,,
36649,0.4641941487789154,117,,,,
36699,0.6036823987960815,117,,,,
36749,0.5348012447357178,117,,,,
36799,0.6474270820617676,117,,,,
36815,,117,0.785099983215332,1.7233017683029175,,
36815,,117,,,0.7842673063278198,0.9154000282287598
36849,0.7358818054199219,118,,,,
36899,0.5360546112060547,118,,,,
36949,0.5747182369232178,118,,,,
36999,0.5849990844726562,118,,,,
37049,0.7085614204406738,118,,,,
37099,0.8118024468421936,118,,,,
37127,,118,0.7965999841690063,1.6900922060012817,,
37127,,118,,,0.7848808169364929,0.9296000003814697
37149,0.6683832406997681,119,,,,
37199,0.7270179986953735,119,,,,
37249,0.5703517198562622,119,,,,
37299,0.6374748945236206,119,,,,
37349,0.7020794749259949,119,,,,
37399,0.757561206817627,119,,,,
37439,,119,0.7910000085830688,1.706977367401123,,
37439,,119,,,0.7841171026229858,0.9169999957084656
37449,0.5447357892990112,120,,,,
37499,0.5458472967147827,120,,,,
37549,0.6314685344696045,120,,,,
37599,0.6769543886184692,120,,,,
37649,0.6618045568466187,120,,,,
37699,0.49148029088974,120,,,,
37749,0.6044598817825317,120,,,,
37751,,120,0.7893000245094299,1.6704869270324707,,
37751,,120,,,0.7845427393913269,0.9187999963760376
37799,0.6549489498138428,121,,,,
37849,0.5568109750747681,121,,,,
37899,0.6107690930366516,121,,,,
37949,0.7348096370697021,121,,,,
37999,0.42666229605674744,121,,,,
38049,0.5109169483184814,121,,,,
38063,,121,0.7922000288963318,1.6750142574310303,,
38063,,121,,,0.7864833474159241,0.9265999794006348
38099,0.5960401296615601,122,,,,
38149,0.689612090587616,122,,,,
38199,0.6125019788742065,122,,,,
38249,0.7653889656066895,122,,,,
38299,0.5688525438308716,122,,,,
38349,0.6012735962867737,122,,,,
38375,,122,0.7972000241279602,1.693177580833435,,
38375,,122,,,0.78662109375,0.9265000224113464
38399,0.535309910774231,123,,,,
38449,0.7396427392959595,123,,,,
38499,0.5903669595718384,123,,,,
38549,0.6062024235725403,123,,,,
38599,0.640188455581665,123,,,,
38649,0.48438289761543274,123,,,,
38687,,123,0.7936999797821045,1.7636187076568604,,
38687,,123,,,0.7869591116905212,0.9229999780654907
38699,0.5472890138626099,124,,,,
38749,0.5765737891197205,124,,,,
38799,0.5016375184059143,124,,,,
38849,0.5640559196472168,124,,,,
38899,0.5337252616882324,124,,,,
38949,0.4849724769592285,124,,,,
38999,0.6658371686935425,124,,,,
38999,,124,0.7840999960899353,1.764057993888855,,
38999,,124,,,0.786696195602417,0.9175999760627747
39049,0.6185436844825745,125,,,,
39099,0.5441641807556152,125,,,,
39149,0.6967383623123169,125,,,,
39199,0.5743781328201294,125,,,,
39249,0.566592276096344,125,,,,
39299,0.5609142780303955,125,,,,
39311,,125,0.7911999821662903,1.7335814237594604,,
39311,,125,,,0.7868339419364929,0.9154999852180481
39349,0.5255275964736938,126,,,,
39399,0.6155303716659546,126,,,,
39449,0.5405681133270264,126,,,,
39499,0.6957943439483643,126,,,,
39549,0.6145252585411072,126,,,,
39599,0.665514349937439,126,,,,
39623,,126,0.7940000295639038,1.695527195930481,,
39623,,126,,,0.7862204313278198,0.9289000034332275
39649,0.5236707925796509,127,,,,
39699,0.661422610282898,127,,,,
39749,0.6204957365989685,127,,,,
39799,0.5033116936683655,127,,,,
39849,0.6571120023727417,127,,,,
39899,0.7347514033317566,127,,,,
39935,,127,0.7907999753952026,1.770731806755066,,
39935,,127,,,0.7868589758872986,0.9215999841690063
39949,0.6337400674819946,128,,,,
39999,0.632648766040802,128,,,,
40049,0.5269627571105957,128,,,,
40099,0.6653984785079956,128,,,,
40149,0.6666738986968994,128,,,,
40199,0.543138861656189,128,,,,
40247,,128,0.7983999848365784,1.6749194860458374,,
40247,,128,,,0.7881109714508057,0.930899977684021
40249,0.6229504346847534,129,,,,
40299,0.5487769246101379,129,,,,
40349,0.5906389355659485,129,,,,
40399,0.5225222110748291,129,,,,
40449,0.5652029514312744,129,,,,
40499,0.60826575756073,129,,,,
40549,0.6488895416259766,129,,,,
40559,,129,0.7889999747276306,1.613308310508728,,
40559,,129,,,0.7874098420143127,0.921500027179718
40599,0.5332033038139343,130,,,,
40649,0.5767549276351929,130,,,,
40699,0.5616023540496826,130,,,,
40749,0.6705682277679443,130,,,,
40799,0.6131078600883484,130,,,,
40849,0.5961302518844604,130,,,,
40871,,130,0.7954000234603882,1.6757291555404663,,
40871,,130,,,0.7885491847991943,0.9287999868392944
40899,0.5326928496360779,131,,,,
40949,0.5790480375289917,131,,,,
40999,0.5761155486106873,131,,,,
41049,0.7218747138977051,131,,,,
41099,0.5677221417427063,131,,,,
41149,0.5654348731040955,131,,,,
41183,,131,0.7919999957084656,1.7126030921936035,,
41183,,131,,,0.7887369990348816,0.9297000169754028
41199,0.5293943285942078,132,,,,
41249,0.6558431386947632,132,,,,
41299,0.6157865524291992,132,,,,
41349,0.602291464805603,132,,,,
41399,0.46894627809524536,132,,,,
41449,0.5653563737869263,132,,,,
41495,,132,0.7915999889373779,1.7037458419799805,,
41495,,132,,,0.7889748811721802,0.927299976348877
41499,0.486605167388916,133,,,,
41549,0.5618990659713745,133,,,,
41599,0.6210265159606934,133,,,,
41649,0.7988398671150208,133,,,,
41699,0.5278433561325073,133,,,,
41749,0.5096115469932556,133,,,,
41799,0.5099724531173706,133,,,,
41807,,133,0.7918999791145325,1.5831522941589355,,
41807,,133,,,0.7897886633872986,0.9143000245094299
41849,0.5262691974639893,134,,,,
41899,0.5716816782951355,134,,,,
41949,0.5220058560371399,134,,,,
41999,0.5494587421417236,134,,,,
42049,0.6120393872261047,134,,,,
42099,0.6321314573287964,134,,,,
42119,,134,0.7791000008583069,1.7485899925231934,,
42119,,134,,,0.7892628312110901,0.9031000137329102
42149,0.4914587736129761,135,,,,
42199,0.612503170967102,135,,,,
42249,0.6006258726119995,135,,,,
42299,0.5184341073036194,135,,,,
42349,0.6291966438293457,135,,,,
42399,0.5095500946044922,135,,,,
42431,,135,0.7944999933242798,1.6474199295043945,,
42431,,135,,,0.7892628312110901,0.9258999824523926
42449,0.5776269435882568,136,,,,
42499,0.5342153310775757,136,,,,
42549,0.5421408414840698,136,,,,
42599,0.49740928411483765,136,,,,
42649,0.5209425687789917,136,,,,
42699,0.5378384590148926,136,,,,
42743,,136,0.7953000068664551,1.722327709197998,,
42743,,136,,,0.7914037704467773,0.9276000261306763
42749,0.5147759914398193,137,,,,
42799,0.5598136186599731,137,,,,
42849,0.5631323456764221,137,,,,
42899,0.5549623966217041,137,,,,
42949,0.5845628976821899,137,,,,
42999,0.5165306925773621,137,,,,
43049,0.5433098077774048,137,,,,
43055,,137,0.7896999716758728,1.6715619564056396,,
43055,,137,,,0.791090726852417,0.9158999919891357
43099,0.4836169183254242,138,,,,
43149,0.5054271817207336,138,,,,
43199,0.5134046077728271,138,,,,
43249,0.6415320634841919,138,,,,
43299,0.5196681022644043,138,,,,
43349,0.6330822706222534,138,,,,
43367,,138,0.7878999710083008,1.6556023359298706,,
43367,,138,,,0.7909655570983887,0.9178000092506409
43399,0.5660613179206848,139,,,,
43449,0.47872692346572876,139,,,,
43499,0.46273481845855713,139,,,,
43549,0.5717217326164246,139,,,,
43599,0.5850873589515686,139,,,,
43649,0.6431503295898438,139,,,,
43679,,139,0.7973999977111816,1.6271127462387085,,
43679,,139,,,0.7916291356086731,0.9262999892234802
43699,0.4212808310985565,140,,,,
43749,0.5681763291358948,140,,,,
43799,0.5523200035095215,140,,,,
43849,0.650955080986023,140,,,,
43899,0.5245065093040466,140,,,,
43949,0.5179768800735474,140,,,,
43991,,140,0.79339998960495,1.7026034593582153,,
43991,,140,,,0.7916165590286255,0.9273999929428101
43999,0.5896415114402771,141,,,,
44049,0.4567762613296509,141,,,,
44099,0.6212096214294434,141,,,,
44149,0.6680111289024353,141,,,,
44199,0.4678986966609955,141,,,,
44249,0.5371399521827698,141,,,,
44299,0.4912443161010742,141,,,,
44303,,141,0.7973999977111816,1.645473837852478,,
44303,,141,,,0.7909154891967773,0.9269999861717224
44349,0.5831053256988525,142,,,,
44399,0.6540579795837402,142,,,,
44449,0.5779196619987488,142,,,,
44499,0.5640020966529846,142,,,,
44549,0.45540428161621094,142,,,,
44599,0.6921683549880981,142,,,,
44615,,142,0.7935000061988831,1.6369014978408813,,
44615,,142,,,0.7916040420532227,0.9212999939918518
44649,0.45118191838264465,143,,,,
44699,0.6027990579605103,143,,,,
44749,0.5548977255821228,143,,,,
44799,0.6029329299926758,143,,,,
44849,0.5973058342933655,143,,,,
44899,0.7183966040611267,143,,,,
44927,,143,0.7953000068664551,1.7363308668136597,,
44927,,143,,,0.79296875,0.9258999824523926
44949,0.6654626131057739,144,,,,
44999,0.5864381790161133,144,,,,
45049,0.5099633932113647,144,,,,
45099,0.5888586044311523,144,,,,
45149,0.5101901292800903,144,,,,
45199,0.5778485536575317,144,,,,
45239,,144,0.7986999750137329,1.7099273204803467,,
45239,,144,,,0.7913035750389099,0.9286999702453613
45249,0.5775620937347412,145,,,,
45299,0.5142923593521118,145,,,,
45349,0.5329023599624634,145,,,,
45399,0.5511242151260376,145,,,,
45449,0.6229681968688965,145,,,,
45499,0.544292151927948,145,,,,
45549,0.6026098728179932,145,,,,
45551,,145,0.7996000051498413,1.6760257482528687,,
45551,,145,,,0.7921174168586731,0.9329000115394592
45599,0.45153844356536865,146,,,,
45649,0.5929864048957825,146,,,,
45699,0.5239242315292358,146,,,,
45749,0.5325603485107422,146,,,,
45799,0.6107094883918762,146,,,,
45849,0.48649847507476807,146,,,,
45863,,146,0.7997000217437744,1.572553038597107,,
45863,,146,,,0.7926182150840759,0.9319999814033508
45899,0.5513448715209961,147,,,,
45949,0.511725902557373,147,,,,
45999,0.4878557622432709,147,,,,
46049,0.6371502876281738,147,,,,
46099,0.5577777624130249,147,,,,
46149,0.5429528951644897,147,,,,
46175,,147,0.7997999787330627,1.7014214992523193,,
46175,,147,,,0.7941957116127014,0.9298999905586243
46199,0.6023964881896973,148,,,,
46249,0.49037235975265503,148,,,,
46299,0.5534110069274902,148,,,,
46349,0.4884297847747803,148,,,,
46399,0.441996693611145,148,,,,
46449,0.5227404832839966,148,,,,
46487,,148,0.8007000088691711,1.6281260251998901,,
46487,,148,,,0.7926933169364929,0.9277999997138977
46499,0.6489855051040649,149,,,,
46549,0.4735811948776245,149,,,,
46599,0.5694040060043335,149,,,,
46649,0.5481294989585876,149,,,,
46699,0.5496487021446228,149,,,,
46749,0.6368547677993774,149,,,,
46799,0.5377574563026428,149,,,,
46799,,149,0.8004999756813049,1.6382668018341064,,
46799,,149,,,0.7933192849159241,0.9329000115394592
46849,0.5804657340049744,150,,,,
46899,0.5149258971214294,150,,,,
46949,0.5148805379867554,150,,,,
46999,0.52021324634552,150,,,,
47049,0.6389058232307434,150,,,,
47099,0.5570849776268005,150,,,,
47111,,150,0.7993000149726868,1.7202091217041016,,
47111,,150,,,0.7927433848381042,0.9323999881744385
47149,0.5441128015518188,151,,,,
47199,0.5161409974098206,151,,,,
47249,0.5193279385566711,151,,,,
47299,0.5246602892875671,151,,,,
47349,0.6129804849624634,151,,,,
47399,0.5149588584899902,151,,,,
47423,,151,0.7979000210762024,1.6751470565795898,,
47423,,151,,,0.7936573624610901,0.9340000152587891
47449,0.4806819558143616,152,,,,
47499,0.5794010162353516,152,,,,
47549,0.5421607494354248,152,,,,
47599,0.6311528086662292,152,,,,
47649,0.4396646022796631,152,,,,
47699,0.5318664908409119,152,,,,
47735,,152,0.7979000210762024,1.7080873250961304,,
47735,,152,,,0.7937199473381042,0.925599992275238
47749,0.46901315450668335,153,,,,
47799,0.6451263427734375,153,,,,
47849,0.40302202105522156,153,,,,
47899,0.6388201713562012,153,,,,
47949,0.5124484300613403,153,,,,
47999,0.468649297952652,153,,,,
48047,,153,0.7940999865531921,1.6567795276641846,,
48047,,153,,,0.7933694124221802,0.9254000186920166
48049,0.4814078211784363,154,,,,
48099,0.43459421396255493,154,,,,
48149,0.47875073552131653,154,,,,
48199,0.509080171585083,154,,,,
48249,0.6106870174407959,154,,,,
48299,0.5697638988494873,154,,,,
48349,0.40874505043029785,154,,,,
48359,,154,0.8004999756813049,1.6412702798843384,,
48359,,154,,,0.7958859205245972,0.9337999820709229
48399,0.48955661058425903,155,,,,
48449,0.5407726764678955,155,,,,
48499,0.6445380449295044,155,,,,
48549,0.46940064430236816,155,,,,
48599,0.6596216559410095,155,,,,
48649,0.5131219625473022,155,,,,
48671,,155,0.7972999811172485,1.6518915891647339,,
48671,,155,,,0.7952724099159241,0.9258999824523926
48699,0.48069557547569275,156,,,,
48749,0.6008753776550293,156,,,,
48799,0.5033085346221924,156,,,,
48849,0.6064194440841675,156,,,,
48899,0.5463448762893677,156,,,,
48949,0.5608320832252502,156,,,,
48983,,156,0.7989000082015991,1.762215256690979,,
48983,,156,,,0.7952348589897156,0.9351000189781189
48999,0.620424747467041,157,,,,
49049,0.5791000723838806,157,,,,
49099,0.6315754652023315,157,,,,
49149,0.5545336008071899,157,,,,
49199,0.5976840853691101,157,,,,
49249,0.4548894166946411,157,,,,
49295,,157,0.7996000051498413,1.6795755624771118,,
49295,,157,,,0.7953726053237915,0.9327999949455261
49299,0.4541381895542145,158,,,,
49349,0.5153067111968994,158,,,,
49399,0.5156310796737671,158,,,,
49449,0.38393551111221313,158,,,,
49499,0.620226263999939,158,,,,
49549,0.5579982399940491,158,,,,
49599,0.47439849376678467,158,,,,
49607,,158,0.7954000234603882,1.6737765073776245,,
49607,,158,,,0.7953100204467773,0.9291999936103821
49649,0.5896638035774231,159,,,,
49699,0.6522947549819946,159,,,,
49749,0.5086570978164673,159,,,,
49799,0.5488808155059814,159,,,,
49849,0.4222383499145508,159,,,,
49899,0.5469159483909607,159,,,,
49919,,159,0.7997000217437744,1.6862918138504028,,
49919,,159,,,0.7969751358032227,0.9351000189781189
49949,0.5215051770210266,160,,,,
49999,0.47462618350982666,160,,,,
50049,0.4798247218132019,160,,,,
50099,0.5153601169586182,160,,,,
50149,0.578907310962677,160,,,,
50199,0.5294857025146484,160,,,,
50231,,160,0.7978000044822693,1.6579996347427368,,
50231,,160,,,0.7972631454467773,0.9325000047683716
50249,0.4232078790664673,161,,,,
50299,0.5745031833648682,161,,,,
50349,0.5551420450210571,161,,,,
50399,0.46447545289993286,161,,,,
50449,0.5394995212554932,161,,,,
50499,0.5345759987831116,161,,,,
50543,,161,0.7950000166893005,1.591309666633606,,
50543,,161,,,0.7971379160881042,0.9261000156402588
50549,0.5343352556228638,162,,,,
50599,0.46691271662712097,162,,,,
50649,0.43152302503585815,162,,,,
50699,0.5113780498504639,162,,,,
50749,0.5102174282073975,162,,,,
50799,0.5415650606155396,162,,,,
50849,0.5969285368919373,162,,,,
50855,,162,0.8025000095367432,1.6751976013183594,,
50855,,162,,,0.7976762652397156,0.9363999962806702
50899,0.5150660276412964,163,,,,
50949,0.5273999571800232,163,,,,
50999,0.6544397473335266,163,,,,
51049,0.5824394822120667,163,,,,
51099,0.5290666222572327,163,,,,
51149,0.5641334652900696,163,,,,
51167,,163,0.7986000180244446,1.6613093614578247,,
51167,,163,,,0.7979016304016113,0.9340999722480774
51199,0.7247880697250366,164,,,,
51249,0.3744151294231415,164,,,,
51299,0.4876571297645569,164,,,,
51349,0.5046650171279907,164,,,,
51399,0.538478434085846,164,,,,
51449,0.5482133030891418,164,,,,
51479,,164,0.8027999997138977,1.734322428703308,,
51479,,164,,,0.7971879839897156,0.9348000288009644
51499,0.6145882606506348,165,,,,
51549,0.4167978763580322,165,,,,
51599,0.603398323059082,165,,,,
51649,0.4971168041229248,165,,,,
51699,0.49456295371055603,165,,,,
51749,0.4633244276046753,165,,,,
51791,,165,0.8022000193595886,1.683159351348877,,
51791,,165,,,0.7970002293586731,0.9368000030517578
51799,0.4739902913570404,166,,,,
51849,0.45444241166114807,166,,,,
51899,0.4296795129776001,166,,,,
51949,0.4282398819923401,166,,,,
51999,0.461368203163147,166,,,,
52049,0.5709627866744995,166,,,,
52099,0.6023699641227722,166,,,,
52103,,166,0.8011000156402588,1.7009543180465698,,
52103,,166,,,0.7993414402008057,0.9359999895095825
52149,0.5082623362541199,167,,,,
52199,0.5089784264564514,167,,,,
52249,0.49793148040771484,167,,,,
52299,0.5240896344184875,167,,,,
52349,0.6814130544662476,167,,,,
52399,0.4551239013671875,167,,,,
52415,,167,0.8012999892234802,1.6116375923156738,,
52415,,167,,,0.7982397079467773,0.9348000288009644
52449,0.4653403162956238,168,,,,
52499,0.4952353239059448,168,,,,
52549,0.5988194942474365,168,,,,
52599,0.5534259676933289,168,,,,
52649,0.5134928226470947,168,,,,
52699,0.5698022842407227,168,,,,
52727,,168,0.803600013256073,1.7032054662704468,,
52727,,168,,,0.7988656759262085,0.9394000172615051
52749,0.492725133895874,169,,,,
52799,0.37031275033950806,169,,,,
52849,0.42524924874305725,169,,,,
52899,0.47153598070144653,169,,,,
52949,0.4303656816482544,169,,,,
52999,0.533504843711853,169,,,,
53039,,169,0.7972999811172485,1.660249948501587,,
53039,,169,,,0.7989407777786255,0.9275000095367432
53049,0.47699427604675293,170,,,,
53099,0.4544668197631836,170,,,,
53149,0.42154890298843384,170,,,,
53199,0.45635372400283813,170,,,,
53249,0.5097459554672241,170,,,,
53299,0.47242218255996704,170,,,,
53349,0.49481120705604553,170,,,,
53351,,170,0.7972000241279602,1.6519304513931274,,
53351,,170,,,0.8001803159713745,0.9345999956130981
53399,0.6257821917533875,171,,,,
53449,0.7061892747879028,171,,,,
53499,0.5005244612693787,171,,,,
53549,0.4906366765499115,171,,,,
53599,0.4724004864692688,171,,,,
53649,0.43733692169189453,171,,,,
53663,,171,0.7990000247955322,1.6089529991149902,,
53663,,171,,,0.8007186651229858,0.9370999932289124
53699,0.5185384750366211,172,,,,
53749,0.5548105239868164,172,,,,
53799,0.4702833890914917,172,,,,
53849,0.5908797383308411,172,,,,
53899,0.42769092321395874,172,,,,
53949,0.5029213428497314,172,,,,
53975,,172,0.8008000254631042,1.6158771514892578,,
53975,,172,,,0.7999925017356873,0.9362000226974487
53999,0.44538959860801697,173,,,,
54049,0.5489996671676636,173,,,,
54099,0.6059978008270264,173,,,,
54149,0.45399582386016846,173,,,,
54199,0.3921188712120056,173,,,,
54249,0.4383620321750641,173,,,,
54287,,173,0.8004999756813049,1.6316211223602295,,
54287,,173,,,0.801344633102417,0.9373000264167786
54299,0.5832152962684631,174,,,,
54349,0.5273956656455994,174,,,,
54399,0.45511558651924133,174,,,,
54449,0.4614367187023163,174,,,,
54499,0.4725874960422516,174,,,,
54549,0.5367647409439087,174,,,,
54599,0.5031019449234009,174,,,,
54599,,174,0.7989000082015991,1.6497505903244019,,
54599,,174,,,0.8009440302848816,0.9337000250816345
54649,0.4538627862930298,175,,,,
54699,0.48316580057144165,175,,,,
54749,0.4135614037513733,175,,,,
54799,0.4633856415748596,175,,,,
54849,0.4946783483028412,175,,,,
54899,0.4521532654762268,175,,,,
54911,,175,0.7968000173568726,1.610522747039795,,
54911,,175,,,0.8003805875778198,0.9343000054359436
54949,0.6027518510818481,176,,,,
54999,0.5418363809585571,176,,,,
55049,0.5308956503868103,176,,,,
55099,0.45430788397789,176,,,,
55149,0.6172811985015869,176,,,,
55199,0.44900476932525635,176,,,,
55223,,176,0.8012999892234802,1.5765763521194458,,
55223,,176,,,0.7992913722991943,0.9387999773025513
55249,0.5384575128555298,177,,,,
55299,0.570958137512207,177,,,,
55349,0.5282814502716064,177,,,,
55399,0.5756173729896545,177,,,,
55449,0.5228524804115295,177,,,,
55499,0.4645729959011078,177,,,,
55535,,177,0.8033999800682068,1.6121490001678467,,
55535,,177,,,0.8018579483032227,0.9395999908447266
55549,0.49254533648490906,178,,,,
55599,0.5628198981285095,178,,,,
55649,0.4603348970413208,178,,,,
55699,0.5290839672088623,178,,,,
55749,0.45471662282943726,178,,,,
55799,0.5304933786392212,178,,,,
55847,,178,0.8023999929428101,1.6450691223144531,,
55847,,178,,,0.8015825152397156,0.9377999901771545
55849,0.5417593121528625,179,,,,
55899,0.5253834128379822,179,,,,
55949,0.4708251953125,179,,,,
55999,0.4096122980117798,179,,,,
56049,0.46380048990249634,179,,,,
56099,0.5015437602996826,179,,,,
56149,0.4978211224079132,179,,,,
56159,,179,0.8041999936103821,1.6008232831954956,,
56159,,179,,,0.8028596043586731,0.9322999715805054
56199,0.627765417098999,180,,,,
56249,0.4941302537918091,180,,,,
56299,0.4514782428741455,180,,,,
56349,0.5635056495666504,180,,,,
56399,0.4755469560623169,180,,,,
56449,0.43123871088027954,180,,,,
56471,,180,0.7990999817848206,1.6303635835647583,,
56471,,180,,,0.8022085428237915,0.9340999722480774
56499,0.4615998864173889,181,,,,
56549,0.4287392497062683,181,,,,
56599,0.5451074838638306,181,,,,
56649,0.5109306573867798,181,,,,
56699,0.5622418522834778,181,,,,
56749,0.6412279605865479,181,,,,
56783,,181,0.8046000003814697,1.6898435354232788,,
56783,,181,,,0.8027969598770142,0.9388999938964844
56799,0.4631381630897522,182,,,,
56849,0.5986632108688354,182,,,,
56899,0.4442364573478699,182,,,,
56949,0.45249709486961365,182,,,,
56999,0.5147944092750549,182,,,,
57049,0.48479098081588745,182,,,,
57095,,182,0.8032000064849854,1.6712379455566406,,
57095,,182,,,0.8024088740348816,0.9387999773025513
57099,0.5444256067276001,183,,,,
57149,0.4297112226486206,183,,,,
57199,0.41110074520111084,183,,,,
57249,0.48545998334884644,183,,,,
57299,0.4510959982872009,183,,,,
57349,0.4552352726459503,183,,,,
57399,0.6296203136444092,183,,,,
57407,,183,0.8039000034332275,1.6003776788711548,,
57407,,183,,,0.8023587465286255,0.9362999796867371
57449,0.45731237530708313,184,,,,
57499,0.40644967555999756,184,,,,
57549,0.501085638999939,184,,,,
57599,0.5703852772712708,184,,,,
57649,0.5083743333816528,184,,,,
57699,0.5092248320579529,184,,,,
57719,,184,0.8039000034332275,1.6339865922927856,,
57719,,184,,,0.8030348420143127,0.9376000165939331
57749,0.46062684059143066,185,,,,
57799,0.5439002513885498,185,,,,
57849,0.521158754825592,185,,,,
57899,0.5266549587249756,185,,,,
57949,0.4585542678833008,185,,,,
57999,0.5000986456871033,185,,,,
58031,,185,0.8011999726295471,1.6011780500411987,,
58031,,185,,,0.8032852411270142,0.9373999834060669
58049,0.5110839009284973,186,,,,
58099,0.4872504472732544,186,,,,
58149,0.5788813829421997,186,,,,
58199,0.4558172821998596,186,,,,
58249,0.5209587216377258,186,,,,
58299,0.5091627836227417,186,,,,
58343,,186,0.8015999794006348,1.5935487747192383,,
58343,,186,,,0.8034605383872986,0.9363999962806702
58349,0.5995892286300659,187,,,,
58399,0.5191940665245056,187,,,,
58449,0.44908949732780457,187,,,,
58499,0.506293773651123,187,,,,
58549,0.45100998878479004,187,,,,
58599,0.4811638295650482,187,,,,
58649,0.5148341059684753,187,,,,
58655,,187,0.8033999800682068,1.6689645051956177,,
58655,,187,,,0.8048753142356873,0.9387000203132629
58699,0.46072864532470703,188,,,,
58749,0.43352559208869934,188,,,,
58799,0.4928283393383026,188,,,,
58849,0.5304768085479736,188,,,,
58899,0.3995403051376343,188,,,,
58949,0.4884844422340393,188,,,,
58967,,188,0.8003000020980835,1.6361461877822876,,
58967,,188,,,0.8047876358032227,0.9340999722480774
58999,0.47213220596313477,189,,,,
59049,0.5522236824035645,189,,,,
59099,0.5340836048126221,189,,,,
59149,0.46554526686668396,189,,,,
59199,0.45647647976875305,189,,,,
59249,0.45341598987579346,189,,,,
59279,,189,0.8040000200271606,1.6357364654541016,,
59279,,189,,,0.8044996857643127,0.9391000270843506
59299,0.4193202555179596,190,,,,
59349,0.432372510433197,190,,,,
59399,0.5168511867523193,190,,,,
59449,0.520214319229126,190,,,,
59499,0.5566073656082153,190,,,,
59549,0.5407493114471436,190,,,,
59591,,190,0.8052999973297119,1.6203649044036865,,
59591,,190,,,0.8046875,0.9405999779701233
59599,0.4201568365097046,191,,,,
59649,0.37706485390663147,191,,,,
59699,0.414444237947464,191,,,,
59749,0.5600785613059998,191,,,,
59799,0.4387001395225525,191,,,,
59849,0.5034801959991455,191,,,,
59899,0.4968554377555847,191,,,,
59903,,191,0.8052999973297119,1.6271920204162598,,
59903,,191,,,0.8055514097213745,0.9440000057220459
59949,0.5549551248550415,192,,,,
59999,0.4667074680328369,192,,,,
60049,0.4687221050262451,192,,,,
60099,0.4381471574306488,192,,,,
60149,0.39528414607048035,192,,,,
60199,0.4130856692790985,192,,,,
60215,,192,0.8034999966621399,1.6596519947052002,,
60215,,192,,,0.8051507472991943,0.9372000098228455
60249,0.5201658010482788,193,,,,
60299,0.4180196523666382,193,,,,
60349,0.40902817249298096,193,,,,
60399,0.5095356702804565,193,,,,
60449,0.5011954307556152,193,,,,
60499,0.5916428565979004,193,,,,
60527,,193,0.8069000244140625,1.624741554260254,,
60527,,193,,,0.8058894276618958,0.9399999976158142
60549,0.484960675239563,194,,,,
60599,0.4093499779701233,194,,,,
60649,0.5002456903457642,194,,,,
60699,0.42762354016304016,194,,,,
60749,0.7312395572662354,194,,,,
60799,0.488949716091156,194,,,,
60839,,194,0.8036999702453613,1.608925223350525,,
60839,,194,,,0.8063651919364929,0.9330000281333923
60849,0.39136335253715515,195,,,,
60899,0.44043225049972534,195,,,,
60949,0.45082390308380127,195,,,,
60999,0.4504082500934601,195,,,,
61049,0.4912574291229248,195,,,,
61099,0.5451672673225403,195,,,,
61149,0.48547422885894775,195,,,,
61151,,195,0.8051999807357788,1.6625055074691772,,
61151,,195,,,0.8063401579856873,0.9372000098228455
61199,0.37258055806159973,196,,,,
61249,0.4478328227996826,196,,,,
61299,0.47150135040283203,196,,,,
61349,0.4376351833343506,196,,,,
61399,0.4764668345451355,196,,,,
61449,0.715087890625,196,,,,
61463,,196,0.8043000102043152,1.6015350818634033,,
61463,,196,,,0.8067032098770142,0.940500020980835
61499,0.4181228280067444,197,,,,
61549,0.4823586940765381,197,,,,
61599,0.5379678010940552,197,,,,
61649,0.5075350403785706,197,,,,
61699,0.47033023834228516,197,,,,
61749,0.4254228472709656,197,,,,
61775,,197,0.8073999881744385,1.6305872201919556,,
61775,,197,,,0.8074418902397156,0.9412000179290771
61799,0.4741271734237671,198,,,,
61849,0.5970547199249268,198,,,,
61899,0.46142470836639404,198,,,,
61949,0.5699746608734131,198,,,,
61999,0.38836807012557983,198,,,,
62049,0.48374420404434204,198,,,,
62087,,198,0.805899977684021,1.613544225692749,,
62087,,198,,,0.8079426884651184,0.944100022315979
62099,0.447347491979599,199,,,,
62149,0.40024620294570923,199,,,,
62199,0.4958789348602295,199,,,,
62249,0.4730759263038635,199,,,,
62299,0.46156060695648193,199,,,,
62349,0.4100380539894104,199,,,,
62399,0.5011661648750305,199,,,,
62399,,199,0.8032000064849854,1.6528323888778687,,
62399,,199,,,0.8074168562889099,0.9337999820709229
62449,0.4646559953689575,200,,,,
62499,0.44165006279945374,200,,,,
62549,0.49784600734710693,200,,,,
62599,0.41845181584358215,200,,,,
62649,0.4770883023738861,200,,,,
62699,0.4693894386291504,200,,,,
62711,,200,0.807200014591217,1.6484622955322266,,
62711,,200,,,0.8073793053627014,0.944100022315979
62749,0.5800588130950928,201,,,,
62799,0.4258301258087158,201,,,,
62849,0.5758079290390015,201,,,,
62899,0.40234851837158203,201,,,,
62949,0.4571341872215271,201,,,,
62999,0.5090932250022888,201,,,,
63023,,201,0.8050000071525574,1.6390880346298218,,
63023,,201,,,0.8070287704467773,0.9419999718666077
63049,0.43751949071884155,202,,,,
63099,0.44561153650283813,202,,,,
63149,0.43546435236930847,202,,,,
63199,0.5695924758911133,202,,,,
63249,0.4690611660480499,202,,,,
63299,0.44089585542678833,202,,,,
63335,,202,0.8029000163078308,1.679709553718567,,
63335,,202,,,0.8079051375389099,0.9426000118255615
63349,0.3852742910385132,203,,,,
63399,0.4645627737045288,203,,,,
63449,0.4660707116127014,203,,,,
63499,0.552904486656189,203,,,,
63549,0.45948508381843567,203,,,,
63599,0.5029481053352356,203,,,,
63647,,203,0.8058000206947327,1.6091612577438354,,
63647,,203,,,0.8084059357643127,0.9402999877929688
63649,0.5282373428344727,204,,,,
63699,0.5800354480743408,204,,,,
63749,0.49343401193618774,204,,,,
63799,0.5432403087615967,204,,,,
63849,0.38385212421417236,204,,,,
63899,0.5080326795578003,204,,,,
63949,0.5367871522903442,204,,,,
63959,,204,0.8065000176429749,1.6263905763626099,,
63959,,204,,,0.8091946840286255,0.9423999786376953
63999,0.3930080533027649,205,,,,
64049,0.45002561807632446,205,,,,
64099,0.38578560948371887,205,,,,
64149,0.5080574154853821,205,,,,
64199,0.5539161562919617,205,,,,
64249,0.41357168555259705,205,,,,
64271,,205,0.8051000237464905,1.6005116701126099,,
64271,,205,,,0.8094450831413269,0.9417999982833862
64299,0.42703741788864136,206,,,,
64349,0.4446945786476135,206,,,,
64399,0.39274731278419495,206,,,,
64449,0.41305190324783325,206,,,,
64499,0.4236769378185272,206,,,,
64549,0.4765141010284424,206,,,,
64583,,206,0.8052999973297119,1.59964120388031,,
64583,,206,,,0.8095452785491943,0.944599986076355
64599,0.4548375904560089,207,,,,
64649,0.4841339588165283,207,,,,
64699,0.41256630420684814,207,,,,
64749,0.44097432494163513,207,,,,
64799,0.39266911149024963,207,,,,
64849,0.4516052007675171,207,,,,
64895,,207,0.8062999844551086,1.5997453927993774,,
64895,,207,,,0.8104968070983887,0.9448000192642212
64899,0.5299226641654968,208,,,,
64949,0.3954119086265564,208,,,,
64999,0.5275962352752686,208,,,,
65049,0.38109636306762695,208,,,,
65099,0.5808561444282532,208,,,,
65149,0.4501948356628418,208,,,,
65199,0.37516823410987854,208,,,,
65207,,208,0.8050000071525574,1.5865833759307861,,
65207,,208,,,0.8100335597991943,0.944100022315979
65249,0.4486311376094818,209,,,,
65299,0.46085554361343384,209,,,,
65349,0.4901891350746155,209,,,,
65399,0.43252378702163696,209,,,,
65449,0.4570552110671997,209,,,,
65499,0.46458956599235535,209,,,,
65519,,209,0.8090000152587891,1.618312120437622,,
65519,,209,,,0.8103840947151184,0.9426000118255615
65549,0.5424917936325073,210,,,,
65599,0.41908958554267883,210,,,,
65649,0.508141279220581,210,,,,
65699,0.380769282579422,210,,,,
65749,0.4329931437969208,210,,,,
65799,0.40330538153648376,210,,,,
65831,,210,0.8062999844551086,1.574148178100586,,
65831,,210,,,0.8103340268135071,0.9449999928474426
65849,0.49067580699920654,211,,,,
65899,0.4281972050666809,211,,,,
65949,0.49338436126708984,211,,,,
65999,0.455105721950531,211,,,,
66049,0.4270978271961212,211,,,,
66099,0.44080549478530884,211,,,,
66143,,211,0.8048999905586243,1.6162134408950806,,
66143,,211,,,0.8109099268913269,0.9431999921798706
66149,0.3550737500190735,212,,,,
66199,0.5084030628204346,212,,,,
66249,0.3845457434654236,212,,,,
66299,0.42321327328681946,212,,,,
66349,0.46788203716278076,212,,,,
66399,0.4318443536758423,212,,,,
66449,0.35780951380729675,212,,,,
66455,,212,0.8041999936103821,1.6078898906707764,,
66455,,212,,,0.8122996687889099,0.9391999840736389
66499,0.3935200870037079,213,,,,
66549,0.35850048065185547,213,,,,
66599,0.41257983446121216,213,,,,
66649,0.49028539657592773,213,,,,
66699,0.37709999084472656,213,,,,
66749,0.45380276441574097,213,,,,
66767,,213,0.804099977016449,1.651687502861023,,
66767,,213,,,0.8110476732254028,0.940500020980835
66799,0.37930092215538025,214,,,,
66849,0.5609215497970581,214,,,,
66899,0.4110051393508911,214,,,,
66949,0.4407234191894531,214,,,,
66999,0.4643775224685669,214,,,,
67049,0.49832069873809814,214,,,,
67079,,214,0.8062000274658203,1.6340928077697754,,
67079,,214,,,0.8114233016967773,0.942799985408783
67099,0.3805021643638611,215,,,,
67149,0.39162182807922363,215,,,,
67199,0.4092891216278076,215,,,,
67249,0.4381256699562073,215,,,,
67299,0.3814488649368286,215,,,,
67349,0.48022180795669556,215,,,,
67391,,215,0.8065999746322632,1.5995745658874512,,
67391,,215,,,0.8116737008094788,0.9453999996185303
67399,0.4898354411125183,216,,,,
67449,0.4630553126335144,216,,,,
67499,0.47107574343681335,216,,,,
67549,0.4533785283565521,216,,,,
67599,0.5554491281509399,216,,,,
67649,0.44118839502334595,216,,,,
67699,0.5877601504325867,216,,,,
67703,,216,0.805400013923645,1.6070477962493896,,
67703,,216,,,0.8126252293586731,0.944599986076355
67749,0.473685622215271,217,,,,
67799,0.42352649569511414,217,,,,
67849,0.4245649576187134,217,,,,
67899,0.3827321231365204,217,,,,
67949,0.40516555309295654,217,,,,
67999,0.4301843047142029,217,,,,
68015,,217,0.8066999912261963,1.5831085443496704,,
68015,,217,,,0.8117613196372986,0.9458000063896179
68049,0.38150671124458313,218,,,,
68099,0.48738646507263184,218,,,,
68149,0.5083698630332947,218,,,,
68199,0.5068041086196899,218,,,,
68249,0.3993953466415405,218,,,,
68299,0.4008598327636719,218,,,,
68327,,218,0.8054999709129333,1.6576597690582275,,
68327,,218,,,0.8125500679016113,0.9449999928474426
68349,0.41384392976760864,219,,,,
68399,0.5670722723007202,219,,,,
68449,0.42414113879203796,219,,,,
68499,0.5412957072257996,219,,,,
68549,0.43198129534721375,219,,,,
68599,0.37937700748443604,219,,,,
68639,,219,0.8059999942779541,1.6203439235687256,,
68639,,219,,,0.8124374151229858,0.9452999830245972
68649,0.49803781509399414,220,,,,
68699,0.45473647117614746,220,,,,
68749,0.39633527398109436,220,,,,
68799,0.39272361993789673,220,,,,
68849,0.5517802238464355,220,,,,
68899,0.4521636664867401,220,,,,
68949,0.4184253513813019,220,,,,
68951,,220,0.805400013923645,1.5978206396102905,,
68951,,220,,,0.8130258321762085,0.9431999921798706
68999,0.4344664216041565,221,,,,
69049,0.4885033965110779,221,,,,
69099,0.503555417060852,221,,,,
69149,0.46267247200012207,221,,,,
69199,0.4987694025039673,221,,,,
69249,0.37308087944984436,221,,,,
69263,,221,0.8073999881744385,1.5972635746002197,,
69263,,221,,,0.8137770295143127,0.9455000162124634
69299,0.4729885458946228,222,,,,
69349,0.5148241519927979,222,,,,
69399,0.4315164089202881,222,,,,
69449,0.4268081784248352,222,,,,
69499,0.47673481702804565,222,,,,
69549,0.3926195800304413,222,,,,
69575,,222,0.8080999851226807,1.6277360916137695,,
69575,,222,,,0.8138270974159241,0.9484999775886536
69599,0.4378325939178467,223,,,,
69649,0.512589693069458,223,,,,
69699,0.41190654039382935,223,,,,
69749,0.34292200207710266,223,,,,
69799,0.4956947863101959,223,,,,
69849,0.5258969068527222,223,,,,
69887,,223,0.8090999722480774,1.6202831268310547,,
69887,,223,,,0.8141526579856873,0.9465000033378601
69899,0.39708036184310913,224,,,,
69949,0.43124985694885254,224,,,,
69999,0.48978835344314575,224,,,,
70049,0.5113248825073242,224,,,,
70099,0.36792218685150146,224,,,,
70149,0.3956998288631439,224,,,,
70199,0.4107065200805664,224,,,,
70199,,224,0.8098999857902527,1.5889638662338257,,
70199,,224,,,0.8141151070594788,0.9437000155448914
70249,0.4351956844329834,225,,,,
70299,0.44126078486442566,225,,,,
70349,0.4525867700576782,225,,,,
70399,0.40482771396636963,225,,,,
70449,0.39252597093582153,225,,,,
70499,0.3723352253437042,225,,,,
70511,,225,0.8070999979972839,1.611802101135254,,
70511,,225,,,0.8138521909713745,0.9478999972343445
70549,0.427663654088974,226,,,,
70599,0.3797585964202881,226,,,,
70649,0.43018490076065063,226,,,,
70699,0.4767173230648041,226,,,,
70749,0.3623311519622803,226,,,,
70799,0.36838603019714355,226,,,,
70823,,226,0.8065000176429749,1.6373682022094727,,
70823,,226,,,0.8139898777008057,0.9473000168800354
70849,0.459907591342926,227,,,,
70899,0.506312906742096,227,,,,
70949,0.44011032581329346,227,,,,
70999,0.5620694160461426,227,,,,
71049,0.3806035816669464,227,,,,
71099,0.3941386342048645,227,,,,
71135,,227,0.807200014591217,1.6392871141433716,,
71135,,227,,,0.8150666356086731,0.9449999928474426
71149,0.40525221824645996,228,,,,
71199,0.36905068159103394,228,,,,
71249,0.47233396768569946,228,,,,
71299,0.38855618238449097,228,,,,
71349,0.4090427756309509,228,,,,
71399,0.39093154668807983,228,,,,
71447,,228,0.807699978351593,1.6022714376449585,,
71447,,228,,,0.8151918053627014,0.9480000138282776
71449,0.4267207980155945,229,,,,
71499,0.3789592385292053,229,,,,
71549,0.4486108422279358,229,,,,
71599,0.5035260915756226,229,,,,
71649,0.497977614402771,229,,,,
71699,0.38413316011428833,229,,,,
71749,0.3806311786174774,229,,,,
71759,,229,0.8070999979972839,1.6060255765914917,,
71759,,229,,,0.8149038553237915,0.9491999745368958
71799,0.4716663956642151,230,,,,
71849,0.36071690917015076,230,,,,
71899,0.43202078342437744,230,,,,
71949,0.47501033544540405,230,,,,
71999,0.4576161503791809,230,,,,
72049,0.34484392404556274,230,,,,
72071,,230,0.8087000250816345,1.5826311111450195,,
72071,,230,,,0.8160431981086731,0.9474999904632568
72099,0.4794032573699951,231,,,,
72149,0.40699365735054016,231,,,,
72199,0.42130425572395325,231,,,,
72249,0.4721749424934387,231,,,,
72299,0.4778617322444916,231,,,,
72349,0.41528528928756714,231,,,,
72383,,231,0.809499979019165,1.5835338830947876,,
72383,,231,,,0.8152669072151184,0.9495000243186951
72399,0.41659674048423767,232,,,,
72449,0.476631760597229,232,,,,
72499,0.42486295104026794,232,,,,
72549,0.40118175745010376,232,,,,
72599,0.42813873291015625,232,,,,
72649,0.34639284014701843,232,,,,
72695,,232,0.8082000017166138,1.6039406061172485,,
72695,,232,,,0.8164312839508057,0.9452999830245972
72699,0.3490750789642334,233,,,,
72749,0.4423801898956299,233,,,,
72799,0.4911609888076782,233,,,,
72849,0.5411839485168457,233,,,,
72899,0.41386687755584717,233,,,,
72949,0.5624656677246094,233,,,,
72999,0.43666642904281616,233,,,,
73007,,233,0.8097000122070312,1.580736756324768,,
73007,,233,,,0.8166190981864929,0.9498999714851379
73049,0.35780131816864014,234,,,,
73099,0.3676198124885559,234,,,,
73149,0.38605737686157227,234,,,,
73199,0.5011568069458008,234,,,,
73249,0.5466683506965637,234,,,,
73299,0.5229314565658569,234,,,,
73319,,234,0.8086000084877014,1.597405195236206,,
73319,,234,,,0.8160807490348816,0.9492999911308289
73349,0.4209025502204895,235,,,,
73399,0.3969046175479889,235,,,,
73449,0.41637682914733887,235,,,,
73499,0.3861045837402344,235,,,,
73549,0.48247215151786804,235,,,,
73599,0.37553638219833374,235,,,,
73631,,235,0.8065999746322632,1.5952048301696777,,
73631,,235,,,0.8172826766967773,0.9476000070571899
73649,0.4652285873889923,236,,,,
73699,0.3982517123222351,236,,,,
73749,0.41337496042251587,236,,,,
73799,0.42818695306777954,236,,,,
73849,0.36091214418411255,236,,,,
73899,0.4062733054161072,236,,,,
73943,,236,0.809499979019165,1.594985008239746,,
73943,,236,,,0.81689453125,0.9513999819755554
73949,0.4050317406654358,237,,,,
73999,0.37358394265174866,237,,,,
74049,0.4057507812976837,237,,,,
74099,0.43227511644363403,237,,,,
74149,0.3670344650745392,237,,,,
74199,0.3702860474586487,237,,,,
74249,0.40378016233444214,237,,,,
74255,,237,0.807200014591217,1.5950011014938354,,
74255,,237,,,0.8175831437110901,0.9466999769210815
74299,0.42714637517929077,238,,,,
74349,0.36255088448524475,238,,,,
74399,0.42061570286750793,238,,,,
74449,0.44420957565307617,238,,,,
74499,0.42161649465560913,238,,,,
74549,0.43806153535842896,238,,,,
74567,,238,0.8109999895095825,1.5828567743301392,,
74567,,238,,,0.8178210258483887,0.9484000205993652
74599,0.4646192491054535,239,,,,
74649,0.35543912649154663,239,,,,
74699,0.3899558484554291,239,,,,
74749,0.4456103444099426,239,,,,
74799,0.4118417203426361,239,,,,
74849,0.41295307874679565,239,,,,
74879,,239,0.8079000115394592,1.5972812175750732,,
74879,,239,,,0.8178085088729858,0.9501000046730042
74899,0.36280637979507446,240,,,,
74949,0.35382336378097534,240,,,,
74999,0.43494322896003723,240,,,,
75049,0.37480685114860535,240,,,,
75099,0.3732140064239502,240,,,,
75149,0.37150129675865173,240,,,,
75191,,240,0.8098999857902527,1.5900986194610596,,
75191,,240,,,0.8180714249610901,0.949999988079071
75199,0.39001190662384033,241,,,,
75249,0.36087745428085327,241,,,,
75299,0.40991872549057007,241,,,,
75349,0.34666159749031067,241,,,,
75399,0.40739354491233826,241,,,,
75449,0.34462279081344604,241,,,,
75499,0.4407857656478882,241,,,,
75503,,241,0.8101999759674072,1.5632894039154053,,
75503,,241,,,0.8180589079856873,0.948199987411499
75549,0.3965873718261719,242,,,,
75599,0.4075559079647064,242,,,,
75649,0.43843382596969604,242,,,,
75699,0.4325091242790222,242,,,,
75749,0.40695858001708984,242,,,,
75799,0.35280874371528625,242,,,,
75815,,242,0.8090999722480774,1.5787221193313599,,
75815,,242,,,0.8169445991516113,0.9501000046730042
75849,0.38094085454940796,243,,,,
75899,0.4659317433834076,243,,,,
75949,0.39532071352005005,243,,,,
75999,0.3794702887535095,243,,,,
76049,0.3347086012363434,243,,,,
76099,0.32415732741355896,243,,,,
76127,,243,0.809499979019165,1.5393692255020142,,
76127,,243,,,0.8182717561721802,0.9484000205993652
76149,0.4050396978855133,244,,,,
76199,0.3863009214401245,244,,,,
76249,0.4307079613208771,244,,,,
76299,0.502674400806427,244,,,,
76349,0.4397065043449402,244,,,,
76399,0.4744444489479065,244,,,,
76439,,244,0.8087999820709229,1.588816523551941,,
76439,,244,,,0.817795991897583,0.9513000249862671
76449,0.44059550762176514,245,,,,
76499,0.49865514039993286,245,,,,
76549,0.35851094126701355,245,,,,
76599,0.39584970474243164,245,,,,
76649,0.4424729645252228,245,,,,
76699,0.3909701704978943,245,,,,
76749,0.42205744981765747,245,,,,
76751,,245,0.8090000152587891,1.5655163526535034,,
76751,,245,,,0.8189603090286255,0.9487000107765198
76799,0.347034752368927,246,,,,
76849,0.4299781918525696,246,,,,
76899,0.36637499928474426,246,,,,
76949,0.4099341928958893,246,,,,
76999,0.37374240159988403,246,,,,
77049,0.4134209454059601,246,,,,
77063,,246,0.8093000054359436,1.5768814086914062,,
77063,,246,,,0.8183093070983887,0.9501000046730042
77099,0.3204745054244995,247,,,,
77149,0.4616113305091858,247,,,,
77199,0.3934894800186157,247,,,,
77249,0.37657877802848816,247,,,,
77299,0.4755937457084656,247,,,,
77349,0.36239609122276306,247,,,,
77375,,247,0.8108000159263611,1.5531607866287231,,
77375,,247,,,0.8188601732254028,0.9501000046730042
77399,0.419478178024292,248,,,,
77449,0.4185471534729004,248,,,,
77499,0.44530537724494934,248,,,,
77549,0.3695537745952606,248,,,,
77599,0.5210599303245544,248,,,,
77649,0.49125391244888306,248,,,,
77687,,248,0.8094000220298767,1.5585755109786987,,
77687,,248,,,0.8193860054016113,0.9506000280380249
77699,0.4617515206336975,249,,,,
77749,0.3908853232860565,249,,,,
77799,0.37467968463897705,249,,,,
77849,0.4856894016265869,249,,,,
77899,0.48453080654144287,249,,,,
77949,0.4059934616088867,249,,,,
77999,0.32768768072128296,249,,,,
77999,,249,0.8111000061035156,1.594860553741455,,
77999,,249,,,0.8196364045143127,0.9538000226020813
78049,0.3661470413208008,250,,,,
78099,0.3060796856880188,250,,,,
78149,0.37920793890953064,250,,,,
78199,0.4062810242176056,250,,,,
78249,0.36121439933776855,250,,,,
78299,0.37996551394462585,250,,,,
78311,,250,0.8116000294685364,1.576564073562622,,
78311,,250,,,0.8190980553627014,0.9549000263214111
78349,0.393909215927124,251,,,,
78399,0.44373494386672974,251,,,,
78449,0.409051775932312,251,,,,
78499,0.36236143112182617,251,,,,
78549,0.3288465440273285,251,,,,
78599,0.5196171998977661,251,,,,
78623,,251,0.8120999932289124,1.5350654125213623,,
78623,,251,,,0.8204502463340759,0.953000009059906
78649,0.4172375202178955,252,,,,
78699,0.403547078371048,252,,,,
78749,0.34914296865463257,252,,,,
78799,0.47886455059051514,252,,,,
78849,0.46442553400993347,252,,,,
78899,0.37952280044555664,252,,,,
78935,,252,0.8112999796867371,1.564378261566162,,
78935,,252,,,0.8199368715286255,0.9520000219345093
78949,0.3809032440185547,253,,,,
78999,0.39409738779067993,253,,,,
79049,0.4117990732192993,253,,,,
79099,0.35645559430122375,253,,,,
79149,0.4456089437007904,253,,,,
79199,0.4846642017364502,253,,,,
79247,,253,0.8101000189781189,1.557486653327942,,
79247,,253,,,0.8207882642745972,0.9528999924659729
79249,0.4734036922454834,254,,,,
79299,0.39782676100730896,254,,,,
79349,0.3791644871234894,254,,,,
79399,0.35255730152130127,254,,,,
79449,0.3304336965084076,254,,,,
79499,0.43452149629592896,254,,,,
79549,0.4095692038536072,254,,,,
79559,,254,0.8112999796867371,1.5621895790100098,,
79559,,254,,,0.8200495839118958,0.9498000144958496
79599,0.43531864881515503,255,,,,
79649,0.29728060960769653,255,,,,
79699,0.37697523832321167,255,,,,
79749,0.3792167603969574,255,,,,
79799,0.36498695611953735,255,,,,
79849,0.3651176989078522,255,,,,
79871,,255,0.8108000159263611,1.5777275562286377,,
79871,,255,,,0.8207131624221802,0.9524999856948853
79899,0.4194340705871582,256,,,,
79949,0.4134778678417206,256,,,,
79999,0.36581552028656006,256,,,,
80049,0.3361850678920746,256,,,,
80099,0.41611936688423157,256,,,,
80149,0.3625420331954956,256,,,,
80183,,256,0.8104000091552734,1.5861743688583374,,
80183,,256,,,0.8206881284713745,0.9520000219345093
80199,0.359248548746109,257,,,,
80249,0.3652785122394562,257,,,,
80299,0.38217592239379883,257,,,,
80349,0.34948912262916565,257,,,,
80399,0.3907877206802368,257,,,,
80449,0.37492653727531433,257,,,,
80495,,257,0.8119000196456909,1.561195969581604,,
80495,,257,,,0.8199494481086731,0.9501000046730042
80499,0.3974822759628296,258,,,,
80549,0.34445440769195557,258,,,,
80599,0.3986985683441162,258,,,,
80649,0.3406890630722046,258,,,,
80699,0.3199423551559448,258,,,,
80749,0.31204530596733093,258,,,,
80799,0.42891964316368103,258,,,,
80807,,258,0.8111000061035156,1.560984492301941,,
80807,,258,,,0.8204377293586731,0.9519000053405762
80849,0.3834742307662964,259,,,,
80899,0.3765147924423218,259,,,,
80949,0.4075565040111542,259,,,,
80999,0.3520634174346924,259,,,,
81049,0.33254194259643555,259,,,,
81099,0.30208972096443176,259,,,,
81119,,259,0.8111000061035156,1.5648807287216187,,
81119,,259,,,0.8206881284713745,0.9535999894142151
81149,0.45100465416908264,260,,,,
81199,0.37304794788360596,260,,,,
81249,0.4710456132888794,260,,,,
81299,0.5097750425338745,260,,,,
81349,0.35809946060180664,260,,,,
81399,0.3684249222278595,260,,,,
81431,,260,0.810699999332428,1.5714702606201172,,
81431,,260,,,0.8207757472991943,0.9545000195503235
81449,0.41546446084976196,261,,,,
81499,0.34859973192214966,261,,,,
81549,0.45356833934783936,261,,,,
81599,0.35534197092056274,261,,,,
81649,0.37798917293548584,261,,,,
81699,0.36255308985710144,261,,,,
81743,,261,0.8119999766349792,1.5808517932891846,,
81743,,261,,,0.8206881284713745,0.954200029373169
81749,0.39641115069389343,262,,,,
81799,0.38148534297943115,262,,,,
81849,0.3825991451740265,262,,,,
81899,0.4119666516780853,262,,,,
81949,0.4060404896736145,262,,,,
81999,0.3783206045627594,262,,,,
82049,0.3961074650287628,262,,,,
82055,,262,0.8118000030517578,1.5846047401428223,,
82055,,262,,,0.8213266134262085,0.953000009059906
82099,0.4390314519405365,263,,,,
82149,0.3797236680984497,263,,,,
82199,0.3942919969558716,263,,,,
82249,0.430652379989624,263,,,,
82299,0.46188899874687195,263,,,,
82349,0.4339357614517212,263,,,,
82367,,263,0.8126999735832214,1.5728355646133423,,
82367,,263,,,0.8221403956413269,0.9541000127792358
82399,0.4428548514842987,264,,,,
82449,0.42226314544677734,264,,,,
82499,0.31921568512916565,264,,,,
82549,0.3978159725666046,264,,,,
82599,0.3849897086620331,264,,,,
82649,0.38567718863487244,264,,,,
82679,,264,0.8119999766349792,1.5617541074752808,,
82679,,264,,,0.822265625,0.951200008392334
82699,0.3320813477039337,265,,,,
82749,0.34869182109832764,265,,,,
82799,0.4099460244178772,265,,,,
82849,0.4398195743560791,265,,,,
82899,0.3608381748199463,265,,,,
82949,0.39518266916275024,265,,,,
82991,,265,0.8101000189781189,1.5590720176696777,,
82991,,265,,,0.8219150900840759,0.9538000226020813
82999,0.408698171377182,266,,,,
83049,0.39046114683151245,266,,,,
83099,0.3151134252548218,266,,,,
83149,0.3803761899471283,266,,,,
83199,0.3445635437965393,266,,,,
83249,0.45983046293258667,266,,,,
83299,0.36160844564437866,266,,,,
83303,,266,0.8112000226974487,1.5884097814559937,,
83303,,266,,,0.8217272758483887,0.9555000066757202
83349,0.4285696744918823,267,,,,
83399,0.3466355800628662,267,,,,
83449,0.4960123598575592,267,,,,
83499,0.4401099681854248,267,,,,
83549,0.39672648906707764,267,,,,
83599,0.2935618460178375,267,,,,
83615,,267,0.8119000196456909,1.5664429664611816,,
83615,,267,,,0.8224659562110901,0.9539999961853027
83649,0.3836251497268677,268,,,,
83699,0.3378572463989258,268,,,,
83749,0.4276561439037323,268,,,,
83799,0.32889652252197266,268,,,,
83849,0.3514143228530884,268,,,,
83899,0.38802388310432434,268,,,,
83927,,268,0.8126000165939331,1.5651954412460327,,
83927,,268,,,0.8218023777008057,0.9531000256538391
83949,0.3888013958930969,269,,,,
83999,0.44680434465408325,269,,,,
84049,0.4398217797279358,269,,,,
84099,0.3891097605228424,269,,,,
84149,0.44400715827941895,269,,,,
84199,0.3974014222621918,269,,,,
84239,,269,0.8140000104904175,1.5761020183563232,,
84239,,269,,,0.8213140964508057,0.9535999894142151
84249,0.4256976842880249,270,,,,
84299,0.3805030584335327,270,,,,
84349,0.3527330160140991,270,,,,
84399,0.43446454405784607,270,,,,
84449,0.39810070395469666,270,,,,
84499,0.3907308578491211,270,,,,
84549,0.3297940790653229,270,,,,
84551,,270,0.8133000135421753,1.575145959854126,,
84551,,270,,,0.8222906589508057,0.9538000226020813
84599,0.3776695430278778,271,,,,
84649,0.3792112469673157,271,,,,
84699,0.31104323267936707,271,,,,
84749,0.3403621315956116,271,,,,
84799,0.3711124062538147,271,,,,
84849,0.3418967127799988,271,,,,
84863,,271,0.8108999729156494,1.5624271631240845,,
84863,,271,,,0.8227038383483887,0.9549000263214111
84899,0.35072991251945496,272,,,,
84949,0.4459661841392517,272,,,,
84999,0.38613155484199524,272,,,,
85049,0.3374656140804291,272,,,,
85099,0.30241724848747253,272,,,,
85149,0.4662533104419708,272,,,,
85175,,272,0.8123999834060669,1.5635522603988647,,
85175,,272,,,0.8227914571762085,0.9532999992370605
85199,0.4818453788757324,273,,,,
85249,0.4049762487411499,273,,,,
85299,0.3801816701889038,273,,,,
85349,0.3400721251964569,273,,,,
85399,0.38813263177871704,273,,,,
85449,0.45039302110671997,273,,,,
85487,,273,0.8137999773025513,1.573007345199585,,
85487,,273,,,0.8224659562110901,0.953000009059906
85499,0.35987231135368347,274,,,,
85549,0.3316152095794678,274,,,,
85599,0.3107648193836212,274,,,,
85649,0.3546936810016632,274,,,,
85699,0.3753405213356018,274,,,,
85749,0.34877437353134155,274,,,,
85799,0.3253253102302551,274,,,,
85799,,274,0.8131999969482422,1.5730140209197998,,
85799,,274,,,0.8229292035102844,0.9545999765396118
85849,0.29583534598350525,275,,,,
85899,0.33890730142593384,275,,,,
85949,0.41945332288742065,275,,,,
85999,0.34555160999298096,275,,,,
86049,0.3188450336456299,275,,,,
86099,0.38474705815315247,275,,,,
86111,,275,0.8126999735832214,1.572135329246521,,
86111,,275,,,0.822829008102417,0.9541000127792358
86149,0.32522404193878174,276,,,,
86199,0.36841627955436707,276,,,,
86249,0.4882355332374573,276,,,,
86299,0.5618020296096802,276,,,,
86349,0.37353697419166565,276,,,,
86399,0.4388672113418579,276,,,,
86423,,276,0.8133999705314636,1.5738601684570312,,
86423,,276,,,0.8220778107643127,0.9556000232696533
86449,0.38281935453414917,277,,,,
86499,0.40403831005096436,277,,,,
86549,0.3927076458930969,277,,,,
86599,0.3826846778392792,277,,,,
86649,0.3610074520111084,277,,,,
86699,0.4004303812980652,277,,,,
86735,,277,0.8123000264167786,1.5663225650787354,,
86735,,277,,,0.8230668902397156,0.9539999961853027
86749,0.4013899862766266,278,,,,
86799,0.3873448669910431,278,,,,
86849,0.28510013222694397,278,,,,
86899,0.40904322266578674,278,,,,
86949,0.3229040503501892,278,,,,
86999,0.38464248180389404,278,,,,
87047,,278,0.8126000165939331,1.5564786195755005,,
87047,,278,,,0.8226286768913269,0.9552000164985657
87049,0.35566359758377075,279,,,,
87099,0.2652803659439087,279,,,,
87149,0.44173091650009155,279,,,,
87199,0.4290499687194824,279,,,,
87249,0.33062881231307983,279,,,,
87299,0.36316511034965515,279,,,,
87349,0.39635276794433594,279,,,,
87359,,279,0.8122000098228455,1.5503160953521729,,
87359,,279,,,0.8236178159713745,0.9541000127792358
87399,0.4255387783050537,280,,,,
87449,0.3610852360725403,280,,,,
87499,0.348178505897522,280,,,,
87549,0.4004857540130615,280,,,,
87599,0.3859065771102905,280,,,,
87649,0.3470998704433441,280,,,,
87671,,280,0.8138999938964844,1.5453091859817505,,
87671,,280,,,0.8236428499221802,0.9545999765396118
87699,0.32378798723220825,281,,,,
87749,0.3537612855434418,281,,,,
87799,0.3451853096485138,281,,,,
87849,0.3131045401096344,281,,,,
87899,0.3335132300853729,281,,,,
87949,0.37008243799209595,281,,,,
87983,,281,0.8126999735832214,1.553674578666687,,
87983,,281,,,0.8235051035881042,0.9549000263214111
87999,0.31663450598716736,282,,,,
88049,0.36158081889152527,282,,,,
88099,0.37159186601638794,282,,,,
88149,0.3276064693927765,282,,,,
88199,0.41015803813934326,282,,,,
88249,0.3381043076515198,282,,,,
88295,,282,0.8116000294685364,1.5655755996704102,,
88295,,282,,,0.8232672214508057,0.9545000195503235
88299,0.34743601083755493,283,,,,
88349,0.2758368253707886,283,,,,
88399,0.3894367218017578,283,,,,
88449,0.38844722509384155,283,,,,
88499,0.34486931562423706,283,,,,
88549,0.33919569849967957,283,,,,
88599,0.3523837924003601,283,,,,
88607,,283,0.8123999834060669,1.5661245584487915,,
88607,,283,,,0.8241186141967773,0.9546999931335449
88649,0.38816243410110474,284,,,,
88699,0.408220112323761,284,,,,
88749,0.3684948682785034,284,,,,
88799,0.41457223892211914,284,,,,
88849,0.401804655790329,284,,,,
88899,0.30234336853027344,284,,,,
88919,,284,0.8113999962806702,1.575424075126648,,
88919,,284,,,0.8231545686721802,0.9546999931335449
88949,0.3160853981971741,285,,,,
88999,0.3915984332561493,285,,,,
89049,0.44257402420043945,285,,,,
89099,0.4063783288002014,285,,,,
89149,0.4016531705856323,285,,,,
89199,0.3771704435348511,285,,,,
89231,,285,0.8113999962806702,1.5724278688430786,,
89231,,285,,,0.8243564963340759,0.954200029373169
89249,0.36173009872436523,286,,,,
89299,0.3144384026527405,286,,,,
89349,0.4161970615386963,286,,,,
89399,0.4019128680229187,286,,,,
89449,0.3440200686454773,286,,,,
89499,0.4160301983356476,286,,,,
89543,,286,0.8123999834060669,1.564508318901062,,
89543,,286,,,0.8236929178237915,0.9535999894142151
89549,0.3739989399909973,287,,,,
89599,0.39736208319664,287,,,,
89649,0.37682241201400757,287,,,,
89699,0.36197739839553833,287,,,,
89749,0.4181309938430786,287,,,,
89799,0.4506046772003174,287,,,,
89849,0.32844728231430054,287,,,,
89855,,287,0.8126000165939331,1.57732355594635,,
89855,,287,,,0.8233548402786255,0.9553999900817871
89899,0.34922507405281067,288,,,,
89949,0.37577852606773376,288,,,,
89999,0.3719174861907959,288,,,,
90049,0.3563142716884613,288,,,,
90099,0.38260704278945923,288,,,,
90149,0.37772688269615173,288,,,,
90167,,288,0.8129000067710876,1.5757405757904053,,
90167,,288,,,0.8234925866127014,0.954800009727478
90199,0.3738420009613037,289,,,,
90249,0.3578334152698517,289,,,,
90299,0.3510477542877197,289,,,,
90349,0.34681475162506104,289,,,,
90399,0.4002782106399536,289,,,,
90449,0.3811131715774536,289,,,,
90479,,289,0.8118000030517578,1.56192147731781,,
90479,,289,,,0.8246444463729858,0.954200029373169
90499,0.35435643792152405,290,,,,
90549,0.33868709206581116,290,,,,
90599,0.3246175944805145,290,,,,
90649,0.3335689902305603,290,,,,
90699,0.4017293453216553,290,,,,
90749,0.40030547976493835,290,,,,
90791,,290,0.8122000098228455,1.5630018711090088,,
90791,,290,,,0.8236428499221802,0.9549999833106995
90799,0.3642925024032593,291,,,,
90849,0.3869432508945465,291,,,,
90899,0.34650805592536926,291,,,,
90949,0.354977548122406,291,,,,
90999,0.3320540487766266,291,,,,
91049,0.3239753544330597,291,,,,
91099,0.3849574625492096,291,,,,
91103,,291,0.8123999834060669,1.5581265687942505,,
91103,,291,,,0.8239182829856873,0.954200029373169
91149,0.32338887453079224,292,,,,
91199,0.4568985104560852,292,,,,
91249,0.4159088730812073,292,,,,
91299,0.34318527579307556,292,,,,
91349,0.38684511184692383,292,,,,
91399,0.3469816744327545,292,,,,
91415,,292,0.8129000067710876,1.5648720264434814,,
91415,,292,,,0.8236052393913269,0.955299973487854
91449,0.31485703587532043,293,,,,
91499,0.35309022665023804,293,,,,
91549,0.36893510818481445,293,,,,
91599,0.35840505361557007,293,,,,
91649,0.3717813491821289,293,,,,
91699,0.34272465109825134,293,,,,
91727,,293,0.8125,1.5648492574691772,,
91727,,293,,,0.8240810036659241,0.9555000066757202
91749,0.3244425058364868,294,,,,
91799,0.43356603384017944,294,,,,
91849,0.35833603143692017,294,,,,
91899,0.3462674021720886,294,,,,
91949,0.4085121750831604,294,,,,
91999,0.39712953567504883,294,,,,
92039,,294,0.8133999705314636,1.5639926195144653,,
92039,,294,,,0.823805570602417,0.954800009727478
92049,0.47540557384490967,295,,,,
92099,0.37590569257736206,295,,,,
92149,0.34460797905921936,295,,,,
92199,0.34534215927124023,295,,,,
92249,0.4423050284385681,295,,,,
92299,0.4063885509967804,295,,,,
92349,0.2891787588596344,295,,,,
92351,,295,0.8123000264167786,1.5626888275146484,,
92351,,295,,,0.8240559697151184,0.9545000195503235
92399,0.40244564414024353,296,,,,
92449,0.40051284432411194,296,,,,
92499,0.40700915455818176,296,,,,
92549,0.35816410183906555,296,,,,
92599,0.4530888795852661,296,,,,
92649,0.3734971880912781,296,,,,
92663,,296,0.8123999834060669,1.5636036396026611,,
92663,,296,,,0.8243063688278198,0.9538000226020813
92699,0.36336010694503784,297,,,,
92749,0.42884883284568787,297,,,,
92799,0.38407573103904724,297,,,,
92849,0.3542047142982483,297,,,,
92899,0.42074763774871826,297,,,,
92949,0.3347100615501404,297,,,,
92975,,297,0.8130000233650208,1.5646306276321411,,
92975,,297,,,0.8239433169364929,0.9541000127792358
92999,0.40795204043388367,298,,,,
93049,0.39944350719451904,298,,,,
93099,0.38314908742904663,298,,,,
93149,0.29327839612960815,298,,,,
93199,0.3466925024986267,298,,,,
93249,0.42491650581359863,298,,,,
93287,,298,0.8130999803543091,1.560360074043274,,
93287,,298,,,0.8241311311721802,0.9552000164985657
93299,0.3787349462509155,299,,,,
93349,0.33122894167900085,299,,,,
93399,0.3976367115974426,299,,,,
93449,0.3311842381954193,299,,,,
93499,0.4069329798221588,299,,,,
93549,0.3908535838127136,299,,,,
93599,0.3632528781890869,299,,,,
93599,,299,0.8133000135421753,1.5675984621047974,,
93599,,299,,,0.823805570602417,0.9563000202178955
