train_loss2,step,train_loss1,epoch,train_acc1,test_acc,train_acc2
0.013783441856503487,49,0.01402470376342535,0,,,
0.014682872220873833,99,0.014149036258459091,0,,,
0.014170272275805473,149,0.014010444283485413,0,,,
0.013641678728163242,199,0.013738364912569523,0,,,
0.013391129672527313,249,0.012927119620144367,0,,,
0.013369707390666008,299,0.013503382913768291,0,,,
0.011741271242499352,349,0.012249280698597431,0,,,
,389,,0,0.3432692289352417,0.5073000192642212,0.34503206610679626
0.011435363441705704,399,0.011692091822624207,1,,,
0.012007636949419975,449,0.012100212275981903,1,,,
0.009576497599482536,499,0.00959464069455862,1,,,
0.011920316144824028,549,0.011652562767267227,1,,,
0.013259303756058216,599,0.013757975772023201,1,,,
0.009913124144077301,649,0.010609420016407967,1,,,
0.010063407942652702,699,0.009914376772940159,1,,,
0.011778704822063446,749,0.012263849377632141,1,,,
,779,,1,0.48243188858032227,0.6029999852180481,0.4876802861690521
0.008323125541210175,799,0.008726105093955994,2,,,
0.00863473117351532,849,0.008079994469881058,2,,,
0.008700156584382057,899,0.00944669172167778,2,,,
0.009605363942682743,949,0.009875091724097729,2,,,
0.009785405360162258,999,0.010303011164069176,2,,,
0.008245127275586128,1049,0.00809204950928688,2,,,
0.008600802160799503,1099,0.008702969178557396,2,,,
0.010350093245506287,1149,0.010175052098929882,2,,,
,1169,,2,0.556209921836853,0.6431000232696533,0.5565103888511658
0.008461898192763329,1199,0.007607342209666967,3,,,
0.010232373140752316,1249,0.010384411551058292,3,,,
0.008998711593449116,1299,0.00936050247400999,3,,,
0.009554991498589516,1349,0.00917541328817606,3,,,
0.00876148883253336,1399,0.008119195699691772,3,,,
0.009020859375596046,1449,0.008587269112467766,3,,,
0.007214734796434641,1499,0.006574287079274654,3,,,
0.007984424009919167,1549,0.00773913087323308,3,,,
,1559,,3,0.6031049489974976,0.7232999801635742,0.600981593132019
0.007898149080574512,1599,0.008061910048127174,4,,,
0.006383769679814577,1649,0.005951473489403725,4,,,
0.009246964938938618,1699,0.008696376346051693,4,,,
0.005156517960131168,1749,0.005063459277153015,4,,,
0.006245989818125963,1799,0.005760302301496267,4,,,
0.00727470126003027,1849,0.00665024109184742,4,,,
0.00714532658457756,1899,0.006970973219722509,4,,,
0.0074368310160934925,1949,0.006767355836927891,4,,,
,1949,,4,0.6385216116905212,0.7107999920845032,0.6322916746139526
0.007202710025012493,1999,0.007856335490942001,5,,,
0.005978376138955355,2049,0.005328136496245861,5,,,
0.005125235300511122,2099,0.005458954256027937,5,,,
0.004627066198736429,2149,0.004827575758099556,5,,,
0.0061794365756213665,2199,0.006654917728155851,5,,,
0.004852858372032642,2249,0.005333422217518091,5,,,
0.0058159539476037025,2299,0.005626868922263384,5,,,
,2339,,5,0.6634414792060852,0.7530999779701233,0.6582131385803223
0.003520926460623741,2349,0.0035853306762874126,6,,,
0.006797323003411293,2399,0.007296264171600342,6,,,
0.0053274910897016525,2449,0.005673706531524658,6,,,
0.004060073290020227,2499,0.003975150641053915,6,,,
0.0041076624765992165,2549,0.004091564565896988,6,,,
0.004191776271909475,2599,0.004806692712008953,6,,,
0.003113666782155633,2649,0.0033261484932154417,6,,,
0.0035871854051947594,2699,0.003821877297013998,6,,,
,2729,,6,0.6787660121917725,0.7491000294685364,0.6768028736114502
0.00525294104591012,2749,0.00513965729624033,7,,,
0.0032537339720875025,2799,0.0034821995068341494,7,,,
0.004471897147595882,2849,0.00449608126655221,7,,,
0.0040505873039364815,2899,0.003998273983597755,7,,,
0.004871288780122995,2949,0.00458186212927103,7,,,
0.003695751540362835,2999,0.003945484291762114,7,,,
0.00506312120705843,3049,0.004743630066514015,7,,,
0.003902013413608074,3099,0.003392608370631933,7,,,
,3119,,7,0.6920272707939148,0.7656999826431274,0.6901642680168152
0.004426309373229742,3149,0.0038891974836587906,8,,,
0.003139449981972575,3199,0.003297551302239299,8,,,
0.003547490108758211,3249,0.0035983887501060963,8,,,
0.003317097667604685,3299,0.004131879657506943,8,,,
0.0035120740067213774,3349,0.003639335511252284,8,,,
0.003984382376074791,3399,0.0043259565718472,8,,,
0.003628490725532174,3449,0.004030546173453331,8,,,
0.002409921493381262,3499,0.002322035375982523,8,,,
,3509,,8,0.7034655213356018,0.8021000027656555,0.7009214758872986
0.0028034041170030832,3549,0.0033995909616351128,9,,,
0.004032917786389589,3599,0.004185986239463091,9,,,
0.0027178970631211996,3649,0.0021654616575688124,9,,,
0.0023453603498637676,3699,0.0023233022075146437,9,,,
0.004188531544059515,3749,0.005213945172727108,9,,,
0.003999258391559124,3799,0.0044715264812111855,9,,,
0.0018286864506080747,3849,0.0016083108494058251,9,,,
0.0024261188227683306,3899,0.0024851395282894373,9,,,
,3899,,9,0.7099158763885498,0.8059999942779541,0.7083132863044739
0.004043379332870245,3949,0.0038865464739501476,10,,,
0.005086041055619717,3999,0.00466375844553113,10,,,
0.004885612986981869,4049,0.004374668002128601,10,,,
0.004156677518039942,4099,0.004712236579507589,10,,,
0.0026157181710004807,4149,0.003129995195195079,10,,,
0.003967470955103636,4199,0.002618261845782399,10,,,
0.0020510994363576174,4249,0.002039872109889984,10,,,
,4289,,10,0.7205528616905212,0.803600013256073,0.7169871926307678
0.001975118648260832,4299,0.0017094309441745281,11,,,
0.0018419746775180101,4349,0.001963717630133033,11,,,
0.0024767264258116484,4399,0.0024765769485384226,11,,,
0.002944946987554431,4449,0.004310877062380314,11,,,
0.004280922468751669,4499,0.0027984422631561756,11,,,
0.00409448379650712,4549,0.0034582566004246473,11,,,
0.0035639251582324505,4599,0.003835645504295826,11,,,
0.0025518157053738832,4649,0.002156915608793497,11,,,
,4679,,11,0.7276241779327393,0.8223000168800354,0.7254807949066162
0.0025063243228942156,4699,0.00264334911480546,12,,,
0.0016515855677425861,4749,0.00249629863537848,12,,,
0.0033306414261460304,4799,0.003163187066093087,12,,,
0.0027599402237683535,4849,0.0026477212086319923,12,,,
0.002328369300812483,4899,0.002070487244054675,12,,,
0.003697476349771023,4949,0.0035122681874781847,12,,,
0.002940929727628827,4999,0.0029239957220852375,12,,,
0.004429646302014589,5049,0.0037962424103170633,12,,,
,5069,,12,0.7332531809806824,0.8436999917030334,0.7324318885803223
0.0012708613649010658,5099,0.001176911173388362,13,,,
0.003043369622901082,5149,0.003824500134214759,13,,,
0.004016318824142218,5199,0.003987434785813093,13,,,
0.0035597244277596474,5249,0.002905699424445629,13,,,
0.0023329565301537514,5299,0.002517661778256297,13,,,
0.00470590777695179,5349,0.00456285709515214,13,,,
0.0008859690860845149,5399,0.0011054847855120897,13,,,
0.0025816403795033693,5449,0.002128939377143979,13,,,
,5459,,13,0.738862156867981,0.8252000212669373,0.7343549728393555
0.00296111055649817,5499,0.0027407442685216665,14,,,
0.0010956197511404753,5549,0.0014511222252622247,14,,,
0.001974014565348625,5599,0.0021278683561831713,14,,,
0.0011228903895244002,5649,0.001072628772817552,14,,,
0.0017674723640084267,5699,0.0016449573449790478,14,,,
0.003109837183728814,5749,0.003720056964084506,14,,,
0.002698904601857066,5799,0.002646238077431917,14,,,
0.0045683314092457294,5849,0.003099597990512848,14,,,
,5849,,14,0.7415865659713745,0.8396000266075134,0.7404847741127014
0.0010056940373033285,5899,0.0010270554339513183,15,,,
0.005909100640565157,5949,0.004970969166606665,15,,,
0.0011984810698777437,5999,0.0015194923616945744,15,,,
0.0019169952720403671,6049,0.0022469128016382456,15,,,
0.003354658605530858,6099,0.0033796709030866623,15,,,
0.002315653022378683,6149,0.0017991001950576901,15,,,
0.0018935102270916104,6199,0.0017819182248786092,15,,,
,6239,,15,0.7480769157409668,0.8428999781608582,0.7472556233406067
0.0012952088145539165,6249,0.001738587161526084,16,,,
0.0015155122382566333,6299,0.0019033256685361266,16,,,
0.002629881724715233,6349,0.0024726728443056345,16,,,
0.003020275617018342,6399,0.002824100200086832,16,,,
0.002802426228299737,6449,0.003119128057733178,16,,,
0.0011543198488652706,6499,0.0013086500111967325,16,,,
0.0020276536233723164,6549,0.0024710623547434807,16,,,
0.0009835726814344525,6599,0.001274120295420289,16,,,
,6629,,16,0.7537059187889099,0.8432999849319458,0.7505007982254028
0.0025586287956684828,6649,0.0019223205745220184,17,,,
0.0013553727185353637,6699,0.0015828777104616165,17,,,
0.002222837880253792,6749,0.002060433616861701,17,,,
0.0033152473624795675,6799,0.002710036002099514,17,,,
0.002651630202308297,6849,0.0025303151924163103,17,,,
0.0016455010045319796,6899,0.0012753752525895834,17,,,
0.0034484320785850286,6949,0.002969635184854269,17,,,
0.0030735554173588753,6999,0.0032617112156003714,17,,,
,7019,,17,0.756169855594635,0.8582000136375427,0.7552083134651184
0.0015483491588383913,7049,0.0015524839982390404,18,,,
0.0012613830622285604,7099,0.0012816897360607982,18,,,
0.002462095580995083,7149,0.0015926824416965246,18,,,
0.0030578922014683485,7199,0.004836871288716793,18,,,
0.0017364606028422713,7249,0.0020689035300165415,18,,,
0.0026220513973385096,7299,0.0035454120952636003,18,,,
0.0010265314485877752,7349,0.0012374004581943154,18,,,
0.0014957526000216603,7399,0.0016640537651255727,18,,,
,7409,,18,0.7582331895828247,0.8544999957084656,0.7596554756164551
0.0013883047504350543,7449,0.002017006743699312,19,,,
0.002259497530758381,7499,0.0024916185066103935,19,,,
0.001904000760987401,7549,0.0017916152719408274,19,,,
0.0008688660454936326,7599,0.0013291604118421674,19,,,
0.0007290022913366556,7649,0.0009499680018052459,19,,,
0.0008987722103483975,7699,0.0010959168430417776,19,,,
0.0017423067474737763,7749,0.0025069627445191145,19,,,
0.0017752503044903278,7799,0.0015690707368776202,19,,,
,7799,,19,0.7633213400840759,0.8414999842643738,0.7620592713356018
0.05657677352428436,7849,0.05574505776166916,20,,,
0.05919872224330902,7899,0.06387341022491455,20,,,
0.07433313131332397,7949,0.0793272852897644,20,,,
0.0677947849035263,7999,0.06943383812904358,20,,,
0.07628316432237625,8049,0.07467903941869736,20,,,
0.06799384206533432,8099,0.06749361008405685,20,,,
0.09609933197498322,8149,0.10384926199913025,20,,,
,8189,,20,0.6328125,0.767799973487854,0.6328325271606445
0.0796060562133789,8199,0.08196187019348145,21,,,
0.07967822998762131,8249,0.08657044172286987,21,,,
0.07938416302204132,8299,0.07482829689979553,21,,,
0.08527059108018875,8349,0.09332352876663208,21,,,
0.09088139981031418,8399,0.10105741024017334,21,,,
0.1474800407886505,8449,0.12253765761852264,21,,,
0.13323967158794403,8499,0.12811551988124847,21,,,
0.09038905799388885,8549,0.09095753729343414,21,,,
,8579,,21,0.6847155690193176,0.7893000245094299,0.6887620091438293
0.09016678482294083,8599,0.09197575598955154,22,,,
0.1065390333533287,8649,0.11104343086481094,22,,,
0.12219703197479248,8699,0.11904174834489822,22,,,
0.10340230911970139,8749,0.10322641581296921,22,,,
0.1472751945257187,8799,0.12408629059791565,22,,,
0.14490669965744019,8849,0.1456267088651657,22,,,
0.10309853404760361,8899,0.0981139987707138,22,,,
0.13358265161514282,8949,0.12517641484737396,22,,,
,8969,,22,0.7058693766593933,0.7978000044822693,0.6995192170143127
0.14700253307819366,8999,0.1569238305091858,23,,,
0.11442407965660095,9049,0.0998023971915245,23,,,
0.1196858286857605,9099,0.12938660383224487,23,,,
0.12807683646678925,9149,0.12569549679756165,23,,,
0.1846853494644165,9199,0.1728798747062683,23,,,
0.2340332716703415,9249,0.2132619172334671,23,,,
0.22679443657398224,9299,0.21770429611206055,23,,,
0.13005071878433228,9349,0.12848642468452454,23,,,
,9359,,23,0.7134615182876587,0.7856000065803528,0.7140224575996399
0.0923023372888565,9399,0.09274685382843018,24,,,
0.2331487387418747,9449,0.26314809918403625,24,,,
0.16188602149486542,9499,0.16245709359645844,24,,,
0.15303821861743927,9549,0.14122222363948822,24,,,
0.12650766968727112,9599,0.1287425011396408,24,,,
0.1167517751455307,9649,0.10856345295906067,24,,,
0.11252302676439285,9699,0.10538974404335022,24,,,
0.11612000316381454,9749,0.1265193074941635,24,,,
,9749,,24,0.7200120091438293,0.8116000294685364,0.7184695601463318
0.1434335708618164,9799,0.14360375702381134,25,,,
0.20609277486801147,9849,0.18735641241073608,25,,,
0.11515137553215027,9899,0.12181133776903152,25,,,
0.12526682019233704,9949,0.13298821449279785,25,,,
0.12908001244068146,9999,0.12616144120693207,25,,,
0.12829716503620148,10049,0.12906406819820404,25,,,
0.1569366604089737,10099,0.1675012707710266,25,,,
,10139,,25,0.7248397469520569,0.8306999802589417,0.7286859154701233
0.14661069214344025,10149,0.1447283923625946,26,,,
0.1409521847963333,10199,0.13001000881195068,26,,,
0.17314818501472473,10249,0.17287741601467133,26,,,
0.18099632859230042,10299,0.16450731456279755,26,,,
0.14774011075496674,10349,0.14412789046764374,26,,,
0.12141327559947968,10399,0.11678499728441238,26,,,
0.16677656769752502,10449,0.16805154085159302,26,,,
0.12816369533538818,10499,0.14064998924732208,26,,,
,10529,,26,0.7309695482254028,0.8396999835968018,0.7285456657409668
0.18673032522201538,10549,0.17195086181163788,27,,,
0.16068871319293976,10599,0.18025195598602295,27,,,
0.20845401287078857,10649,0.19943349063396454,27,,,
0.1322232335805893,10699,0.12416068464517593,27,,,
0.18476024270057678,10749,0.180048868060112,27,,,
0.16481773555278778,10799,0.172478586435318,27,,,
0.22301840782165527,10849,0.18818874657154083,27,,,
0.17797474563121796,10899,0.1999170035123825,27,,,
,10919,,27,0.7375801205635071,0.8137000203132629,0.7323517799377441
0.2687455415725708,10949,0.22706133127212524,28,,,
0.16446511447429657,10999,0.16583217680454254,28,,,
0.16687516868114471,11049,0.1762884557247162,28,,,
0.13303647935390472,11099,0.1402544230222702,28,,,
0.17796723544597626,11149,0.20008964836597443,28,,,
0.19677840173244476,11199,0.2018793672323227,28,,,
0.13850271701812744,11249,0.14272670447826385,28,,,
0.18123960494995117,11299,0.16547271609306335,28,,,
,11309,,28,0.7372596263885498,0.8384000062942505,0.7386217713356018
0.10948975384235382,11349,0.10799197107553482,29,,,
0.17689132690429688,11399,0.15847134590148926,29,,,
0.12857742607593536,11449,0.1420484185218811,29,,,
0.16949783265590668,11499,0.18937844038009644,29,,,
0.5529732704162598,11549,0.4481697976589203,29,,,
0.13763867318630219,11599,0.13790492713451385,29,,,
0.1418161690235138,11649,0.13196961581707,29,,,
0.18314936757087708,11699,0.1759633868932724,29,,,
,11699,,29,0.736638605594635,0.8327999711036682,0.7373597621917725
0.15635773539543152,11749,0.17499122023582458,30,,,
0.16689932346343994,11799,0.17214873433113098,30,,,
0.10619157552719116,11849,0.10363328456878662,30,,,
0.36763954162597656,11899,0.2862441837787628,30,,,
0.18289124965667725,11949,0.1983048915863037,30,,,
0.13204962015151978,11999,0.12755997478961945,30,,,
0.16650140285491943,12049,0.17184656858444214,30,,,
,12089,,30,0.7448117136955261,0.8068000078201294,0.7441506385803223
0.1361844539642334,12099,0.1371978223323822,31,,,
0.17861799895763397,12149,0.18576359748840332,31,,,
0.11215868592262268,12199,0.12209928035736084,31,,,
0.10739313066005707,12249,0.10700926184654236,31,,,
0.21762223541736603,12299,0.2336924821138382,31,,,
0.3514661490917206,12349,0.3357355296611786,31,,,
0.13274531066417694,12399,0.14545077085494995,31,,,
0.14246530830860138,12449,0.12951670587062836,31,,,
,12479,,31,0.7446714639663696,0.8452000021934509,0.7456530332565308
0.19254370033740997,12499,0.19446910917758942,32,,,
0.18209218978881836,12549,0.23569810390472412,32,,,
0.21729786694049835,12599,0.23429985344409943,32,,,
0.19376841187477112,12649,0.20662157237529755,32,,,
0.13259871304035187,12699,0.12030225247144699,32,,,
0.14909277856349945,12749,0.14561575651168823,32,,,
0.15418264269828796,12799,0.19193091988563538,32,,,
0.1678159534931183,12849,0.17131708562374115,32,,,
,12869,,32,0.7496795058250427,0.8442000150680542,0.7507211565971375
0.19146040081977844,12899,0.18694981932640076,33,,,
0.2363872081041336,12949,0.21187449991703033,33,,,
0.15186090767383575,12999,0.15873055160045624,33,,,
0.13500447571277618,13049,0.14757570624351501,33,,,
0.21431991457939148,13099,0.231099471449852,33,,,
0.12641887366771698,13149,0.14174991846084595,33,,,
0.13368481397628784,13199,0.129866361618042,33,,,
0.1724405139684677,13249,0.18001781404018402,33,,,
,13259,,33,0.7497395873069763,0.8585000038146973,0.7480969429016113
0.1695086807012558,13299,0.17640040814876556,34,,,
0.1645633429288864,13349,0.17535042762756348,34,,,
0.14329665899276733,13399,0.14075914025306702,34,,,
0.19281376898288727,13449,0.18569445610046387,34,,,
0.25582438707351685,13499,0.2400863766670227,34,,,
0.10382606834173203,13549,0.10456538945436478,34,,,
0.2697875201702118,13599,0.21604213118553162,34,,,
0.18079030513763428,13649,0.17611312866210938,34,,,
,13649,,34,0.7488781809806824,0.85589998960495,0.7510616779327393
0.17739158868789673,13699,0.16674509644508362,35,,,
0.16041624546051025,13749,0.1699657440185547,35,,,
0.23829041421413422,13799,0.1910797655582428,35,,,
0.3168545961380005,13849,0.29776808619499207,35,,,
0.26939499378204346,13899,0.2173183709383011,35,,,
0.15917697548866272,13949,0.1590857356786728,35,,,
0.1664387285709381,13999,0.16325220465660095,35,,,
,14039,,35,0.754767656326294,0.8682000041007996,0.7532451748847961
0.26147162914276123,14049,0.24888983368873596,36,,,
0.22858503460884094,14099,0.2561396658420563,36,,,
0.18283037841320038,14149,0.1658211052417755,36,,,
0.1409275382757187,14199,0.14422737061977386,36,,,
0.14233183860778809,14249,0.16721127927303314,36,,,
0.10049865394830704,14299,0.09124447405338287,36,,,
0.16308943927288055,14349,0.16699865460395813,36,,,
0.18770480155944824,14399,0.18050546944141388,36,,,
,14429,,36,0.7565104365348816,0.8511999845504761,0.7487379908561707
0.18034760653972626,14449,0.17096063494682312,37,,,
0.18259309232234955,14499,0.17530952394008636,37,,,
0.2251429557800293,14549,0.16609767079353333,37,,,
0.29435762763023376,14599,0.2814691960811615,37,,,
0.41415101289749146,14649,0.40596339106559753,37,,,
0.13617482781410217,14699,0.12925130128860474,37,,,
0.246714249253273,14749,0.24555133283138275,37,,,
0.17187407612800598,14799,0.17248985171318054,37,,,
,14819,,37,0.7590945363044739,0.8360000252723694,0.7562099099159241
0.1581868976354599,14849,0.13911330699920654,38,,,
0.1693459153175354,14899,0.1664344072341919,38,,,
0.3029225766658783,14949,0.306735098361969,38,,,
0.21820378303527832,14999,0.2746014893054962,38,,,
0.12327100336551666,15049,0.12714682519435883,38,,,
0.16271768510341644,15099,0.19554118812084198,38,,,
0.23592731356620789,15149,0.242909237742424,38,,,
0.25243934988975525,15199,0.26874497532844543,38,,,
,15209,,38,0.7587339878082275,0.8629999756813049,0.7587339878082275
0.7296479940414429,15249,0.6052173376083374,39,,,
0.28493353724479675,15299,0.3040327727794647,39,,,
0.24516598880290985,15349,0.2285117655992508,39,,,
0.17208229005336761,15399,0.1444617360830307,39,,,
0.17217928171157837,15449,0.17455166578292847,39,,,
0.22939307987689972,15499,0.21041707694530487,39,,,
0.15751302242279053,15549,0.16104355454444885,39,,,
0.18086831271648407,15599,0.15854020416736603,39,,,
,15599,,39,0.7581329941749573,0.8680999875068665,0.748317301273346
0.15727049112319946,15649,0.14224295318126678,40,,,
0.15381033718585968,15699,0.1745549738407135,40,,,
0.17608554661273956,15749,0.17987139523029327,40,,,
0.21916966140270233,15799,0.19170252978801727,40,,,
0.24383445084095,15849,0.2593894600868225,40,,,
0.21008725464344025,15899,0.23649992048740387,40,,,
0.16256411373615265,15949,0.1595209836959839,40,,,
,15989,,40,0.7576722502708435,0.8501999974250793,0.7587540149688721
0.19257959723472595,15999,0.19482199847698212,41,,,
0.21622446179389954,16049,0.23317654430866241,41,,,
0.2763432562351227,16099,0.22758984565734863,41,,,
0.21817424893379211,16149,0.20044732093811035,41,,,
0.31061258912086487,16199,0.3802369236946106,41,,,
0.20565065741539001,16249,0.17159883677959442,41,,,
0.270806223154068,16299,0.2555032968521118,41,,,
0.25123631954193115,16349,0.2349196970462799,41,,,
,16379,,41,0.7618389129638672,0.8633999824523926,0.7612179517745972
0.49200451374053955,16399,0.5446520447731018,42,,,
0.1657983958721161,16449,0.17284630239009857,42,,,
0.31142014265060425,16499,0.30533280968666077,42,,,
0.16972151398658752,16549,0.18845140933990479,42,,,
0.12894311547279358,16599,0.14515157043933868,42,,,
0.18001507222652435,16649,0.17857706546783447,42,,,
0.10793155431747437,16699,0.10472511500120163,42,,,
0.17691248655319214,16749,0.1569804847240448,42,,,
,16769,,42,0.7630809545516968,0.8726999759674072,0.756951093673706
0.12867261469364166,16799,0.13472913205623627,43,,,
0.2543061077594757,16849,0.24395957589149475,43,,,
0.1261374056339264,16899,0.12492374330759048,43,,,
0.5621112585067749,16949,0.4476274251937866,43,,,
0.1823359876871109,16999,0.19024285674095154,43,,,
0.17220991849899292,17049,0.16510406136512756,43,,,
0.23143991827964783,17099,0.270753413438797,43,,,
0.27594810724258423,17149,0.2615472376346588,43,,,
,17159,,43,0.7691907286643982,0.8673999905586243,0.7642027139663696
0.1352640986442566,17199,0.1332523077726364,44,,,
0.17196425795555115,17249,0.1786797195672989,44,,,
0.17011593282222748,17299,0.17473533749580383,44,,,
0.23084434866905212,17349,0.27629539370536804,44,,,
0.16530147194862366,17399,0.15489043295383453,44,,,
0.16579748690128326,17449,0.17321649193763733,44,,,
0.2061774730682373,17499,0.1925297975540161,44,,,
0.1359773725271225,17549,0.14756527543067932,44,,,
,17549,,44,0.7650641202926636,0.8583999872207642,0.7661257982254028
0.3003867566585541,17599,0.26539668440818787,45,,,
0.3042764663696289,17649,0.3889457881450653,45,,,
0.210349902510643,17699,0.1981401890516281,45,,,
0.16564850509166718,17749,0.13840670883655548,45,,,
0.22916871309280396,17799,0.24978221952915192,45,,,
0.29607364535331726,17849,0.2851203680038452,45,,,
0.1798027753829956,17899,0.15569254755973816,45,,,
,17939,,45,0.7684695720672607,0.8708000183105469,0.7694110870361328
0.2460867017507553,17949,0.2664870619773865,46,,,
0.28864964842796326,17999,0.35882455110549927,46,,,
0.18947792053222656,18049,0.2020222246646881,46,,,
0.21372878551483154,18099,0.19936621189117432,46,,,
0.2445095181465149,18149,0.24969254434108734,46,,,
0.21773701906204224,18199,0.21713508665561676,46,,,
0.23804065585136414,18249,0.234292671084404,46,,,
0.22712188959121704,18299,0.2104158252477646,46,,,
,18329,,46,0.7692508101463318,0.8647000193595886,0.7687099575996399
0.22970958054065704,18349,0.22075077891349792,47,,,
0.2513181269168854,18399,0.24643641710281372,47,,,
0.20310039818286896,18449,0.22171428799629211,47,,,
0.1334424912929535,18499,0.14517779648303986,47,,,
0.16364461183547974,18549,0.19055476784706116,47,,,
0.549727737903595,18599,0.44764018058776855,47,,,
0.18212130665779114,18649,0.19843347370624542,47,,,
0.24804235994815826,18699,0.2615940272808075,47,,,
,18719,,47,0.7690705060958862,0.8626999855041504,0.7707532048225403
0.22080782055854797,18749,0.1870775669813156,48,,,
0.28061604499816895,18799,0.3010364770889282,48,,,
0.16583037376403809,18849,0.16132280230522156,48,,,
0.3646266460418701,18899,0.3155360817909241,48,,,
0.20963448286056519,18949,0.2313736230134964,48,,,
0.16115084290504456,18999,0.13795432448387146,48,,,
0.25119882822036743,19049,0.24763551354408264,48,,,
0.17914000153541565,19099,0.1787576675415039,48,,,
,19109,,48,0.7698317170143127,0.8694000244140625,0.7699319124221802
0.22561877965927124,19149,0.2476820945739746,49,,,
0.17014124989509583,19199,0.18049131333827972,49,,,
0.18371614813804626,19249,0.17779815196990967,49,,,
0.151060089468956,19299,0.14884798228740692,49,,,
0.1561780869960785,19349,0.1668643057346344,49,,,
0.22248761355876923,19399,0.21942178905010223,49,,,
0.18308494985103607,19449,0.21364550292491913,49,,,
0.1949436515569687,19499,0.2050178498029709,49,,,
,19499,,49,0.7738381624221802,0.8652999997138977,0.7708733677864075
0.1996995359659195,19549,0.18863290548324585,50,,,
0.23384839296340942,19599,0.2525218725204468,50,,,
0.20168757438659668,19649,0.2102266550064087,50,,,
0.12564478814601898,19699,0.12649403512477875,50,,,
0.15774857997894287,19749,0.15259502828121185,50,,,
0.1907147467136383,19799,0.19387531280517578,50,,,
0.17711159586906433,19849,0.17379723489284515,50,,,
,19889,,50,0.7710937261581421,0.8416000008583069,0.7702924609184265
0.27350911498069763,19899,0.24172328412532806,51,,,
0.21711158752441406,19949,0.20546691119670868,51,,,
0.40920954942703247,19999,0.41736575961112976,51,,,
0.2378312200307846,20049,0.2305823713541031,51,,,
0.21488483250141144,20099,0.22079910337924957,51,,,
0.2923969328403473,20149,0.2933999300003052,51,,,
0.19551943242549896,20199,0.2101246416568756,51,,,
0.2649880051612854,20249,0.23252564668655396,51,,,
,20279,,51,0.7721754908561707,0.8574000000953674,0.7704927921295166
0.2104279100894928,20299,0.19423332810401917,52,,,
0.16892719268798828,20349,0.17035214602947235,52,,,
0.291096568107605,20399,0.2674153745174408,52,,,
0.23539277911186218,20449,0.22366543114185333,52,,,
0.35519468784332275,20499,0.3035505712032318,52,,,
0.2520831227302551,20549,0.23747293651103973,52,,,
0.15509776771068573,20599,0.1830589771270752,52,,,
0.17725074291229248,20649,0.15561434626579285,52,,,
,20669,,52,0.7751602530479431,0.8568000197410583,0.7745993733406067
0.2012747973203659,20699,0.169404074549675,53,,,
0.3010064959526062,20749,0.287945419549942,53,,,
0.2114490121603012,20799,0.18534782528877258,53,,,
0.14737766981124878,20849,0.14078441262245178,53,,,
0.16419140994548798,20899,0.15397246181964874,53,,,
0.25793662667274475,20949,0.26644840836524963,53,,,
0.11508157849311829,20999,0.13685040175914764,53,,,
0.15880990028381348,21049,0.17261682450771332,53,,,
,21059,,53,0.7693309187889099,0.8439000248908997,0.7722355723381042
0.09216921776533127,21099,0.11428963392972946,54,,,
0.4972662329673767,21149,0.5089962482452393,54,,,
0.1673164814710617,21199,0.18253189325332642,54,,,
0.3105906546115875,21249,0.34195947647094727,54,,,
0.2317686378955841,21299,0.21366651356220245,54,,,
0.19131888449192047,21349,0.224045991897583,54,,,
0.557741641998291,21399,0.5060399770736694,54,,,
0.3730805814266205,21449,0.32010021805763245,54,,,
,21449,,54,0.7668269276618958,0.8675000071525574,0.7743589878082275
0.2413121461868286,21499,0.27414995431900024,55,,,
0.2031075805425644,21549,0.19626043736934662,55,,,
0.22647333145141602,21599,0.23146793246269226,55,,,
0.3078576624393463,21649,0.27835020422935486,55,,,
0.34264442324638367,21699,0.3522208631038666,55,,,
0.37555840611457825,21749,0.4538685977458954,55,,,
0.16676941514015198,21799,0.15322519838809967,55,,,
,21839,,55,0.7779446840286255,0.8604000210762024,0.7772035002708435
0.16516031324863434,21849,0.1701507270336151,56,,,
0.5268781185150146,21899,0.5324587821960449,56,,,
0.23379039764404297,21949,0.21446074545383453,56,,,
0.1958918273448944,21999,0.22479286789894104,56,,,
0.10611160844564438,22049,0.09806432574987411,56,,,
0.1953158676624298,22099,0.16930541396141052,56,,,
0.22362454235553741,22149,0.22999678552150726,56,,,
0.2885207533836365,22199,0.29189157485961914,56,,,
,22229,,56,0.7604967951774597,0.8758999705314636,0.7547275424003601
0.17627225816249847,22249,0.16811595857143402,57,,,
0.2895103096961975,22299,0.25938647985458374,57,,,
0.155887171626091,22349,0.15815836191177368,57,,,
0.23144686222076416,22399,0.2536476254463196,57,,,
0.22951072454452515,22449,0.253284215927124,57,,,
0.2129320502281189,22499,0.2380460947751999,57,,,
0.2934471368789673,22549,0.29685521125793457,57,,,
0.16155044734477997,22599,0.1866133213043213,57,,,
,22619,,57,0.7801081538200378,0.8684999942779541,0.776762843132019
0.15243031084537506,22649,0.16609439253807068,58,,,
0.1701090782880783,22699,0.1850258857011795,58,,,
0.22969754040241241,22749,0.27445289492607117,58,,,
0.27370697259902954,22799,0.2404184341430664,58,,,
0.15504153072834015,22849,0.15089598298072815,58,,,
0.17354659736156464,22899,0.1800684630870819,58,,,
0.2781531512737274,22949,0.2921968698501587,58,,,
0.24619880318641663,22999,0.26765936613082886,58,,,
,23009,,58,0.7757812738418579,0.8601999878883362,0.775861382484436
0.2218354344367981,23049,0.23150219023227692,59,,,
0.19036827981472015,23099,0.21557366847991943,59,,,
0.2087346613407135,23149,0.18599116802215576,59,,,
0.24878478050231934,23199,0.19892756640911102,59,,,
0.32222780585289,23249,0.34557634592056274,59,,,
0.16423289477825165,23299,0.14862804114818573,59,,,
0.21854664385318756,23349,0.22141359746456146,59,,,
0.16734884679317474,23399,0.16590997576713562,59,,,
,23399,,59,0.7806490659713745,0.8593000173568726,0.7786458134651184
0.2630436420440674,23449,0.24077379703521729,60,,,
0.293928325176239,23499,0.2577412724494934,60,,,
0.19829900562763214,23549,0.22498419880867004,60,,,
0.2366548776626587,23599,0.2792019844055176,60,,,
0.17493239045143127,23649,0.17601953446865082,60,,,
0.18341869115829468,23699,0.17764338850975037,60,,,
0.7642396688461304,23749,0.6966435313224792,60,,,
,23789,,60,0.7751001715660095,0.838100016117096,0.7816105484962463
0.14478090405464172,23799,0.15798433125019073,61,,,
0.28328266739845276,23849,0.2969449758529663,61,,,
0.2478639781475067,23899,0.23096568882465363,61,,,
0.16598397493362427,23949,0.18725833296775818,61,,,
0.2884594202041626,23999,0.2495860606431961,61,,,
0.17031174898147583,24049,0.1659853458404541,61,,,
0.275123655796051,24099,0.3245677053928375,61,,,
0.2844839096069336,24149,0.28978878259658813,61,,,
,24179,,61,0.7811498641967773,0.8704000115394592,0.780508816242218
0.20421914756298065,24199,0.16313354671001434,62,,,
0.25091493129730225,24249,0.2726919949054718,62,,,
0.14980781078338623,24299,0.15608392655849457,62,,,
0.18249006569385529,24349,0.2062671184539795,62,,,
0.19866882264614105,24399,0.23036248981952667,62,,,
0.22791142761707306,24449,0.2578428089618683,62,,,
0.3369520604610443,24499,0.34142884612083435,62,,,
0.18210333585739136,24549,0.1768624186515808,62,,,
,24569,,62,0.7727764248847961,0.8697999715805054,0.7798076868057251
0.15349705517292023,24599,0.18746095895767212,63,,,
0.2305828332901001,24649,0.2611040472984314,63,,,
0.23867711424827576,24699,0.25580674409866333,63,,,
0.24141164124011993,24749,0.31246647238731384,63,,,
0.16408735513687134,24799,0.18165980279445648,63,,,
0.23972134292125702,24849,0.263314813375473,63,,,
0.3399573564529419,24899,0.3310742676258087,63,,,
0.23985692858695984,24949,0.2404961884021759,63,,,
,24959,,63,0.7805889248847961,0.8828999996185303,0.7819110751152039
0.1483091562986374,24999,0.17709743976593018,64,,,
0.0992305725812912,25049,0.08662009239196777,64,,,
0.17400896549224854,25099,0.15795649588108063,64,,,
0.19659680128097534,25149,0.18909506499767303,64,,,
0.44064608216285706,25199,0.37892693281173706,64,,,
0.17152035236358643,25249,0.15672791004180908,64,,,
0.27641066908836365,25299,0.24085116386413574,64,,,
0.4288533627986908,25349,0.385020911693573,64,,,
,25349,,64,0.7929487228393555,0.8743000030517578,0.7623196840286255
0.12601909041404724,25399,0.12598206102848053,65,,,
0.15994270145893097,25449,0.17650501430034637,65,,,
0.5623847842216492,25499,0.5403146743774414,65,,,
0.28938356041908264,25549,0.27263545989990234,65,,,
0.1630578190088272,25599,0.1681533306837082,65,,,
0.46427270770072937,25649,0.35878029465675354,65,,,
0.1967572569847107,25699,0.15797920525074005,65,,,
,25739,,65,0.7848758101463318,0.8680999875068665,0.7825720906257629
0.23613132536411285,25749,0.2650316655635834,66,,,
0.24691149592399597,25799,0.23011599481105804,66,,,
0.15620306134223938,25849,0.20190590620040894,66,,,
0.19002294540405273,25899,0.19308771193027496,66,,,
0.20120084285736084,25949,0.19556072354316711,66,,,
0.1748371571302414,25999,0.20378802716732025,66,,,
0.2004764825105667,26049,0.23245157301425934,66,,,
0.36670446395874023,26099,0.2764635682106018,66,,,
,26129,,66,0.7794271111488342,0.86080002784729,0.786678671836853
0.26777711510658264,26149,0.2351139783859253,67,,,
0.5446633100509644,26199,0.5579761266708374,67,,,
0.4519646167755127,26249,0.5341783761978149,67,,,
0.26198530197143555,26299,0.2581252455711365,67,,,
0.24922893941402435,26349,0.24668936431407928,67,,,
0.30775007605552673,26399,0.23920965194702148,67,,,
0.22754134237766266,26449,0.2589251399040222,67,,,
0.2903517186641693,26499,0.3467246890068054,67,,,
,26519,,67,0.7870793342590332,0.8719000220298767,0.7854967713356018
0.25765398144721985,26549,0.2586452066898346,68,,,
0.2903856933116913,26599,0.2992442548274994,68,,,
0.2357906997203827,26649,0.21490950882434845,68,,,
0.13890302181243896,26699,0.13859184086322784,68,,,
0.17599397897720337,26749,0.18731927871704102,68,,,
0.21793897449970245,26799,0.2304888814687729,68,,,
0.21003073453903198,26849,0.24824483692646027,68,,,
0.1732349693775177,26899,0.14515358209609985,68,,,
,26909,,68,0.7821314334869385,0.8765000104904175,0.7838541865348816
0.180789053440094,26949,0.21177290380001068,69,,,
0.18298925459384918,26999,0.18269769847393036,69,,,
0.19994838535785675,27049,0.2143651694059372,69,,,
0.2237936109304428,27099,0.17861172556877136,69,,,
0.30280396342277527,27149,0.3117299973964691,69,,,
0.35608789324760437,27199,0.3495016098022461,69,,,
0.23581324517726898,27249,0.22878538072109222,69,,,
0.6067529916763306,27299,0.5411083698272705,69,,,
,27299,,69,0.7888421416282654,0.8648999929428101,0.7855769395828247
0.3372790515422821,27349,0.3117775321006775,70,,,
0.16576716303825378,27399,0.16898201406002045,70,,,
0.1679430603981018,27449,0.16453585028648376,70,,,
0.27713391184806824,27499,0.27150464057922363,70,,,
0.17899948358535767,27549,0.16844385862350464,70,,,
0.24318064749240875,27599,0.20528948307037354,70,,,
0.37490639090538025,27649,0.31223753094673157,70,,,
,27689,,70,0.7904447317123413,0.8737999796867371,0.7804086804389954
0.16804419457912445,27699,0.15640823543071747,71,,,
0.2585148513317108,27749,0.23234528303146362,71,,,
0.20798416435718536,27799,0.1886601448059082,71,,,
0.1979568749666214,27849,0.2493339627981186,71,,,
0.492994487285614,27899,0.5113527774810791,71,,,
0.22039036452770233,27949,0.27257028222084045,71,,,
0.24537476897239685,27999,0.25010818243026733,71,,,
0.21023626625537872,28049,0.24592562019824982,71,,,
,28079,,71,0.7876402139663696,0.8549000024795532,0.7903245091438293
0.1572335660457611,28099,0.16875424981117249,72,,,
0.5200175642967224,28149,0.5160878896713257,72,,,
0.1773214340209961,28199,0.18601688742637634,72,,,
0.3847212493419647,28249,0.34061336517333984,72,,,
0.2800041437149048,28299,0.2501761317253113,72,,,
0.24080601334571838,28349,0.25643980503082275,72,,,
0.19169218838214874,28399,0.17901448905467987,72,,,
0.14453795552253723,28449,0.14315468072891235,72,,,
,28469,,72,0.7869791388511658,0.8698999881744385,0.7894631624221802
0.15352663397789001,28499,0.1755114644765854,73,,,
0.3790367841720581,28549,0.2870541214942932,73,,,
0.17927099764347076,28599,0.16354575753211975,73,,,
0.3748837113380432,28649,0.3410388231277466,73,,,
0.3262254595756531,28699,0.3707338571548462,73,,,
0.16280657052993774,28749,0.14689794182777405,73,,,
0.2594974637031555,28799,0.23271971940994263,73,,,
0.2930006980895996,28849,0.2621363699436188,73,,,
,28859,,73,0.7891025543212891,0.8791000247001648,0.7881410121917725
0.2707393765449524,28899,0.2898515462875366,74,,,
0.16825149953365326,28949,0.1674952507019043,74,,,
0.13108079135417938,28999,0.153085395693779,74,,,
0.36545321345329285,29049,0.4323282241821289,74,,,
0.720239520072937,29099,0.689368486404419,74,,,
0.4004300534725189,29149,0.3614268898963928,74,,,
0.2097148448228836,29199,0.2401924431324005,74,,,
0.43003231287002563,29249,0.5329592227935791,74,,,
,29249,,74,0.7906049489974976,0.8744000196456909,0.7916266322135925
0.2335304319858551,29299,0.2578813135623932,75,,,
0.40344563126564026,29349,0.3511488139629364,75,,,
0.4210185706615448,29399,0.5770664215087891,75,,,
0.1595846563577652,29449,0.1545451134443283,75,,,
0.19946371018886566,29499,0.24958324432373047,75,,,
0.2434522658586502,29549,0.23328010737895966,75,,,
0.18680518865585327,29599,0.17951369285583496,75,,,
,29639,,75,0.7897235751152039,0.8737999796867371,0.7903044819831848
0.21012218296527863,29649,0.2346561998128891,76,,,
0.18756182491779327,29699,0.1904865950345993,76,,,
0.16716092824935913,29749,0.14834646880626678,76,,,
0.1513328105211258,29799,0.15128043293952942,76,,,
0.24949292838573456,29849,0.26840782165527344,76,,,
0.18500465154647827,29899,0.20705048739910126,76,,,
0.5651760101318359,29949,0.41026362776756287,76,,,
0.25299906730651855,29999,0.2630021572113037,76,,,
,30029,,76,0.7848758101463318,0.8461999893188477,0.7928886413574219
0.1548430621623993,30049,0.17744873464107513,77,,,
0.5033490657806396,30099,0.4430311620235443,77,,,
0.3130330741405487,30149,0.2687787115573883,77,,,
0.2486666738986969,30199,0.2463901937007904,77,,,
0.5097337961196899,30249,0.5260856747627258,77,,,
0.26863211393356323,30299,0.252522349357605,77,,,
0.2207004278898239,30349,0.2424010932445526,77,,,
0.23260612785816193,30399,0.2736928164958954,77,,,
,30419,,77,0.7903044819831848,0.8640000224113464,0.7934895753860474
0.1468951404094696,30449,0.1544254720211029,78,,,
0.10485512763261795,30499,0.13229845464229584,78,,,
0.2538583278656006,30549,0.2678852677345276,78,,,
0.22589468955993652,30599,0.2613649070262909,78,,,
0.21064403653144836,30649,0.24055440723896027,78,,,
0.2178564816713333,30699,0.23535151779651642,78,,,
0.27612918615341187,30749,0.3766891658306122,78,,,
0.2543690502643585,30799,0.2584370970726013,78,,,
,30809,,78,0.778866171836853,0.8671000003814697,0.7944711446762085
0.4452074468135834,30849,0.3476777970790863,79,,,
0.1610814332962036,30899,0.17314103245735168,79,,,
0.2578513026237488,30949,0.2393023818731308,79,,,
0.25560086965560913,30999,0.25133711099624634,79,,,
0.3651174008846283,31049,0.37893033027648926,79,,,
0.13987533748149872,31099,0.125565767288208,79,,,
0.3489748239517212,31149,0.33474716544151306,79,,,
0.5215558409690857,31199,0.5473688840866089,79,,,
,31199,,79,0.7936498522758484,0.8816999793052673,0.788902223110199
0.1410573422908783,31249,0.1471213400363922,80,,,
0.13789407908916473,31299,0.12819282710552216,80,,,
0.4172874391078949,31349,0.39743760228157043,80,,,
0.07290629297494888,31399,0.05185672640800476,80,,,
0.07306009531021118,31449,0.053963012993335724,80,,,
0.12823286652565002,31499,0.09633728861808777,80,,,
0.13205073773860931,31549,0.11727063357830048,80,,,
,31589,,80,0.7990184426307678,0.8902000188827515,0.7237379550933838
0.160852313041687,31599,0.12164817750453949,81,,,
0.21688894927501678,31649,0.1759660542011261,81,,,
0.17259971797466278,31699,0.15903881192207336,81,,,
0.18798941373825073,31749,0.14745064079761505,81,,,
0.15892066061496735,31799,0.14827881753444672,81,,,
0.227891743183136,31849,0.233535498380661,81,,,
0.1414644867181778,31899,0.1644401103258133,81,,,
0.47218984365463257,31949,0.5364388823509216,81,,,
,31979,,81,0.8021434545516968,0.8761000037193298,0.7760817408561707
0.5633314251899719,31999,0.44055116176605225,82,,,
0.5851576328277588,32049,0.6502205729484558,82,,,
0.362156480550766,32099,0.3442782759666443,82,,,
0.2758452594280243,32149,0.27764198184013367,82,,,
0.24140997231006622,32199,0.19154950976371765,82,,,
0.5340362191200256,32249,0.5923150777816772,82,,,
0.21234436333179474,32299,0.23253175616264343,82,,,
0.22850683331489563,32349,0.2349957674741745,82,,,
,32369,,82,0.7909054756164551,0.8791000247001648,0.7885216474533081
0.2947370707988739,32399,0.24953092634677887,83,,,
0.23948261141777039,32449,0.2536758482456207,83,,,
0.39822152256965637,32499,0.4011138081550598,83,,,
0.3132149279117584,32549,0.3374881446361542,83,,,
0.3602694272994995,32599,0.2706473171710968,83,,,
0.21335001289844513,32649,0.23897136747837067,83,,,
0.36547935009002686,32699,0.24616211652755737,83,,,
0.21742551028728485,32749,0.20518144965171814,83,,,
,32759,,83,0.7954727411270142,0.8723999857902527,0.7914663553237915
0.2936897873878479,32799,0.272909551858902,84,,,
0.23736140131950378,32849,0.21682490408420563,84,,,
0.12958994507789612,32899,0.10442989319562912,84,,,
0.2614484131336212,32949,0.23404625058174133,84,,,
0.225363627076149,32999,0.21966655552387238,84,,,
0.20686465501785278,33049,0.21737439930438995,84,,,
0.3363475501537323,33099,0.3091028034687042,84,,,
0.1928994506597519,33149,0.19363181293010712,84,,,
,33149,,84,0.7995192408561707,0.867900013923645,0.7890825271606445
0.27561551332473755,33199,0.28809654712677,85,,,
0.38678884506225586,33249,0.39289233088493347,85,,,
0.10747113078832626,33299,0.0888175442814827,85,,,
0.183150976896286,33349,0.1677190661430359,85,,,
0.21868959069252014,33399,0.19865159690380096,85,,,
0.19343090057373047,33449,0.18854454159736633,85,,,
0.2721097469329834,33499,0.2524646520614624,85,,,
,33539,,85,0.7996394038200378,0.8820000290870667,0.7786858677864075
0.22767424583435059,33549,0.2531795799732208,86,,,
0.13089333474636078,33599,0.13076920807361603,86,,,
0.16105534136295319,33649,0.1529897153377533,86,,,
0.10338454693555832,33699,0.09160807728767395,86,,,
0.28329527378082275,33749,0.24303731322288513,86,,,
0.24345391988754272,33799,0.2256666123867035,86,,,
0.303752601146698,33849,0.2936513423919678,86,,,
0.2672758400440216,33899,0.27328336238861084,86,,,
,33929,,86,0.7992388010025024,0.8816999793052673,0.7770432829856873
0.24799683690071106,33949,0.2754163146018982,87,,,
0.2322751134634018,33999,0.23673465847969055,87,,,
0.36975955963134766,34049,0.3231235146522522,87,,,
0.3471347689628601,34099,0.3494860529899597,87,,,
0.25750014185905457,34149,0.2839556634426117,87,,,
0.23753367364406586,34199,0.2001006305217743,87,,,
0.21777112782001495,34249,0.22743244469165802,87,,,
0.26465266942977905,34299,0.2878853380680084,87,,,
,34319,,87,0.7990384697914124,0.8773999810218811,0.7968950271606445
0.27023136615753174,34349,0.25017860531806946,88,,,
0.20337143540382385,34399,0.20811711251735687,88,,,
0.22733557224273682,34449,0.28179535269737244,88,,,
0.35899850726127625,34499,0.3149041533470154,88,,,
0.24110618233680725,34549,0.268526166677475,88,,,
0.24542959034442902,34599,0.2771186828613281,88,,,
0.217718705534935,34649,0.23515211045742035,88,,,
0.16590523719787598,34699,0.19021199643611908,88,,,
,34709,,88,0.7956330180168152,0.8730000257492065,0.7971754670143127
0.15841002762317657,34749,0.16900213062763214,89,,,
0.11171514540910721,34799,0.14573577046394348,89,,,
0.24609416723251343,34849,0.27824950218200684,89,,,
0.3057653605937958,34899,0.2906242609024048,89,,,
0.06391488760709763,34949,0.0803881287574768,89,,,
0.07711906731128693,34999,0.10401836782693863,89,,,
0.10972743481397629,35049,0.11576337367296219,89,,,
0.1260015368461609,35099,0.14883215725421906,89,,,
,35099,,89,0.7450520992279053,0.8435999751091003,0.805268406867981
0.13026632368564606,35149,0.16493836045265198,90,,,
0.24457617104053497,35199,0.23644199967384338,90,,,
0.23923012614250183,35249,0.27917009592056274,90,,,
0.181094229221344,35299,0.19716255366802216,90,,,
0.24498693645000458,35349,0.2171369045972824,90,,,
0.5479857325553894,35399,0.54844731092453,90,,,
0.24615532159805298,35449,0.23790068924427032,90,,,
,35489,,90,0.7860777378082275,0.878600001335144,0.8012620210647583
0.31674301624298096,35499,0.4348815083503723,91,,,
0.1398618519306183,35549,0.17111925780773163,91,,,
0.25784221291542053,35599,0.24737542867660522,91,,,
0.20888788998126984,35649,0.18137846887111664,91,,,
0.4131653904914856,35699,0.3649230897426605,91,,,
0.22136488556861877,35749,0.22184866666793823,91,,,
0.3024989366531372,35799,0.28200486302375793,91,,,
0.1353273242712021,35849,0.1344018131494522,91,,,
,35879,,91,0.7891225814819336,0.8467000126838684,0.7872195243835449
0.14201346039772034,35899,0.1419423669576645,92,,,
0.16833434998989105,35949,0.16596436500549316,92,,,
0.20216040313243866,35999,0.20208053290843964,92,,,
0.2041630744934082,36049,0.19527998566627502,92,,,
0.26311177015304565,36099,0.25199970602989197,92,,,
0.4288373589515686,36149,0.5702525973320007,92,,,
0.6497671008110046,36199,0.662431001663208,92,,,
0.24144427478313446,36249,0.22336451709270477,92,,,
,36269,,92,0.7924879789352417,0.8816999793052673,0.796093761920929
0.38466447591781616,36299,0.38880497217178345,93,,,
0.2690672278404236,36349,0.2455851435661316,93,,,
0.27456608414649963,36399,0.2522681951522827,93,,,
0.3460671603679657,36449,0.3675805330276489,93,,,
0.2449209839105606,36499,0.27702003717422485,93,,,
0.34741055965423584,36549,0.32014769315719604,93,,,
0.264571875333786,36599,0.22905433177947998,93,,,
0.25922703742980957,36649,0.24481312930583954,93,,,
,36659,,93,0.7995192408561707,0.883400022983551,0.7989984154701233
0.2805047035217285,36699,0.24687330424785614,94,,,
0.3166140019893646,36749,0.37240418791770935,94,,,
0.3202873766422272,36799,0.29164254665374756,94,,,
0.2959689497947693,36849,0.27950817346572876,94,,,
0.5381726026535034,36899,0.4877035617828369,94,,,
0.22103366255760193,36949,0.20930708944797516,94,,,
0.3453221023082733,36999,0.30155664682388306,94,,,
0.9538478851318359,37049,1.0432987213134766,94,,,
,37049,,94,0.802423894405365,0.8791000247001648,0.8014823794364929
0.3012426793575287,37099,0.2799350619316101,95,,,
0.3389481008052826,37149,0.33999937772750854,95,,,
0.2711697816848755,37199,0.2675100564956665,95,,,
0.27205604314804077,37249,0.2777038812637329,95,,,
0.19048352539539337,37299,0.17759950459003448,95,,,
0.18907169997692108,37349,0.20493343472480774,95,,,
0.2291608303785324,37399,0.26821404695510864,95,,,
,37439,,95,0.8012820482254028,0.8830999732017517,0.8017628192901611
0.2520526647567749,37449,0.2321644276380539,96,,,
0.3809456527233124,37499,0.4050006568431854,96,,,
0.18398989737033844,37549,0.1743898242712021,96,,,
0.22449353337287903,37599,0.24978800117969513,96,,,
0.23431232571601868,37649,0.18562331795692444,96,,,
0.1786162108182907,37699,0.1928040236234665,96,,,
0.27038782835006714,37749,0.2615402340888977,96,,,
0.2847839295864105,37799,0.3442036807537079,96,,,
,37829,,96,0.8054487109184265,0.8849999904632568,0.8033854365348816
0.25268223881721497,37849,0.2598321735858917,97,,,
0.2302650660276413,37899,0.2227613925933838,97,,,
0.438552588224411,37949,0.3761315941810608,97,,,
0.2813907563686371,37999,0.2497437298297882,97,,,
0.2332160323858261,38049,0.2559647858142853,97,,,
0.5074463486671448,38099,0.5554677248001099,97,,,
0.4444761872291565,38149,0.3480398654937744,97,,,
0.2534885108470917,38199,0.2543567419052124,97,,,
,38219,,97,0.8044871687889099,0.8693000078201294,0.8037660121917725
0.1809849888086319,38249,0.19636555016040802,98,,,
0.164177805185318,38299,0.15933442115783691,98,,,
0.2551153302192688,38349,0.23571477830410004,98,,,
0.25666579604148865,38399,0.2645656168460846,98,,,
0.34220191836357117,38449,0.27420300245285034,98,,,
0.254528671503067,38499,0.2375575602054596,98,,,
0.12957413494586945,38549,0.11423139274120331,98,,,
0.3239414095878601,38599,0.291975736618042,98,,,
,38609,,98,0.8032451868057251,0.875,0.8012820482254028
0.15973277390003204,38649,0.13864269852638245,99,,,
0.22789308428764343,38699,0.22197836637496948,99,,,
0.4386928677558899,38749,0.4079345166683197,99,,,
0.2123609334230423,38799,0.18798063695430756,99,,,
0.25292152166366577,38849,0.2638060748577118,99,,,
0.16858433187007904,38899,0.16210797429084778,99,,,
0.23283307254314423,38949,0.23739835619926453,99,,,
0.1614808291196823,38999,0.13864292204380035,99,,,
,38999,,99,0.8076121807098389,0.8798999786376953,0.789803683757782
0.1942664235830307,39049,0.201297327876091,100,,,
0.247176855802536,39099,0.27020081877708435,100,,,
0.16224296391010284,39149,0.16880732774734497,100,,,
0.41625913977622986,39199,0.3518194854259491,100,,,
0.15219084918498993,39249,0.1415969729423523,100,,,
0.28829893469810486,39299,0.3630526661872864,100,,,
0.2615303099155426,39349,0.25242719054222107,100,,,
,39389,,100,0.8069911599159241,0.8641999959945679,0.7947315573692322
0.1683388501405716,39399,0.16226649284362793,101,,,
0.19253918528556824,39449,0.2114710807800293,101,,,
0.21557191014289856,39499,0.2591554820537567,101,,,
0.2092832773923874,39549,0.21427102386951447,101,,,
0.2645195424556732,39599,0.24926336109638214,101,,,
0.27680641412734985,39649,0.30135461688041687,101,,,
0.3033854365348816,39699,0.26911666989326477,101,,,
0.2570454478263855,39749,0.22745150327682495,101,,,
,39779,,101,0.8066506385803223,0.8798999786376953,0.8052083253860474
0.22575147449970245,39799,0.21654823422431946,102,,,
0.3274332880973816,39849,0.31229251623153687,102,,,
0.2821046710014343,39899,0.2842181324958801,102,,,
0.19894608855247498,39949,0.19242747128009796,102,,,
0.520302414894104,39999,0.5329389572143555,102,,,
0.2629529535770416,40049,0.2520437240600586,102,,,
0.272418349981308,40099,0.3060820996761322,102,,,
0.5524015426635742,40149,0.5400905013084412,102,,,
,40169,,102,0.8084134459495544,0.8822000026702881,0.8091946840286255
0.20634126663208008,40199,0.23320145905017853,103,,,
0.166712686419487,40249,0.1588939130306244,103,,,
0.2502116858959198,40299,0.24752861261367798,103,,,
0.30019763112068176,40349,0.3866499066352844,103,,,
0.48872461915016174,40399,0.5746333599090576,103,,,
0.391824871301651,40449,0.41181832551956177,103,,,
0.376670777797699,40499,0.430161714553833,103,,,
0.24421828985214233,40549,0.25751161575317383,103,,,
,40559,,103,0.8084936141967773,0.8813999891281128,0.8075921535491943
0.2080707997083664,40599,0.18753217160701752,104,,,
0.23796290159225464,40649,0.209854856133461,104,,,
0.3057872951030731,40699,0.29244107007980347,104,,,
0.3056432604789734,40749,0.3816682696342468,104,,,
0.28747302293777466,40799,0.2560172975063324,104,,,
0.38832876086235046,40849,0.41680583357810974,104,,,
0.2174195498228073,40899,0.24176901578903198,104,,,
0.5636199116706848,40949,0.5433932542800903,104,,,
,40949,,104,0.8099960088729858,0.8766000270843506,0.8091145753860474
0.2573326826095581,40999,0.21738237142562866,105,,,
0.5640126466751099,41049,0.49483373761177063,105,,,
0.24788562953472137,41099,0.22785714268684387,105,,,
0.30810546875,41149,0.2880410850048065,105,,,
0.18798550963401794,41199,0.17326892912387848,105,,,
0.19887278974056244,41249,0.19418974220752716,105,,,
0.4338839054107666,41299,0.3721689283847809,105,,,
,41339,,105,0.8125,0.8860999941825867,0.8074519038200378
0.5097958445549011,41349,0.5428687334060669,106,,,
0.2402985543012619,41399,0.26100438833236694,106,,,
0.617856502532959,41449,0.5654330849647522,106,,,
0.20834611356258392,41499,0.19226710498332977,106,,,
0.2353745698928833,41549,0.24464046955108643,106,,,
0.232939213514328,41599,0.25024667382240295,106,,,
0.263240247964859,41649,0.2296985536813736,106,,,
0.242127925157547,41699,0.23169326782226562,106,,,
,41729,,106,0.8121995329856873,0.8826000094413757,0.8119391202926636
0.25801509618759155,41749,0.25829076766967773,107,,,
0.5182602405548096,41799,0.5053996443748474,107,,,
0.2429979145526886,41849,0.23255698382854462,107,,,
0.2296132743358612,41899,0.23289243876934052,107,,,
0.19507038593292236,41949,0.1922818273305893,107,,,
0.2534656226634979,41999,0.24593400955200195,107,,,
0.2939228117465973,42049,0.2663048207759857,107,,,
0.24769236147403717,42099,0.24827206134796143,107,,,
,42119,,107,0.8126201629638672,0.8853999972343445,0.807111382484436
0.3819645643234253,42149,0.3692057430744171,108,,,
0.6644487380981445,42199,0.6424481272697449,108,,,
0.2871238887310028,42249,0.256801962852478,108,,,
0.24272529780864716,42299,0.2580622136592865,108,,,
0.4760203957557678,42349,0.49000149965286255,108,,,
0.5532675981521606,42399,0.6445595622062683,108,,,
0.47531944513320923,42449,0.4494516849517822,108,,,
0.5181903839111328,42499,0.498779296875,108,,,
,42509,,108,0.8112780451774597,0.8776000142097473,0.8139022588729858
0.5282500982284546,42549,0.4788692593574524,109,,,
0.334856241941452,42599,0.33563706278800964,109,,,
0.2955283522605896,42649,0.2654275596141815,109,,,
0.25754502415657043,42699,0.26040777564048767,109,,,
0.4469929337501526,42749,0.35878342390060425,109,,,
1.1128870248794556,42799,1.1569948196411133,109,,,
0.24535807967185974,42849,0.24499794840812683,109,,,
0.24411641061306,42899,0.22434039413928986,109,,,
,42899,,109,0.8134815692901611,0.886900007724762,0.8099759817123413
0.27404963970184326,42949,0.2969056963920593,110,,,
0.2563522160053253,42999,0.2332846224308014,110,,,
0.23265106976032257,43049,0.21395613253116608,110,,,
0.38778337836265564,43099,0.3952392637729645,110,,,
2.346108913421631,43149,1.96287202835083,110,,,
0.1726531833410263,43199,0.1539209634065628,110,,,
0.24452273547649384,43249,0.20069776475429535,110,,,
,43289,,110,0.8134415149688721,0.8571000099182129,0.8045071959495544
0.18235406279563904,43299,0.17918641865253448,111,,,
0.3771451413631439,43349,0.4187544882297516,111,,,
0.24921542406082153,43399,0.23229503631591797,111,,,
0.2610602080821991,43449,0.23045304417610168,111,,,
0.2133769989013672,43499,0.2239805907011032,111,,,
0.2875240743160248,43549,0.29372233152389526,111,,,
0.2477964460849762,43599,0.2459893673658371,111,,,
0.23654396831989288,43649,0.23536443710327148,111,,,
,43679,,111,0.8118389248847961,0.8547999858856201,0.8071914911270142
0.24502220749855042,43699,0.25206494331359863,112,,,
0.2675184905529022,43749,0.296444296836853,112,,,
0.2731890380382538,43799,0.23906740546226501,112,,,
0.2506190240383148,43849,0.1946430802345276,112,,,
0.28696155548095703,43899,0.2692899703979492,112,,,
0.3641076683998108,43949,0.32299700379371643,112,,,
0.6743603944778442,43999,0.6703585982322693,112,,,
0.2730582654476166,44049,0.2775067389011383,112,,,
,44069,,112,0.8079126477241516,0.880299985408783,0.8080729246139526
0.2294875532388687,44099,0.24415431916713715,113,,,
0.54970383644104,44149,0.4398384094238281,113,,,
0.2739623785018921,44199,0.2360657900571823,113,,,
0.2677205204963684,44249,0.2588326930999756,113,,,
0.576422929763794,44299,0.44865545630455017,113,,,
0.17418190836906433,44349,0.17517662048339844,113,,,
0.25500380992889404,44399,0.2479163557291031,113,,,
0.7568246722221375,44449,0.6381064653396606,113,,,
,44459,,113,0.8131009340286255,0.8806999921798706,0.8129607439041138
0.4402482211589813,44499,0.37989041209220886,114,,,
0.40331292152404785,44549,0.40798529982566833,114,,,
0.25231117010116577,44599,0.24904309213161469,114,,,
0.49248337745666504,44649,0.534859299659729,114,,,
0.21865127980709076,44699,0.2916989028453827,114,,,
0.1573670506477356,44749,0.19385822117328644,114,,,
0.17437247931957245,44799,0.20336470007896423,114,,,
0.20245325565338135,44849,0.2315344363451004,114,,,
,44849,,114,0.801522433757782,0.8729000091552734,0.8144431114196777
0.4646613895893097,44899,0.4576658010482788,115,,,
0.2170393466949463,44949,0.17914354801177979,115,,,
0.35919883847236633,44999,0.43640008568763733,115,,,
0.2550891935825348,45049,0.2552741467952728,115,,,
0.2063765972852707,45099,0.1734725683927536,115,,,
0.1750415414571762,45149,0.19353096187114716,115,,,
0.23604607582092285,45199,0.25787946581840515,115,,,
,45239,,115,0.815665066242218,0.887499988079071,0.8094150424003601
0.23609697818756104,45249,0.26895079016685486,116,,,
1.0244091749191284,45299,0.8052794933319092,116,,,
0.4788793623447418,45349,0.5094339847564697,116,,,
0.20491178333759308,45399,0.1819225400686264,116,,,
0.5032656192779541,45449,0.5090717673301697,116,,,
0.18247540295124054,45499,0.18006564676761627,116,,,
0.5232915282249451,45549,0.5092024803161621,116,,,
0.2724609076976776,45599,0.2839711606502533,116,,,
,45629,,116,0.8174078464508057,0.886900007724762,0.8157652020454407
0.2513280212879181,45649,0.25937196612358093,117,,,
0.3995034694671631,45699,0.34427860379219055,117,,,
0.45095711946487427,45749,0.3823946714401245,117,,,
0.6360756754875183,45799,0.6523911356925964,117,,,
0.2427193522453308,45849,0.25050151348114014,117,,,
0.3160254955291748,45899,0.35966598987579346,117,,,
0.5231988430023193,45949,0.5078621506690979,117,,,
0.41037797927856445,45999,0.41592350602149963,117,,,
,46019,,117,0.8174078464508057,0.8884000182151794,0.815625011920929
0.21151642501354218,46049,0.1764216423034668,118,,,
0.33439213037490845,46099,0.3103434443473816,118,,,
0.15611572563648224,46149,0.15524472296237946,118,,,
0.3597003221511841,46199,0.2872728407382965,118,,,
0.414856880903244,46249,0.3528958261013031,118,,,
0.5525081157684326,46299,0.5023859143257141,118,,,
0.2505945563316345,46349,0.22928525507450104,118,,,
0.14743229746818542,46399,0.13305948674678802,118,,,
,46409,,118,0.8163061141967773,0.8817999958992004,0.8121193647384644
0.2079651951789856,46449,0.2307313084602356,119,,,
0.2701897919178009,46499,0.23371094465255737,119,,,
0.34481367468833923,46549,0.3252178132534027,119,,,
0.3005070686340332,46599,0.2677822709083557,119,,,
0.31488120555877686,46649,0.35322731733322144,119,,,
0.23431618511676788,46699,0.24105636775493622,119,,,
0.26431629061698914,46749,0.2931070923805237,119,,,
0.25531744956970215,46799,0.24581794440746307,119,,,
,46799,,119,0.8159855604171753,0.8833000063896179,0.8165464997291565
0.4947957396507263,46849,0.5210340023040771,120,,,
0.5485581159591675,46899,0.48731303215026855,120,,,
0.23239874839782715,46949,0.2356852889060974,120,,,
0.3755016028881073,46999,0.2967465817928314,120,,,
0.43184995651245117,47049,0.5316156148910522,120,,,
0.3915459215641022,47099,0.42699137330055237,120,,,
0.36917752027511597,47149,0.4204331338405609,120,,,
,47189,,120,0.8193309307098389,0.8858000040054321,0.8177884817123413
0.4569803774356842,47199,0.53045654296875,121,,,
0.3296314775943756,47249,0.2957374155521393,121,,,
0.39204642176628113,47299,0.44501206278800964,121,,,
0.27430713176727295,47349,0.2390461415052414,121,,,
0.3251117765903473,47399,0.3697802424430847,121,,,
0.2601272463798523,47449,0.28085869550704956,121,,,
0.2995617091655731,47499,0.2728869616985321,121,,,
0.21854566037654877,47549,0.20061127841472626,121,,,
,47579,,121,0.8183894157409668,0.8913999795913696,0.8154447078704834
0.375409334897995,47599,0.3362857699394226,122,,,
0.22281639277935028,47649,0.22986851632595062,122,,,
0.5355646014213562,47699,0.4617336392402649,122,,,
0.3148219585418701,47749,0.32872480154037476,122,,,
0.5747889280319214,47799,0.7564229369163513,122,,,
0.27509427070617676,47849,0.30003225803375244,122,,,
0.30940762162208557,47899,0.26445746421813965,122,,,
0.28076082468032837,47949,0.29429784417152405,122,,,
,47969,,122,0.8205528855323792,0.8842999935150146,0.8190104365348816
0.5110843181610107,47999,0.4719855785369873,123,,,
0.6694401502609253,48049,0.7725722789764404,123,,,
0.41334715485572815,48099,0.4157423973083496,123,,,
0.16963547468185425,48149,0.15066197514533997,123,,,
0.25251585245132446,48199,0.2721996009349823,123,,,
0.3946831226348877,48249,0.5716484785079956,123,,,
0.23984982073307037,48299,0.2711374759674072,123,,,
0.26298943161964417,48349,0.23498743772506714,123,,,
,48359,,123,0.8139423131942749,0.885699987411499,0.817928671836853
0.37139660120010376,48399,0.3116094172000885,124,,,
0.14622731506824493,48449,0.14957313239574432,124,,,
0.1998066008090973,48499,0.21196739375591278,124,,,
0.4010685384273529,48549,0.3393525779247284,124,,,
0.25664666295051575,48599,0.24449001252651215,124,,,
0.4029393196105957,48649,0.36041131615638733,124,,,
0.31736692786216736,48699,0.2868461012840271,124,,,
0.266478031873703,48749,0.2663545310497284,124,,,
,48749,,124,0.819531261920929,0.8842999935150146,0.8207732439041138
0.2940288782119751,48799,0.297038733959198,125,,,
0.7042154669761658,48849,0.7536181211471558,125,,,
0.25125113129615784,48899,0.2246858775615692,125,,,
0.28140050172805786,48949,0.2992854118347168,125,,,
0.1788458377122879,48999,0.170763298869133,125,,,
0.3660871386528015,49049,0.37081336975097656,125,,,
0.5730485916137695,49099,0.5061004161834717,125,,,
,49139,,125,0.8234975934028625,0.8932999968528748,0.8177283406257629
0.49613234400749207,49149,0.5207248330116272,126,,,
0.21669605374336243,49199,0.21461047232151031,126,,,
0.789138913154602,49249,0.5631793141365051,126,,,
0.2870752215385437,49299,0.2577149569988251,126,,,
0.181986466050148,49349,0.17107997834682465,126,,,
0.22760947048664093,49399,0.22564397752285004,126,,,
0.2718313932418823,49449,0.2988834083080292,126,,,
0.4993935227394104,49499,0.5041077733039856,126,,,
,49529,,126,0.8233774304389954,0.8819000124931335,0.817147433757782
0.24304984509944916,49549,0.26255515217781067,127,,,
0.2289569079875946,49599,0.22573205828666687,127,,,
0.2762415409088135,49649,0.30748242139816284,127,,,
0.3435748219490051,49699,0.2974957525730133,127,,,
0.6173439025878906,49749,0.6048595309257507,127,,,
0.3189876079559326,49799,0.32723474502563477,127,,,
0.40144893527030945,49849,0.4167799949645996,127,,,
0.5087040662765503,49899,0.5125243067741394,127,,,
,49919,,127,0.8246194124221802,0.8876000046730042,0.8210336565971375
0.23996536433696747,49949,0.19766543805599213,128,,,
0.47449368238449097,49999,0.5120611190795898,128,,,
0.4256667196750641,50049,0.4202495217323303,128,,,
0.835424542427063,50099,1.0206941366195679,128,,,
0.2135295420885086,50149,0.20294466614723206,128,,,
0.28116992115974426,50199,0.27121928334236145,128,,,
0.27569273114204407,50249,0.29511332511901855,128,,,
0.26986414194107056,50299,0.21363605558872223,128,,,
,50309,,128,0.8212940692901611,0.8901000022888184,0.8219150900840759
0.16629427671432495,50349,0.18255732953548431,129,,,
0.219884991645813,50399,0.20185227692127228,129,,,
0.6006823778152466,50449,0.7381946444511414,129,,,
1.0304265022277832,50499,1.158902645111084,129,,,
0.15279118716716766,50549,0.1941208839416504,129,,,
0.39938798546791077,50599,0.3948701322078705,129,,,
0.35031065344810486,50649,0.35689303278923035,129,,,
0.3203847408294678,50699,0.3510521650314331,129,,,
,50699,,129,0.8206530213356018,0.8791000247001648,0.824799656867981
2.1642160415649414,50749,1.7517170906066895,130,,,
0.23738732933998108,50799,0.25143668055534363,130,,,
0.20157547295093536,50849,0.18796978890895844,130,,,
0.23017144203186035,50899,0.21208332479000092,130,,,
0.34530287981033325,50949,0.34848666191101074,130,,,
0.3411709666252136,50999,0.30927589535713196,130,,,
0.5077277421951294,51049,0.4647682309150696,130,,,
,51089,,130,0.8241586685180664,0.8880000114440918,0.8210737109184265
0.32939600944519043,51099,0.32109731435775757,131,,,
0.24563685059547424,51149,0.24519629776477814,131,,,
0.43310806155204773,51199,0.4545459747314453,131,,,
0.37346547842025757,51249,0.40785422921180725,131,,,
0.7586053609848022,51299,0.7172216773033142,131,,,
0.2568380534648895,51349,0.2429399937391281,131,,,
0.28961920738220215,51399,0.31952041387557983,131,,,
0.3099532127380371,51449,0.27903276681900024,131,,,
,51479,,131,0.8232772350311279,0.8860999941825867,0.8253405690193176
0.3538399934768677,51499,0.38939833641052246,132,,,
0.3988078534603119,51549,0.4264313280582428,132,,,
0.4098450243473053,51599,0.39660313725471497,132,,,
0.20737643539905548,51649,0.18310783803462982,132,,,
0.24947860836982727,51699,0.24078255891799927,132,,,
0.44671741127967834,51749,0.3780043125152588,132,,,
0.28421348333358765,51799,0.29775333404541016,132,,,
0.5192736387252808,51849,0.49047529697418213,132,,,
,51869,,132,0.8233373165130615,0.8810999989509583,0.8233974575996399
0.712289571762085,51899,0.7887384295463562,133,,,
0.708873987197876,51949,0.7700475454330444,133,,,
0.5110270380973816,51999,0.5285588502883911,133,,,
0.43249964714050293,52049,0.3031066358089447,133,,,
0.2868148982524872,52099,0.27410727739334106,133,,,
0.2341974526643753,52149,0.23865404725074768,133,,,
0.19276966154575348,52199,0.17463870346546173,133,,,
0.37583619356155396,52249,0.4266285002231598,133,,,
,52259,,133,0.8267427682876587,0.8892999887466431,0.8232371807098389
0.34398186206817627,52299,0.30325475335121155,134,,,
1.6987147331237793,52349,2.0110890865325928,134,,,
0.8762719035148621,52399,1.0921415090560913,134,,,
0.2970949709415436,52449,0.30406463146209717,134,,,
0.24278239905834198,52499,0.25137385725975037,134,,,
0.4114796221256256,52549,0.33206817507743835,134,,,
0.433415949344635,52599,0.5700612664222717,134,,,
0.353874534368515,52649,0.4302690029144287,134,,,
,52649,,134,0.8242387771606445,0.8858000040054321,0.8254807591438293
0.20568473637104034,52699,0.18538369238376617,135,,,
0.5676030516624451,52749,0.47897887229919434,135,,,
0.5371668338775635,52799,0.5221429467201233,135,,,
0.35126739740371704,52849,0.3091905415058136,135,,,
0.3895566463470459,52899,0.3900515139102936,135,,,
0.5289729833602905,52949,0.4642021059989929,135,,,
0.23111440241336823,52999,0.2414572685956955,135,,,
,53039,,135,0.8234174847602844,0.8852999806404114,0.8207532167434692
0.4877105951309204,53049,0.5403328537940979,136,,,
0.4749980568885803,53099,0.5083367228507996,136,,,
0.4032832682132721,53149,0.3670852780342102,136,,,
0.3888438642024994,53199,0.4287804663181305,136,,,
0.4317823648452759,53249,0.5413123965263367,136,,,
0.48542582988739014,53299,0.5516838431358337,136,,,
0.36664390563964844,53349,0.27949613332748413,136,,,
0.7222347259521484,53399,0.707342267036438,136,,,
,53429,,136,0.8240785002708435,0.8880000114440918,0.8281049728393555
0.6659353971481323,53449,0.5105363130569458,137,,,
0.43935689330101013,53499,0.5745791792869568,137,,,
0.5490748882293701,53549,0.3996885418891907,137,,,
0.25843334197998047,53599,0.26325058937072754,137,,,
0.551410973072052,53649,0.5157307386398315,137,,,
0.23930120468139648,53699,0.26738888025283813,137,,,
1.0751245021820068,53749,0.9909892082214355,137,,,
0.22804982960224152,53799,0.25568142533302307,137,,,
,53819,,137,0.8284655213356018,0.8862000107765198,0.825861394405365
0.5154314041137695,53849,0.455930233001709,138,,,
0.698716402053833,53899,0.6826900243759155,138,,,
0.6265209913253784,53949,0.5986177921295166,138,,,
0.434597373008728,53999,0.5750106573104858,138,,,
0.314269483089447,54049,0.3479159474372864,138,,,
0.363189697265625,54099,0.3289635479450226,138,,,
0.6898127794265747,54149,0.5660516023635864,138,,,
0.34905335307121277,54199,0.363777220249176,138,,,
,54209,,138,0.8266626596450806,0.890999972820282,0.8285256624221802
0.24644531309604645,54249,0.26077747344970703,139,,,
0.27619099617004395,54299,0.2110099196434021,139,,,
0.4826003313064575,54349,0.4444328248500824,139,,,
0.2582794427871704,54399,0.23182332515716553,139,,,
0.2094811350107193,54449,0.21704323589801788,139,,,
0.47713613510131836,54499,0.5134521126747131,139,,,
0.4330365061759949,54549,0.5561035871505737,139,,,
0.4244610667228699,54599,0.5625379681587219,139,,,
,54599,,139,0.8259815573692322,0.8772000074386597,0.8260617256164551
0.41977134346961975,54649,0.38672885298728943,140,,,
0.4383782744407654,54699,0.557920515537262,140,,,
0.38966426253318787,54749,0.41871705651283264,140,,,
0.4344352185726166,54799,0.52139812707901,140,,,
0.4097500741481781,54849,0.3917723596096039,140,,,
0.2769049406051636,54899,0.21402016282081604,140,,,
0.25463026762008667,54949,0.2521851360797882,140,,,
,54989,,140,0.8307692408561707,0.8848999738693237,0.8276041746139526
0.22398072481155396,54999,0.24542751908302307,141,,,
0.27238279581069946,55049,0.2993132472038269,141,,,
0.3413662314414978,55099,0.2962607145309448,141,,,
0.947203516960144,55149,1.0860520601272583,141,,,
0.5997248888015747,55199,0.7155584692955017,141,,,
0.9731837511062622,55249,1.217540979385376,141,,,
0.3852379024028778,55299,0.2915137708187103,141,,,
0.4294663965702057,55349,0.4385516345500946,141,,,
,55379,,141,0.8304687738418579,0.8883000016212463,0.8285056352615356
0.5138181447982788,55399,0.4504428505897522,142,,,
0.3800654113292694,55449,0.39575985074043274,142,,,
0.3907381296157837,55499,0.30739083886146545,142,,,
0.6251398921012878,55549,0.6409257650375366,142,,,
0.43393611907958984,55599,0.5177158117294312,142,,,
0.2185707539319992,55649,0.2054528295993805,142,,,
0.4471297860145569,55699,0.5621393322944641,142,,,
0.4621707499027252,55749,0.5189006328582764,142,,,
,55769,,142,0.8282251358032227,0.8870999813079834,0.8296674489974976
0.3693380057811737,55799,0.3149876892566681,143,,,
0.5738885998725891,55849,0.6554054021835327,143,,,
1.0938212871551514,55899,0.9498364925384521,143,,,
0.439912885427475,55949,0.5319773554801941,143,,,
0.24800749123096466,55999,0.25413304567337036,143,,,
0.5152259469032288,56049,0.77094566822052,143,,,
0.21539217233657837,56099,0.2652771770954132,143,,,
0.24548915028572083,56149,0.23483143746852875,143,,,
,56159,,143,0.8301482200622559,0.8824999928474426,0.8295873403549194
2.212916612625122,56199,1.5065444707870483,144,,,
1.1238102912902832,56249,1.0037981271743774,144,,,
0.29458916187286377,56299,0.283265620470047,144,,,
0.40788841247558594,56349,0.36113807559013367,144,,,
0.36024659872055054,56399,0.3905835747718811,144,,,
0.49986353516578674,56449,0.5216990113258362,144,,,
1.046688437461853,56499,1.09019136428833,144,,,
0.40656548738479614,56549,0.43229398131370544,144,,,
,56549,,144,0.8307091593742371,0.8795999884605408,0.8291265964508057
1.0030077695846558,56599,1.1456401348114014,145,,,
0.41661959886550903,56649,0.5248320698738098,145,,,
0.4340614378452301,56699,0.334881067276001,145,,,
0.6113241910934448,56749,0.5625742077827454,145,,,
0.2406567484140396,56799,0.25003066658973694,145,,,
0.45395684242248535,56849,0.33534228801727295,145,,,
0.5137321949005127,56899,0.4654836654663086,145,,,
,56939,,145,0.8306289911270142,0.8914999961853027,0.8302283883094788
0.49344778060913086,56949,0.5138071775436401,146,,,
0.36630743741989136,56999,0.36748915910720825,146,,,
0.7012209296226501,57049,0.6684367656707764,146,,,
0.5212922096252441,57099,0.5393402576446533,146,,,
0.6835929155349731,57149,0.7276973724365234,146,,,
0.23718078434467316,57199,0.24661731719970703,146,,,
0.5565733909606934,57249,0.4688158631324768,146,,,
0.7013822793960571,57299,0.7341521978378296,146,,,
,57329,,146,0.8306490182876587,0.885200023651123,0.8322916626930237
0.5012045502662659,57349,0.5071507096290588,147,,,
0.8742302656173706,57399,1.0584704875946045,147,,,
0.3178004324436188,57449,0.3672362267971039,147,,,
0.39847609400749207,57499,0.4110003411769867,147,,,
0.3007429540157318,57549,0.3139224350452423,147,,,
0.26869529485702515,57599,0.30597174167633057,147,,,
0.5014477372169495,57649,0.5022765398025513,147,,,
0.3107106685638428,57699,0.3362123370170593,147,,,
,57719,,147,0.8315104246139526,0.885200023651123,0.8322315812110901
0.9807404279708862,57749,0.9637094140052795,148,,,
0.5488124489784241,57799,0.5638379454612732,148,,,
0.3031752109527588,57849,0.31693264842033386,148,,,
0.5432083606719971,57899,0.5266510844230652,148,,,
0.19861550629138947,57949,0.2112196683883667,148,,,
0.30952969193458557,57999,0.33483701944351196,148,,,
0.7788244485855103,58049,0.699506402015686,148,,,
0.3429059386253357,58099,0.4174460470676422,148,,,
,58109,,148,0.8319511413574219,0.8889999985694885,0.833513617515564
1.007710576057434,58149,0.9848901033401489,149,,,
0.9460938572883606,58199,1.032306432723999,149,,,
0.8583029508590698,58249,1.0296708345413208,149,,,
0.3044363856315613,58299,0.3391295075416565,149,,,
0.6113548278808594,58349,0.7403344511985779,149,,,
0.2846241593360901,58399,0.28264057636260986,149,,,
0.3976317048072815,58449,0.4068806767463684,149,,,
1.482911467552185,58499,2.0779781341552734,149,,,
,58499,,149,0.8318509459495544,0.8871999979019165,0.8349359035491943
0.2925907075405121,58549,0.3094537854194641,150,,,
0.4327586889266968,58599,0.5230628252029419,150,,,
0.25709331035614014,58649,0.25561097264289856,150,,,
0.3441574275493622,58699,0.3004995286464691,150,,,
0.7051190733909607,58749,0.7604863047599792,150,,,
0.48390993475914,58799,0.48934322595596313,150,,,
0.6080783605575562,58849,0.576154351234436,150,,,
,58889,,150,0.8320713043212891,0.8859999775886536,0.8338140845298767
0.5256778597831726,58899,0.4558919072151184,151,,,
0.5523815155029297,58949,0.5363537073135376,151,,,
0.3318147659301758,58999,0.3343956172466278,151,,,
0.3447361886501312,59049,0.3073124885559082,151,,,
0.3770054578781128,59099,0.43078896403312683,151,,,
0.5126808285713196,59149,0.4584711492061615,151,,,
0.5288058519363403,59199,0.5158681869506836,151,,,
0.5290022492408752,59249,0.5908306837081909,151,,,
,59279,,151,0.834294855594635,0.8878999948501587,0.8345953822135925
0.535966694355011,59299,0.5237751603126526,152,,,
0.4882884621620178,59349,0.5230916738510132,152,,,
0.49526122212409973,59399,0.43543657660484314,152,,,
0.40487393736839294,59449,0.44502297043800354,152,,,
0.41306084394454956,59499,0.523551344871521,152,,,
0.46572959423065186,59549,0.4814119040966034,152,,,
0.4632251262664795,59599,0.5537052750587463,152,,,
0.2552509307861328,59649,0.2437029778957367,152,,,
,59669,,152,0.8324118852615356,0.8895000219345093,0.8358974456787109
0.8679229617118835,59699,1.137969732284546,153,,,
0.5294084548950195,59749,0.4217398464679718,153,,,
0.5497575998306274,59799,0.5868375301361084,153,,,
0.2807542085647583,59849,0.31711530685424805,153,,,
0.2773337662220001,59899,0.3133249878883362,153,,,
0.4361496567726135,59949,0.36244767904281616,153,,,
0.24990972876548767,59999,0.26216450333595276,153,,,
0.6345256567001343,60049,0.6471705436706543,153,,,
,60059,,153,0.8351762890815735,0.8945000171661377,0.8340344429016113
0.5008435249328613,60099,0.4778047800064087,154,,,
0.6217761039733887,60149,0.7180744409561157,154,,,
0.4562687277793884,60199,0.5188941955566406,154,,,
0.351691335439682,60249,0.4283221662044525,154,,,
0.6262896656990051,60299,0.5871413946151733,154,,,
0.26322105526924133,60349,0.2593151330947876,154,,,
0.2849503755569458,60399,0.3172403573989868,154,,,
0.29949527978897095,60449,0.2773391306400299,154,,,
,60449,,154,0.836678683757782,0.8858000040054321,0.8373197317123413
0.5604766607284546,60499,0.6607260704040527,155,,,
0.47713741660118103,60549,0.45440658926963806,155,,,
0.5661536455154419,60599,0.49621105194091797,155,,,
0.537971019744873,60649,0.4324718713760376,155,,,
0.5112906694412231,60699,0.3920271694660187,155,,,
0.48347726464271545,60749,0.4292837381362915,155,,,
0.296169251203537,60799,0.28638356924057007,155,,,
,60839,,155,0.8362379670143127,0.8903999924659729,0.8344751596450806
0.2983327805995941,60849,0.3460083603858948,156,,,
0.49498221278190613,60899,0.4559456408023834,156,,,
0.33338677883148193,60949,0.28150510787963867,156,,,
0.534530758857727,60999,0.5447510480880737,156,,,
0.5397599339485168,61049,0.7461665868759155,156,,,
0.4507395029067993,61099,0.47412630915641785,156,,,
2.01737904548645,61149,1.5056687593460083,156,,,
0.41361093521118164,61199,0.5101999640464783,156,,,
,61229,,156,0.8341146111488342,0.8870000243186951,0.8368990421295166
nan,61249,nan,157,,,
0.28779762983322144,61299,0.29311737418174744,157,,,
0.5190141201019287,61349,0.42892780900001526,157,,,
0.6061371564865112,61399,0.6775099039077759,157,,,
1.1505348682403564,61449,0.9827844500541687,157,,,
0.2660733759403229,61499,0.293448269367218,157,,,
0.5464823842048645,61549,0.582821249961853,157,,,
0.4711548388004303,61599,0.5721532106399536,157,,,
,61619,,157,0.8357571959495544,0.8896999955177307,0.8349959850311279
0.4142082929611206,61649,0.5428036451339722,158,,,
0.4206778109073639,61699,0.3540010154247284,158,,,
0.5024170279502869,61749,0.5671954154968262,158,,,
1.6773208379745483,61799,2.1037306785583496,158,,,
2.1549177169799805,61849,1.5060570240020752,158,,,
0.4074837863445282,61899,0.4009399116039276,158,,,
0.28740501403808594,61949,0.2710609436035156,158,,,
0.3951297998428345,61999,0.3356040418148041,158,,,
,62009,,158,0.8366186022758484,0.8892999887466431,0.8379406929016113
0.39411377906799316,62049,0.36804917454719543,159,,,
0.49887681007385254,62099,0.5606308579444885,159,,,
0.4559449553489685,62149,0.48981112241744995,159,,,
0.4494372606277466,62199,0.48196980357170105,159,,,
0.2913305461406708,62249,0.27835628390312195,159,,,
0.3956446349620819,62299,0.32725632190704346,159,,,
0.5328001976013184,62349,0.6711520552635193,159,,,
0.3366492986679077,62399,0.3251150846481323,159,,,
,62399,,159,0.8369190692901611,0.8899999856948853,0.8386017680168152
0.25294220447540283,62449,0.24554017186164856,160,,,
2.020871639251709,62499,2.4021658897399902,160,,,
0.32171595096588135,62549,0.3307947516441345,160,,,
0.44565078616142273,62599,0.40377911925315857,160,,,
0.6478631496429443,62649,0.6640177369117737,160,,,
0.3182641863822937,62699,0.3531816899776459,160,,,
0.3166961073875427,62749,0.3108345866203308,160,,,
,62789,,160,0.8388020992279053,0.891700029373169,0.8384414911270142
0.6264561414718628,62799,0.5805159211158752,161,,,
0.5431899428367615,62849,0.5093026161193848,161,,,
0.4058232307434082,62899,0.4536378085613251,161,,,
0.5267729759216309,62949,0.49144673347473145,161,,,
0.5220035910606384,62999,0.43506014347076416,161,,,
0.23484687507152557,63049,0.2257891148328781,161,,,
0.5321712493896484,63099,0.46445149183273315,161,,,
0.42490729689598083,63149,0.5046500563621521,161,,,
,63179,,161,0.8384014368057251,0.8899999856948853,0.838161051273346
1.0889248847961426,63199,0.7310558557510376,162,,,
0.32463276386260986,63249,0.30620911717414856,162,,,
0.43389901518821716,63299,0.4302142560482025,162,,,
1.1776354312896729,63349,1.0187134742736816,162,,,
0.5138773918151855,63399,0.49525463581085205,162,,,
0.6707131862640381,63449,0.7126374244689941,162,,,
0.7329180240631104,63499,0.5987489223480225,162,,,
0.7110504508018494,63549,0.5882099866867065,162,,,
,63569,,162,0.8385416865348816,0.8925999999046326,0.8381810784339905
0.35617971420288086,63599,0.35800570249557495,163,,,
0.24419011175632477,63649,0.2516031563282013,163,,,
0.36699342727661133,63699,0.3713761270046234,163,,,
0.6515841484069824,63749,0.6588510274887085,163,,,
0.5063378810882568,63799,0.7784911394119263,163,,,
0.4235077500343323,63849,0.3207385540008545,163,,,
0.6583142280578613,63899,0.6292071342468262,163,,,
0.4561624228954315,63949,0.5561621189117432,163,,,
,63959,,163,0.8407652378082275,0.8899000287055969,0.840584933757782
0.7870787382125854,63999,0.7189805507659912,164,,,
0.28916293382644653,64049,0.3463687300682068,164,,,
0.5130174160003662,64099,0.4881940186023712,164,,,
0.5113229751586914,64149,0.4827888607978821,164,,,
0.329934298992157,64199,0.3115602433681488,164,,,
0.5093832015991211,64249,0.5211617946624756,164,,,
1.1957385540008545,64299,0.9725404977798462,164,,,
0.238200843334198,64349,0.2503109574317932,164,,,
,64349,,164,0.8395232558250427,0.8888000249862671,0.8399839997291565
1.0133981704711914,64399,0.9475575685501099,165,,,
0.4664812386035919,64449,0.5588678121566772,165,,,
0.4738372564315796,64499,0.4322640299797058,165,,,
0.9269707202911377,64549,1.0432791709899902,165,,,
0.9782325029373169,64599,1.1902072429656982,165,,,
1.836546540260315,64649,2.4298572540283203,165,,,
0.4295642375946045,64699,0.3806929886341095,165,,,
,64739,,165,0.8403044939041138,0.8913000226020813,0.8401241898536682
1.982019066810608,64749,1.4868391752243042,166,,,
0.49747613072395325,64799,0.5090270638465881,166,,,
0.3467911183834076,64849,0.2923740744590759,166,,,
1.083441972732544,64899,0.9883284568786621,166,,,
0.49393993616104126,64949,0.5609805583953857,166,,,
nan,64999,nan,166,,,
0.3273971676826477,65049,0.29091355204582214,166,,,
0.28929346799850464,65099,0.2869536280632019,166,,,
,65129,,166,0.8406049609184265,0.8928999900817871,0.8404647707939148
nan,65149,nan,167,,,
0.29159462451934814,65199,0.28222888708114624,167,,,
0.43983250856399536,65249,0.5235337018966675,167,,,
0.3745548725128174,65299,0.4518914222717285,167,,,
0.23934856057167053,65349,0.2638092339038849,167,,,
0.6806814670562744,65399,0.6521461606025696,167,,,
0.4676918387413025,65449,0.4999375343322754,167,,,
1.7295691967010498,65499,2.4227190017700195,167,,,
,65519,,167,0.8410056233406067,0.8898000121116638,0.840745210647583
2.2745003700256348,65549,1.5146863460540771,168,,,
1.924633502960205,65599,2.3319640159606934,168,,,
2.4338316917419434,65649,2.4198098182678223,168,,,
0.3276174068450928,65699,0.3568924069404602,168,,,
0.5125776529312134,65749,0.49361109733581543,168,,,
0.5348893404006958,65799,0.48143666982650757,168,,,
0.6054115891456604,65849,0.6058812141418457,168,,,
0.5438741445541382,65899,0.5935251116752625,168,,,
,65909,,168,0.8428285121917725,0.8902000188827515,0.8407852649688721
0.5385143756866455,65949,0.43169015645980835,169,,,
0.7899021506309509,65999,0.707094132900238,169,,,
0.6163634061813354,66049,0.6660153269767761,169,,,
0.2572171092033386,66099,0.29020848870277405,169,,,
0.486867219209671,66149,0.5053664445877075,169,,,
0.5434852838516235,66199,0.45223432779312134,169,,,
0.5809781551361084,66249,0.5494800209999084,169,,,
0.47519779205322266,66299,0.525580883026123,169,,,
,66299,,169,0.8415865302085876,0.8863999843597412,0.8425480723381042
1.123117446899414,66349,1.0551130771636963,170,,,
0.4743959605693817,66399,0.4864635765552521,170,,,
2.1524691581726074,66449,2.1238019466400146,170,,,
0.3183306157588959,66499,0.328209787607193,170,,,
0.3789534270763397,66549,0.4424019753932953,170,,,
0.4406532049179077,66599,0.5320348143577576,170,,,
0.19387787580490112,66649,0.1726626455783844,170,,,
,66689,,170,0.8412259817123413,0.8910999894142151,0.8424078822135925
0.6049504280090332,66699,0.744323194026947,171,,,
0.502758264541626,66749,0.5166276693344116,171,,,
0.5366388559341431,66799,0.47887569665908813,171,,,
0.4260598123073578,66849,0.4442751407623291,171,,,
0.6007493734359741,66899,0.5495445728302002,171,,,
0.5427758693695068,66949,0.4174320697784424,171,,,
0.5362535119056702,66999,0.5118991732597351,171,,,
0.5349788665771484,67049,0.42644214630126953,171,,,
,67079,,171,0.8418068885803223,0.8877000212669373,0.8428285121917725
1.02923583984375,67099,0.7902832627296448,172,,,
0.4039488732814789,67149,0.39929893612861633,172,,,
0.48528528213500977,67199,0.49649664759635925,172,,,
0.6236943006515503,67249,0.7052342891693115,172,,,
0.35795122385025024,67299,0.3173027038574219,172,,,
0.4161052703857422,67349,0.34340929985046387,172,,,
0.2851528227329254,67399,0.3442922830581665,172,,,
0.4643559753894806,67449,0.5176170468330383,172,,,
,67469,,172,0.8431289792060852,0.8885999917984009,0.8433493375778198
1.6888079643249512,67499,2.035207509994507,173,,,
0.6987574100494385,67549,0.6011500358581543,173,,,
0.4829699695110321,67599,0.4730111360549927,173,,,
0.9243264198303223,67649,0.9398959875106812,173,,,
0.6524076461791992,67699,0.6451957821846008,173,,,
0.9755148887634277,67749,0.9720368385314941,173,,,
0.6730289459228516,67799,0.6794199347496033,173,,,
0.7223224639892578,67849,0.6957273483276367,173,,,
,67859,,173,0.843008816242218,0.8898000121116638,0.8444110751152039
nan,67899,nan,174,,,
0.8270481824874878,67949,1.0492775440216064,174,,,
0.7166456580162048,67999,0.8037986159324646,174,,,
0.3451927602291107,68049,0.30441296100616455,174,,,
1.0545873641967773,68099,0.7743163704872131,174,,,
0.6114715337753296,68149,0.6495710611343384,174,,,
1.7127807140350342,68199,2.063617467880249,174,,,
0.4402317404747009,68249,0.5009888410568237,174,,,
,68249,,174,0.8434094786643982,0.8876000046730042,0.8444711565971375
0.31181150674819946,68299,0.36709997057914734,175,,,
0.4790785610675812,68349,0.41340237855911255,175,,,
0.4952426254749298,68399,0.5353856086730957,175,,,
0.8730801343917847,68449,0.9883588552474976,175,,,
0.9359159469604492,68499,1.1021308898925781,175,,,
0.24076434969902039,68549,0.23635292053222656,175,,,
0.6030511856079102,68599,0.7064213156700134,175,,,
,68639,,175,0.8444311022758484,0.8938999772071838,0.8452123403549194
0.5363172888755798,68649,0.4587897062301636,176,,,
0.40742507576942444,68699,0.4346778094768524,176,,,
0.5159003138542175,68749,0.7036945819854736,176,,,
0.5372253060340881,68799,0.7003999948501587,176,,,
2.346500873565674,68849,1.554611086845398,176,,,
0.600612223148346,68899,0.6849724054336548,176,,,
0.9824867844581604,68949,1.137877345085144,176,,,
0.2838774025440216,68999,0.24156683683395386,176,,,
,69029,,176,0.8447916507720947,0.8894000053405762,0.8452924489974976
1.6369367837905884,69049,1.6364136934280396,177,,,
0.7117059230804443,69099,0.7682676315307617,177,,,
0.72313392162323,69149,0.5517321825027466,177,,,
0.5584708452224731,69199,0.5487134456634521,177,,,
0.905563235282898,69249,1.0400111675262451,177,,,
0.556493878364563,69299,0.525547444820404,177,,,
0.7531644105911255,69349,0.6230282783508301,177,,,
0.5010129809379578,69399,0.4941760301589966,177,,,
,69419,,177,0.8442708253860474,0.8914999961853027,0.8461138010025024
0.5081603527069092,69449,0.5981584191322327,178,,,
0.5949689745903015,69499,0.621667742729187,178,,,
0.5013989210128784,69549,0.43436190485954285,178,,,
0.9063558578491211,69599,0.8816992044448853,178,,,
1.2073602676391602,69649,1.2159969806671143,178,,,
0.38996052742004395,69699,0.5442180633544922,178,,,
0.40026670694351196,69749,0.42657527327537537,178,,,
2.2731845378875732,69799,2.171477794647217,178,,,
,69809,,178,0.8457932472229004,0.8934000134468079,0.8469951748847961
0.4888899028301239,69849,0.5101525783538818,179,,,
0.45298856496810913,69899,0.5664525628089905,179,,,
0.5691442489624023,69949,0.5244475603103638,179,,,
1.045640468597412,69999,1.1951844692230225,179,,,
0.4869488477706909,70049,0.5426332950592041,179,,,
1.1192214488983154,70099,0.9030470252037048,179,,,
0.7593693733215332,70149,1.0741641521453857,179,,,
1.030307412147522,70199,1.1467082500457764,179,,,
,70199,,179,0.8464743494987488,0.8946999907493591,0.8465144038200378
0.4939866065979004,70249,0.584161639213562,180,,,
1.0340383052825928,70299,0.9424209594726562,180,,,
1.6337826251983643,70349,2.098531723022461,180,,,
1.4636794328689575,70399,2.0096874237060547,180,,,
0.9793936014175415,70449,1.1383816003799438,180,,,
0.5497090220451355,70499,0.731454610824585,180,,,
1.1123688220977783,70549,1.1621103286743164,180,,,
,70589,,180,0.846915066242218,0.8920000195503235,0.8458934426307678
0.5435174703598022,70599,0.5433787703514099,181,,,
0.731226921081543,70649,0.7229417562484741,181,,,
2.311943292617798,70699,1.8600459098815918,181,,,
0.7190109491348267,70749,0.6160268783569336,181,,,
0.5412610769271851,70799,0.530909538269043,181,,,
0.48825740814208984,70849,0.5693482160568237,181,,,
nan,70899,nan,181,,,
0.331970751285553,70949,0.3480145335197449,181,,,
,70979,,181,0.8462740182876587,0.8924999833106995,0.8471354246139526
0.55830317735672,70999,0.5370491743087769,182,,,
0.45075249671936035,71049,0.48763030767440796,182,,,
0.3592413663864136,71099,0.337948203086853,182,,,
2.1931889057159424,71149,1.4628393650054932,182,,,
0.5549709796905518,71199,0.44263431429862976,182,,,
1.0301904678344727,71249,0.8552992939949036,182,,,
0.5612704753875732,71299,0.5809512138366699,182,,,
1.8025319576263428,71349,1.9555710554122925,182,,,
,71369,,182,0.8471955060958862,0.8902999758720398,0.8476161956787109
1.1549015045166016,71399,1.0013248920440674,183,,,
nan,71449,nan,183,,,
0.5640283823013306,71499,0.5168418288230896,183,,,
0.7348260283470154,71549,0.651789665222168,183,,,
0.6131730079650879,71599,0.6910352110862732,183,,,
0.6951112151145935,71649,0.7020553946495056,183,,,
0.4964748024940491,71699,0.4623740613460541,183,,,
0.7021879553794861,71749,0.6545050740242004,183,,,
,71759,,183,0.8476161956787109,0.8938000202178955,0.8490585088729858
0.8067368865013123,71799,0.8095413446426392,184,,,
2.4540865421295166,71849,2.430126667022705,184,,,
0.7201012969017029,71899,0.7553039789199829,184,,,
0.6749271154403687,71949,0.7141698598861694,184,,,
0.3907747268676758,71999,0.38663116097450256,184,,,
1.1500192880630493,72049,1.0969531536102295,184,,,
0.400796502828598,72099,0.37582868337631226,184,,,
2.1670281887054443,72149,1.4730138778686523,184,,,
,72149,,184,0.8479767441749573,0.8930000066757202,0.8481169939041138
0.570097804069519,72199,0.4468015432357788,185,,,
2.0915985107421875,72249,2.0468761920928955,185,,,
0.39696452021598816,72299,0.32066434621810913,185,,,
2.079056978225708,72349,2.426764488220215,185,,,
0.5400421023368835,72399,0.5374860167503357,185,,,
1.0915615558624268,72449,0.9092687368392944,185,,,
1.1383190155029297,72499,0.9750503301620483,185,,,
,72539,,185,0.8489382863044739,0.8938000202178955,0.849178671836853
0.30585965514183044,72549,0.30725735425949097,186,,,
1.462853193283081,72599,2.2317123413085938,186,,,
0.26713621616363525,72649,0.24428170919418335,186,,,
0.8070103526115417,72699,0.7817742824554443,186,,,
0.5356220006942749,72749,0.5203883647918701,186,,,
nan,72799,nan,186,,,
0.42082351446151733,72849,0.5668122172355652,186,,,
0.34598174691200256,72899,0.396936297416687,186,,,
,72929,,186,0.8480167984962463,0.8934999704360962,0.8490985631942749
nan,72949,nan,187,,,
nan,72999,nan,187,,,
0.6779758930206299,73049,0.6140120029449463,187,,,
nan,73099,nan,187,,,
0.6223297119140625,73149,0.6849123239517212,187,,,
0.526618242263794,73199,0.503637433052063,187,,,
nan,73249,nan,187,,,
0.7319995164871216,73299,0.7800729274749756,187,,,
,73319,,187,0.8490785360336304,0.8920999765396118,0.8505208492279053
nan,73349,nan,188,,,
0.5531445145606995,73399,0.49745652079582214,188,,,
1.2044315338134766,73449,1.2185752391815186,188,,,
0.738132119178772,73499,0.7624847888946533,188,,,
0.6356492042541504,73549,0.7374977469444275,188,,,
2.041114330291748,73599,2.079461097717285,188,,,
0.8435366153717041,73649,1.011825442314148,188,,,
nan,73699,nan,188,,,
,73709,,188,0.8493790030479431,0.8920000195503235,0.8497596383094788
0.6294444799423218,73749,0.7871725559234619,189,,,
1.6850543022155762,73799,2.1176939010620117,189,,,
0.639519214630127,73849,0.7511783838272095,189,,,
0.6057243347167969,73899,0.7019895911216736,189,,,
2.1833696365356445,73949,1.4675503969192505,189,,,
0.7063437700271606,73999,0.7831264734268188,189,,,
0.9352300763130188,74049,1.0909814834594727,189,,,
0.5258646607398987,74099,0.5335872173309326,189,,,
,74099,,189,0.8494591116905212,0.8938000202178955,0.8505208492279053
0.9967129826545715,74149,0.9731063842773438,190,,,
0.5470513701438904,74199,0.4369720220565796,190,,,
0.3576709032058716,74249,0.34358546137809753,190,,,
0.8500101566314697,74299,0.9740381836891174,190,,,
1.1607069969177246,74349,1.1748402118682861,190,,,
0.4335903525352478,74399,0.5211834907531738,190,,,
0.9725170731544495,74449,1.1164240837097168,190,,,
,74489,,190,0.849879801273346,0.8938999772071838,0.8505208492279053
0.8314303159713745,74499,1.1370017528533936,191,,,
0.6045491695404053,74549,0.6065032482147217,191,,,
2.0198211669921875,74599,1.567935585975647,191,,,
0.7758815288543701,74649,0.697884738445282,191,,,
0.750160813331604,74699,0.7339581847190857,191,,,
1.0637152194976807,74749,0.74944007396698,191,,,
0.4987887740135193,74799,0.5250077843666077,191,,,
1.9572103023529053,74849,1.502502202987671,191,,,
,74879,,191,0.8503605723381042,0.8927000164985657,0.8511017560958862
0.5829663872718811,74899,0.5200384259223938,192,,,
1.0034205913543701,74949,0.9100145101547241,192,,,
0.6902176737785339,74999,0.7044109106063843,192,,,
0.32317429780960083,75049,0.303488165140152,192,,,
0.7387616634368896,75099,0.8128833174705505,192,,,
2.407691478729248,75149,2.4158997535705566,192,,,
0.49673426151275635,75199,0.49927854537963867,192,,,
nan,75249,nan,192,,,
,75269,,192,0.8496994972229004,0.8942000269889832,0.8512820601463318
0.6365439891815186,75299,0.7523654699325562,193,,,
0.44922685623168945,75349,0.39319977164268494,193,,,
0.45659440755844116,75399,0.5098358988761902,193,,,
2.429567813873291,75449,2.4227843284606934,193,,,
0.4251940846443176,75499,0.432777464389801,193,,,
0.8693087100982666,75549,1.1710317134857178,193,,,
0.5232890844345093,75599,0.4860853850841522,193,,,
1.2186906337738037,75649,1.215531587600708,193,,,
,75659,,193,0.8506410121917725,0.8935999870300293,0.8518229126930237
1.2156578302383423,75699,1.220885157585144,194,,,
2.4564785957336426,75749,2.4378561973571777,194,,,
1.9951143264770508,75799,1.478216528892517,194,,,
0.8145474791526794,75849,0.8120477199554443,194,,,
0.7775611281394958,75899,0.7071823477745056,194,,,
2.345238208770752,75949,2.255366563796997,194,,,
2.417664051055908,75999,2.4207119941711426,194,,,
0.29937681555747986,76049,0.3322641849517822,194,,,
,76049,,194,0.8513221144676208,0.8938999772071838,0.8517027497291565
0.7616307735443115,76099,0.7122536897659302,195,,,
0.7302781939506531,76149,0.7797018885612488,195,,,
1.6271581649780273,76199,2.2525384426116943,195,,,
0.4364488124847412,76249,0.36249420046806335,195,,,
nan,76299,nan,195,,,
0.6527626514434814,76349,0.7234857082366943,195,,,
1.4782928228378296,76399,2.2601847648620605,195,,,
,76439,,195,0.850981593132019,0.8917999863624573,0.8518429398536682
0.7809927463531494,76449,0.7922949194908142,196,,,
2.4122610092163086,76499,2.4149587154388428,196,,,
0.9776887893676758,76549,1.1957579851150513,196,,,
1.944542407989502,76599,1.476637601852417,196,,,
1.1662167310714722,76649,1.0242031812667847,196,,,
0.0,76699,0.0,196,,,
2.0735831260681152,76749,1.692185401916504,196,,,
1.685886263847351,76799,2.0775742530822754,196,,,
,76829,,196,0.8511217832565308,0.892799973487854,0.8521033525466919
2.003845691680908,76849,1.946616768836975,197,,,
nan,76899,nan,197,,,
2.115708827972412,76949,1.5278288125991821,197,,,
0.9693621397018433,76999,0.9583539962768555,197,,,
0.7399903535842896,77049,0.7823959589004517,197,,,
0.6122915148735046,77099,0.5891587138175964,197,,,
1.208765983581543,77149,1.2278233766555786,197,,,
2.4502835273742676,77199,2.439892292022705,197,,,
,77219,,197,0.8516025543212891,0.8924999833106995,0.8516426086425781
0.5892977714538574,77249,0.6996216177940369,198,,,
nan,77299,nan,198,,,
1.0240801572799683,77349,1.1751768589019775,198,,,
0.48008695244789124,77399,0.49594396352767944,198,,,
0.5128626227378845,77449,0.4912451505661011,198,,,
1.8270320892333984,77499,2.3546195030212402,198,,,
0.0,77549,0.0,198,,,
2.433021306991577,77599,2.4315576553344727,198,,,
,77609,,198,0.8514222502708435,0.8916000127792358,0.8526442050933838
nan,77649,nan,199,,,
0.8640362024307251,77699,0.9563775062561035,199,,,
0.8088623881340027,77749,0.7309315204620361,199,,,
0.0,77799,0.0,199,,,
0.410109281539917,77849,0.32903486490249634,199,,,
1.9761626720428467,77899,1.6514774560928345,199,,,
2.4357922077178955,77949,2.451936721801758,199,,,
nan,77999,nan,199,,,
,77999,,199,0.8516826629638672,0.8917999863624573,0.8529247045516968
